fen,is_tactical
rnbqk1nr/p1pp1pp1/1p1b3p/4p3/4P3/PPP5/1B1PBPPP/RN1QK1NR b KQkq - 1 6,0
rnbqkb1r/ppppppp1/5n2/7p/4PP2/6P1/PPPP3P/RNBQKBNR b KQkq - 0 3,1
rnbqkbnr/2p1pppp/p3N3/1p6/2Pp2P1/8/PP1PPP1P/RNBQKBR1 b Qkq - 1 6,1
rnbqkbnr/1ppp1p2/8/p3p1pp/P2P4/R3P2N/1PP1KPPP/1NBQ1B1R b kq - 1 6,1
rnbqkbnr/2p1ppp1/pp5p/3p4/8/2N1PN2/PPPPBPPP/R1BQ1RK1 b kq - 1 5,0
r1bqkbn1/p1pppppr/n1N4p/1p6/5P2/7P/PPPPP1P1/RNBQKB1R b KQq - 3 5,1
rnbqk1nr/pppp3p/5pp1/2b1p3/1P3PP1/B6P/P1PPP3/RN1QKBNR b KQkq - 0 5,0
rnb1kbnr/pppp1ppp/4pq2/8/P7/5P1P/1PPPP1P1/RNBQKBNR b KQkq - 0 3,0
rnbqk2r/p1pp1p1p/3bpnp1/1p6/P2N2P1/2P5/1P1PPP1P/RNBQKB1R b KQkq - 0 6,1
r1bqkbnr/p1ppp1p1/1pn2p1p/8/4P3/2PP4/PP1K1PPP/RNBQ1BNR w kq - 0 5,0
r1bqkbnr/pp2pppp/2n5/2p5/3p2PN/P7/1PPPPP1P/RNBQKB1R w KQkq - 2 5,1
rnbqkbnr/1pppp1p1/5p2/pB5p/6Q1/4P3/PPPP1PPP/RNB1K1NR w KQkq - 0 4,0
r1bqkbnr/1pp1p1pp/8/p3np2/1Pp5/1Q1P3N/P3PPPP/RNB1KB1R w KQkq - 2 7,1
rnbq1bnr/ppp1kppp/8/3pp3/4P3/NP3P2/P1PP2PP/R1BQKBNR b KQ - 0 4,0
rnbk1bnr/1ppp1ppp/8/pB2p1q1/P3PP2/N1P5/1P1P2PP/R1BQK1NR b KQ - 4 6,0
r1bqkbnr/pppp1ppp/8/4p3/8/N2P2PN/P1PP1P1P/R1BQKB1R b KQkq - 0 5,1
r1bqkbnr/pp1ppp1p/n7/2p3p1/4P1P1/5N2/PPPP1P1P/RNBQKB1R w KQkq - 0 4,1
rnbqkbnr/ppp3pp/3p4/4pp2/8/P1N4N/1PPPPPPP/R1BQKB1R b KQkq - 1 5,0
rnbq1bnr/ppp1pkpp/5p2/3p4/P7/5P2/1PPPP1PP/RNBQKBNR w KQ - 1 5,0
1nbqkbnr/r1ppp1p1/7p/pp3p2/P2P3P/2P1P3/1P2QPP1/RNB1KBNR w KQk - 0 7,0
rnbqkbnr/ppp1ppp1/3p4/7p/4P3/7N/PPPPBPPP/RNBQK2R b KQkq - 1 3,0
r1bqk1nr/pppp1p1p/2n5/2b1p1p1/1P6/N5PP/P1PPPP2/R1BQKBNR w KQkq - 2 5,1
rnbqkb1r/ppp2ppp/4p2n/3p4/7P/1P5R/P1PPPPP1/RNBQKBN1 w Qkq - 0 4,1
rnbqk1nr/p1pp2pp/4pp2/Pp6/1P6/b2BP3/2PP1PPP/RNBQK1NR b KQkq - 0 5,0
rnbqkbnr/ppp1p1pp/8/3p1p2/1P1P4/6P1/P1P1PP1P/RNBQKBNR b KQkq - 0 3,0
r1b1kbnr/pppp1ppp/2n5/P3p1q1/1P4P1/7N/2PPPP1P/RNBQKB1R b KQkq - 0 5,1
rnbqk1nr/ppppbp1p/4p1p1/2P5/P7/8/1P1PPPPP/RNBQKBNR w KQkq - 0 4,0
rnbqkbnr/pppp3p/8/4ppp1/4P2P/6P1/PPPP1P2/RNBQKBNR w KQkq - 0 4,1
r1bqkbnr/ppp1pppp/n7/3p4/3P4/8/PPP1PPPP/RNBQKBNR b KQkq - 3 3,0
rnbqkb1r/1ppppppp/5n2/p7/8/N3PN2/PPPP1PPP/R1BQKB1R b KQkq - 1 3,0
rnbqkb1r/pppp1pp1/4pn1p/8/2P2P2/P7/1P1PP1PP/RNBQKBNR w KQkq - 0 4,0
1rbq1bnr/ppp1pppp/n3k3/3P4/5P2/7N/PP1PP1PP/RNBQKBR1 b Q - 0 6,1
r1bqkb1r/p1pp1p1p/1pn4n/6p1/4pPP1/3P3N/PPPKP2P/RNBQ1B1R w kq - 0 7,1
rnb1kb1r/p2p1ppp/5n2/1pp1p1q1/5PP1/N3K2B/PPPPP2P/R1BQ2NR w kq - 0 7,1
rnbqk2r/ppp2ppp/4pn2/2bp4/1P4P1/B4P2/P1PPP2P/RN1QKBNR w KQkq - 1 5,1
rnbqkbnr/ppp1pp2/3p3p/6p1/6PP/7B/PPPPPP2/RNBQK1NR w KQkq - 0 4,0
1nbqkb1r/rppp1ppp/8/p3pn2/4N1P1/P6N/1PPPPP1P/R1BQKB1R w KQk - 2 6,1
rnb1k1nr/ppppbppp/5q2/4p3/8/N5PP/PPPPPP2/1RBQKBNR w Kkq - 3 5,0
rnbqk2r/pp1ppp2/2p2n1b/1B4pp/3P3P/P3PN2/1PP2PP1/RNBQK2R w KQkq - 2 7,1
rnbqkb1r/3ppppp/8/ppp5/1P4PP/2P5/P2PPKP1/RNBQ1BNR b kq - 0 6,1
1nbqk1nr/rppp1ppp/8/p3p3/Pb3P2/7N/2PPPKPP/RNBQ1B1R w k - 0 7,1
r1bqkbnr/pppppp2/2n3p1/7p/4P1Q1/1B6/PPPP1PPP/RNB1K1NR b KQkq - 1 4,1
1nb1kbnr/rp1ppp1p/pq4p1/1p5P/8/7R/PBPPPPP1/RN1QKBN1 w Qk - 4 7,1
r1bqkbnr/1pp1ppp1/p1n5/3p3p/7P/P2P3N/1PP1PPP1/RNBQKB1R w KQkq - 0 5,0
rnbqkbnr/p1ppppp1/1p5p/8/2P5/5Q2/PP1PPPPP/RNB1KBNR b KQkq - 1 3,0
rnbqkb1r/pp3ppp/2ppp3/5nB1/6P1/1P1P3P/P1P1PP2/RN1QKBNR w KQkq - 0 6,1
rnbqkbnr/pppp1pp1/8/4p3/P5Pp/4P3/1PPP1P1P/RNBQKBNR w KQkq - 0 4,0
rnbqkbnr/ppp2ppp/8/3pp3/N7/P7/1PPPPPPP/R1BQKBNR b KQkq - 0 3,1
r1bqkbnr/2ppp1pp/2n5/pp3p2/P2P1B2/8/1PPNPPPP/R2QKBNR w KQkq - 0 6,1
rnbqkb1r/ppp1pp1p/7n/3p2pQ/8/4P3/PPPPBPPP/RNBK2NR w kq - 2 6,0
r1bqkb1r/ppp1pppp/7n/n7/P1Pp4/1P3N1P/3PPPP1/RNBQKB1R w KQkq - 0 6,0
r1bqkbnr/pppp2p1/2n2p2/4p2p/7P/NQP5/PP1PPPP1/R1B1KBNR w KQkq - 0 5,0
r1b1kbnr/pppp2pp/2n5/4ppq1/1P6/2N3PP/P1PPPP2/R1BQKBNR w KQkq - 1 5,1
r1bqkbnr/ppp1ppp1/2n4p/1B1p4/8/2N1P3/PPPP1PPP/R1BQK1NR w KQkq - 2 4,0
rnbqkbnr/pp1pp1pp/8/2p1P3/5p2/1P6/P1PP1PPP/RNBQKBNR w KQkq - 0 4,1
r1bqkbnr/1pppppp1/2n5/5P1p/p7/P2PP2N/1PP3PP/RNBQKB1R w KQk - 0 7,0
rnb1kbnr/pp1pppp1/1qp4p/8/8/2N2P1P/PPPPP1PR/R1BQKBN1 b Qkq - 1 4,1
rnbqk1nr/pppp1pbp/4p3/6P1/6PP/8/PPPPP3/RNBQKBNR b KQkq - 0 4,0
rnbqkbnr/p1p1ppp1/8/1p1p3p/Q7/P1P5/1P1PPPPP/RNBK1BNR b kq - 1 4,1
rnbqkb1r/pppp1ppp/4p2n/8/P3P3/6P1/1PPP1P1P/RNBQKBNR b KQkq - 0 3,0
rnb1kbnr/pp1p2pp/4pp2/q1p3N1/P5P1/8/RPPPPP1P/1NBQKB1R b Kkq - 3 5,1
1rbqkbn1/ppp1ppp1/n2p3r/7p/6P1/P2P1P1N/1PP1PK1P/RNBQ1B1R b - - 1 6,1
r1bqkb1r/pp1pB1pp/n6n/2p2p2/8/1P5P/P1PPPPP1/RN1QKBNR b KQkq - 0 5,1
rnbqkbn1/ppppp1pr/5p2/7p/8/2NP3P/PPP1PPP1/R1BQKBNR w KQq - 1 4,1
rnbqkbnr/2pppppp/p7/1p6/4P2P/5N2/PPPP1PP1/RNBQKB1R b KQkq - 0 3,0
rn1qkbnr/pbppp1pp/8/1p3p2/1P2P3/B1N4P/P1PP1PP1/R2QKBNR b KQkq - 1 5,0
rnb1kb1r/pp1p1ppp/1qp1pn2/8/PP1P3P/8/2P1PPP1/RNBQKBNR b KQkq - 0 5,1
r1bqkbnr/ppppp2p/2n2p2/6p1/5PP1/7B/PPPPP2P/RNBQK1NR w KQkq - 2 4,0
r1bq1bnr/ppppkp1p/n7/1B2p1p1/3P4/4P2N/PPPQ1PPP/RNB1K2R b KQ - 1 5,1
r1bqkbnr/ppp1p1p1/2n5/P2p1p1p/3P2P1/8/1PP1PP1P/RNBQKBNR w KQkq - 1 5,0
rnb1kbnr/1p1pqp1p/p3p3/2p5/7p/NP3N2/P1PPPPP1/R1BQKB1R w KQkq - 0 7,1
r1bqk1nr/p1pn1p1p/4p2b/1p1p2p1/6PP/3P1P2/PPP1P2B/RN1QKBNR w KQkq - 2 7,0
rnbqkb1r/ppp2ppp/5n2/3pp3/P2PP3/8/1PP2PPP/RNBQKBNR w KQkq - 0 4,0
rnbqkb1r/p1p1pppp/7n/1p1p4/P7/2P4P/1P1PPPP1/RNBQKBNR w KQkq - 0 4,1
rnbqkbnr/p1ppp2p/1p3p2/6p1/1P4P1/3P3N/P1P1PP1P/RNBQKB1R b KQkq - 1 4,1
1nbqkbnr/r1pppp1p/pp6/6p1/2P5/N4N1P/PP1PPPP1/R1BQKB1R b KQk - 0 5,0
rnbqkb1r/ppp2p1p/3pp1pn/8/5PP1/3P3P/PPP1P3/RNBQKBNR w KQkq - 0 5,0
rnbqkbnr/p1pppp1p/1p4p1/8/8/2NP2P1/PPP1PP1P/R1BQKBNR b KQkq - 0 3,0
r1bqkbnr/ppp1ppp1/n2p4/7p/8/1P2PP2/P1PPN1PP/RNBQKB1R b KQkq - 1 4,0
rnbqkbnr/2p1pppp/1p1p4/p7/8/2P1PP2/PP1P2PP/RNBQKBNR w KQkq - 0 4,0
1nbqkbnr/1ppp1ppp/1r6/p3p3/2P2P2/1P5P/P2PP1P1/RNBQKBNR w KQk - 0 5,1
rnbqkb1r/1ppppppp/p6n/8/7P/1QP5/PP1PPPP1/RNB1KBNR b KQkq - 1 3,0
rnb1kb1r/1pp1pppp/3q3n/p2p4/2P2P2/4P3/PP1PN1PP/RNBQKB1R b KQkq - 2 5,0
rnbqk1nr/p1pp1ppp/3b4/1p2p3/2P2PP1/8/PP1PP2P/RNBQKBNR w KQkq - 1 4,0
r1bqkb1r/pppppppp/n7/8/6nP/7R/PPPPPPP1/RNBQKBN1 w Qkq - 3 4,0
rnbqk1nr/1ppp1pp1/8/p1b1p2p/1P4P1/B1N4B/P1PPPP1P/R2Q1KNR b kq - 3 6,1
r1bqkb1r/2pppppp/n6n/pp6/2P5/3P2P1/PP1BPP1P/RN1QKBNR w KQkq - 0 5,1
rnbqkbnr/p1ppppp1/1p6/4B2p/2P4P/1P6/P1QPPPP1/RN2KBNR b KQkq - 1 6,0
rnbqk1nr/p1p1p2p/3p1p1b/1p4p1/Q4B2/2PP1N1P/PP2PPP1/RN2KB1R b KQkq - 1 6,1
rnbqkbnr/ppppp2p/5pp1/8/N7/7P/PPPPPPP1/R1BQKBNR b KQkq - 1 3,0
rn1qkbnr/ppp1pppp/3pb3/8/4P3/3P1P2/PPPK2PP/RNBQ1BNR b kq - 0 4,0
rnbqk2r/ppppppb1/7p/3P2p1/PP3Pn1/8/2PNP1PP/R1BQKBNR w KQkq - 0 7,0
rnbqkbnr/2pppppp/8/pp6/2P5/4P3/PP1PQPPP/RNB1KBNR b KQkq - 0 3,0
1nbqkbr1/rppppppp/1Q6/p7/4P3/2P3P1/PP1P1n1P/RNB1KBNR w KQ - 1 7,1
rnbqkb1r/ppppppp1/5n2/7p/1PP5/5N2/P2PPPPP/RNBQKB1R b KQkq - 1 3,0
r1bqkbnr/2ppppp1/2n4p/pp6/5P2/N2PP3/PPP3PP/R1BQKBNR w KQkq - 0 6,1
rnq1kbnr/p1p1pppp/b2p4/1p4N1/4P3/2N2P2/PPPP2PP/R1BQKB1R b KQkq - 0 5,0
r1bqkbnr/1pppp3/p5pp/5p1Q/1n2PP2/1P1PB3/P1P3PP/RN2KBNR w KQkq - 0 7,0
rn1qkbnr/pp2p1pp/8/1bpp1p2/4P3/PP6/2PPBPPP/RNBQK1NR w KQkq - 6 7,1
rn1qkbnr/ppp1pppp/4b3/3pP3/8/8/PPPPNPPP/RNBQKB1R b KQkq - 2 3,0
1nbqkbnr/rp1ppppp/p1p5/1P6/5PPP/2P5/P2PP3/RNBQKBNR b KQk - 0 6,1
r1bqkbnr/ppp1p1p1/n2p1p2/7p/3P2P1/2P2P2/PP2PK1P/RNBQ1BNR b kq - 0 5,1
rnbqkb1r/pppnpppp/8/3p4/5PP1/N7/PPPPP2P/R1BQKBNR w KQkq - 1 4,1
rnbq1bnr/1ppkpppp/p7/8/3p2P1/1P1P1P1P/P1P1P3/RNBQKBNR w KQ - 0 7,0
rnbqkbnr/1p1pp1pp/p1p5/8/5p2/BPP3P1/P2PPP1P/RN1QKBNR w KQkq - 0 5,1
rnb1kbnr/pppqp1p1/7p/3p1p2/5PP1/P7/1PPPP2P/RNBQKBNR w KQkq - 0 5,0
1rbqkbnr/pp1pppp1/n1p5/5P1p/PP1P4/8/2P1P1PP/RNBQKBNR b KQk - 0 5,1
rnbqk2r/pppp1ppp/4pn2/3B4/3b1PP1/8/PPPPP2P/RNBQK1NR b KQkq - 6 5,1
rnbqk1nr/1p1p1ppp/p1p1p3/2b5/3P4/PP6/2P1PPPP/RNBQKBNR b Kkq - 2 5,0
rnbqkbnr/2ppppp1/p3N2p/8/1p6/N7/PPPPPPPP/R1BQKB1R w KQkq - 0 5,1
r1bqkbnr/ppp2p2/2npp1p1/1B6/4P1p1/2N5/PPPP1PPP/R1B1K1NR w KQkq - 0 7,1
rnbqkbnr/pp1p4/2p1pp1p/6p1/P1P1P3/2N4N/1P1P1PPP/R1BQKB1R w KQkq - 0 6,1
rnbqkbnr/1p2ppp1/2pp4/p6p/P2P1P2/4P2P/1PP3P1/RNBQKBNR b KQkq - 0 5,0
1nbqkb1r/1pppp1pp/r7/p4p1P/7P/P7/1PPPPP1R/RNBQKBN1 w Qk - 1 6,1
rnbqkbnr/pppp1pp1/8/4p2p/PP6/7P/2PPPPP1/RNBQKBNR b KQkq - 0 3,1
r1b1kbnr/pppp2pp/n3p3/5pq1/4PP2/6P1/PPPP3P/RNBQKBNR w KQkq - 1 5,1
rnbqkb1r/pp1ppp1p/2p2np1/8/2P2PP1/4P2N/PP1P3P/RNBQKB1R w KQq - 1 6,0
1nbqkbnr/rpppp1pp/8/p7/1P4pP/5N2/P1PPPP2/RNBQKB1R w KQk - 1 5,1
rnbqkbnr/pppp2pp/5p2/8/4P3/2Pp1N2/PPQ2PPP/RNB1KB1R b KQkq - 0 5,1
rnbqkbnr/1ppp1ppp/4p3/p7/2P5/N2BP3/PP1P1PPP/R1BQK1NR b KQkq - 0 4,0
r1bqkbnr/p2pp1pp/n1p5/1pP2p2/4P1Q1/N7/PP1P1PPP/R1B1KBNR b KQkq - 0 5,1
r2qkbnr/pppbpppp/2n5/3p4/1P2PP2/8/P1PP2PP/RNBQKBNR w KQkq - 1 4,0
r1b1kbn1/ppqppp1r/2n5/6pp/5P2/P7/1PPQP1PP/RNB1KBNR w KQq - 0 7,1
rnbqkb1r/p1pp2pp/5p2/1p2p1n1/8/2N5/PPPPPPPP/1RBQKBNR w Kkq - 0 7,0
r1bqkb1r/pppppppp/n7/3n4/3P4/8/PPP1PPPP/RNBQKBNR w KQkq - 1 4,1
rnbqkb1r/1ppp2pp/p3pp1n/8/8/P1NPP3/1PPB1PPP/R2QKBNR b KQkq - 1 5,0
rn2kbnr/ppp1pppp/3qb3/3p4/6B1/6P1/PPPPPP1P/RNBQK1NR w KQkq - 4 4,0
rnb1kbnr/pp1ppp2/2p5/q5p1/2N2P1p/6P1/PPPPPK1P/1RBQ1BNR b kq - 1 6,1
1n1qkbnr/1bpppppp/rp6/pB6/1P2P3/7N/P1PP1PPP/RNBQK2R w KQk - 2 5,1
rnbqkb1r/pp1pnppp/2p1p3/8/P7/6PB/1PPPPP1P/RNBQK1NR w KQkq - 1 4,0
rnbqkbnr/pppp2pp/5p2/3Pp1B1/8/8/PPP1PPPP/RN1QKBNR b KQkq - 1 3,1
rnbqkbnr/p2ppppp/1p6/2p5/1P6/P4N2/2PPPPPP/RNBQKB1R b KQkq - 0 3,0
rnbqkbnr/p1pp1ppp/8/1p2p3/1P6/2P4N/P2PPPPP/RNBQKB1R w KQkq - 0 4,0
rnbqkbnr/1pppp2p/p5p1/5p2/6PP/5P2/PPPPP3/RNBQKBNR w KQkq - 0 4,0
r1bqkb1r/pppp1ppp/2n2n2/4p3/1PP5/3P4/P3PPPP/RNBQKBNR w KQkq - 1 4,0
1nbqkbnr/rpp1ppp1/p7/3p3p/5P2/5N1P/PPPPPKP1/RNBQ1B1R w k - 0 5,0
r1bqkbnr/pppp2pp/n7/5p2/8/1P5B/P1PPPP1P/RNBQK1NR w KQkq - 0 5,0
rnbqkbnr/ppp1pppp/8/3p4/3P3P/8/PPP1PPPR/RNBQKBN1 b Qkq - 1 3,1
r1bqkbnr/1pp1pppp/p2p4/n6Q/1P1P4/2K1P3/P1P2PPP/RNB2BNR w k - 0 7,1
1nbqkbnr/1pp1pppp/r2p4/p7/6P1/8/PPPPPP1P/RNBQKBNR w KQk - 0 4,0
rnbqkb1r/pp1pp1pp/8/2p2p2/1P1P2n1/5PK1/P1P1P1PP/RNBQ1BNR b kq - 2 5,1
rnbqkbnr/ppppp2p/5pp1/8/P7/2P5/1PQPPPPP/RNB1KBNR b KQkq - 1 3,0
r1bqkbnr/pppp1ppp/n3p3/8/6P1/2N4P/PPPPPP2/R1BQKBNR b KQkq - 0 3,0
r1bqkb1r/ppppppp1/5n2/2n4p/4Q3/3PP2P/PPP2PP1/RNB1KBNR b KQkq - 0 5,1
r1bqkbnr/ppppppp1/n6p/7Q/1P6/4P3/P1PP1PPP/RNB1KBNR b KQkq - 2 3,1
rn1qkbnr/pp2p1pp/3p1p2/2p5/6b1/1P1PP3/P1PB1PPP/RN1QKBNR w KQkq - 0 5,1
rn1qkb1r/p1p1pppp/1p2b3/3p1n2/4P3/6PN/PPPP1PRP/RNBQKB2 w Qkq - 1 6,1
rnbqkbnr/p3pppp/1p1p4/2p5/6P1/P4N2/1PPPPP1P/RNBQKB1R w KQkq - 0 4,0
r1bqkbnr/1ppp1p2/n3p1pp/p7/8/BP1P1N2/P1P1PPPP/RN1QKB1R b KQkq - 1 6,0
rnbqkbnr/p1p1pppp/3p4/1p6/4P1Q1/8/PPPP1PPP/RNB1KBNR b KQkq - 1 3,1
rnbqk2r/p1pp1p1p/1p1b2p1/4N3/P3n3/1P4P1/R1PPPP1P/1NBQKB1R w Kkq - 1 7,1
1nbqkbnr/rppp1pp1/4p3/p3N2p/8/2NP1P2/PPP1P1PP/R1BQKB1R b KQk - 0 5,0
rnbqkbnr/pp2pppp/2p5/3p1P2/1P6/8/P1PPP1PP/RNBQKBNR b KQkq - 0 3,1
rnbqkbnr/p1ppppp1/7p/1pP5/8/8/PPQPPPPP/RNB1KBNR b KQkq - 1 3,0
rnbqkbnr/p1pppppp/8/1p6/3P4/7N/PPPKPPPP/RNBQ1B1R w kq - 2 4,0
rnbqkbnr/pp1pp2p/5p2/2p3p1/2P5/1P3PPB/P2PP2P/RNBQK1NR b KQkq - 1 5,0
rnbqkbnr/1p1p2pp/2p1pp2/p7/2NP4/5P2/PPP1P1PP/R1BQKBNR w KQkq - 0 5,0
rnbqkbnr/p3pppp/1pp5/8/2Np1P2/6PP/PPPPP3/R1BQKBNR b KQkq - 0 5,1
rnbqkbnr/p1pppp1p/1p4p1/8/8/3P3P/PPPNPPP1/R1BQKBNR b KQkq - 0 3,0
r1bqkbnr/p1p2ppp/n2pp3/1p6/5P2/7P/PPPPP1P1/RNBQKBNR b KQkq - 1 5,0
rnbqkbn1/pppppppr/7p/8/6P1/P1P5/1P1PPP1P/RNBQKBNR b KQq - 0 3,0
r1bqkbnr/ppppp1pp/2n5/5pB1/3P4/5P2/PPPKP1PP/RN1Q1BNR w kq - 3 5,0
rnbqkbnr/p2ppppp/2p5/1p6/P7/2N2N2/1PPPPPPP/R1BQKB1R b KQkq - 0 3,0
r1bq1bn1/pppppkpr/5p1p/P7/1n1P4/7N/RPPBPPPP/1N1QKB1R w K - 3 7,1
rnbqkbnr/ppppp3/5ppp/8/8/2N2N1P/PPPPPPP1/R1BQKB1R w KQkq - 0 4,1
rnbqkb1r/pppp1ppp/4p2n/8/1P3P2/P7/2PPP1PP/RNBQKBNR b KQkq - 0 3,0
r1bqk1nr/pppp1ppp/n3p3/6P1/8/4bP1P/PPPPP3/RNBQKBNR w KQkq - 1 5,1
rnbqkb2/1pppppp1/p4nr1/6Np/1P6/B1P5/P2PPPPP/RN1QKB1R w KQq - 0 6,0
rnbqkbnr/p1pppp1p/6p1/1p6/8/2N3PB/PPPPPP1P/R1BQK1NR b KQkq - 1 3,0
rnbq1bnr/pppppk2/5p2/2P3pp/4P3/7N/PP1P1PPP/RNBQKB1R w KQ - 2 5,1
rnbqkbnr/ppppp3/5pp1/7p/4P1Q1/2N5/PPPP1PPP/R1B1KBNR b KQkq - 1 4,1
rnbqkb1r/pp1ppp1p/6pn/2p5/6P1/3N4/PPPPPP1P/RNBQKB1R b KQkq - 1 4,1
rn1qkbnr/pbp1pp1p/1p1p2p1/8/2PP4/P5P1/1P1NPP1P/R1BQKBNR b KQkq - 1 5,1
rn1qkbnr/pbpp1ppp/1p2p3/8/3P4/P4N2/1PP1PPPP/RNBQKB1R w KQkq - 0 4,0
rn1qkb1r/pp2pp1p/2pp2pn/5b2/1QPP1PP1/8/PP2P2P/RNB1KBNR b KQkq - 0 6,1
r1bqkbr1/pppnpppp/3p1n2/1B6/4P3/N4P2/PPPP2PP/R1BQK1NR w KQq - 2 5,0
rnb1kbnr/p1ppq1pp/8/Qp2pp2/4P3/8/PPPP1PPP/RNB1KBNR w KQkq - 2 5,0
rnbqkbnr/p1p1pppp/3p4/1p6/4P3/2N4P/PPPP1PP1/R1BQKBNR b KQkq - 0 3,0
rn1qkbnr/p1p1pppp/3p4/1p6/P7/2P2PP1/RP1PP1bP/1NBQKBNR w K - 0 7,1
1rbqkbnr/pp1p1ppp/2p5/2n1p3/8/PP2P2N/2PP1PPP/RNBQKBR1 w Qk - 0 6,0
rn1qkbnr/pp2ppp1/2pp3p/8/6bP/5P2/PPPPP1P1/RNBQKBNR w KQkq - 2 5,1
rnbqkb1r/p2p2pp/1pp1p2n/5p2/5P2/P2P3N/RPP1P1PP/1NBQKB1R w Kkq - 2 6,0
rnbqkbnr/1ppp1ppp/8/p3p3/2PP4/5P2/PP2P1PP/RNBQKBNR b KQkq - 0 3,1
r1bqkbnr/p1ppppp1/1p6/6Pp/5P2/3n4/PPPQP2P/RNBK1BNR b kq - 1 6,1
rnbqkbnr/pppppp1p/8/8/P5p1/2P4N/1P1PPPPP/RNBQKB1R b KQkq - 1 3,1
rnbqkbnr/1pp3pp/p2p4/4ppN1/8/6P1/PPPPPPBP/RNBQK2R w KQkq - 0 5,0
r1bq1bnr/pppppkpp/2n5/5p2/8/NQP1P3/PP1P1PPP/R1B1KBNR b KQ - 2 4,1
rnbqkb1r/1pppp2p/4pn2/p5N1/8/P7/1PPP1PPP/RNBQKB1R w KQq - 1 7,1
rnb1kbnr/pp1ppppp/1Q6/2p1q3/8/2P5/PP1PPPPP/RNB1KBNR w KQkq - 4 4,0
r1bqk1nr/ppppppbp/B7/6pQ/5P2/4P3/PPPP2PP/RNB1K1NR b KQkq - 0 4,1
r1bqkbnr/p1p1p1pp/1p3p2/3p4/1n2P1P1/N4N2/P1PPQP1P/R1B1KB1R b KQkq - 1 6,1
rnbqkb1r/1ppppppp/p6n/1P6/8/5P2/P1PPP1PP/RNBQKBNR b KQkq - 0 3,1
1nbqkb1r/rpp1pppp/7n/p2p4/4P2P/N4P2/PPPP2P1/1RBQKBNR b Kk - 0 5,0
r1bqkbnr/pp1pp2p/2p2p2/6p1/1n1N2PP/P7/1PPPPP2/RNBQKB1R w KQkq - 0 7,1
rnbqkb1r/ppp1ppp1/3p1n1p/8/4P3/1P1P1N2/P1P2PPP/RNBQKB1R b KQkq - 1 4,0
rn1qkbnr/p1pp1ppp/4p3/1p6/4b3/2P2P1N/PP1PP1PP/RNBQKB1R b KQkq - 2 5,0
rnb1kbnr/ppqpppp1/2p4p/8/8/2P2P1N/PP1PP1PP/RNBQKB1R w KQkq - 1 4,0
r1bqkbnr/p1ppp3/n7/1p3ppp/5P2/2N3PN/PPPPPK1P/R1BQ1B1R w kq - 0 6,1
1nbqkbnr/r1ppp1pp/p7/2P2p2/1p5P/3P3R/PP1NPPP1/R1BQKBN1 b Qk - 2 6,0
rn1qkbnr/p1ppp1p1/2b4p/1p3p2/2P5/NP2P2N/P2P1PPP/R1BQKB1R w KQkq - 2 6,0
rnbqkbnr/ppppp1pp/8/5p2/3P2P1/5N2/PPP1PP1P/RNBQKB1R w KQkq - 0 4,1
rnb1kbnr/pp1pqp1p/8/2p1p1p1/N6P/2PP2P1/PP2PP2/R1BQKBNR b KQkq - 0 6,0
1rbqkbnr/p1pp1p1p/1pn1p1p1/8/4PP2/7P/PPPPN1P1/RNBQKB1R w KQk - 0 6,0
r1bqkb1r/ppppnppp/8/P3p3/1n2P1Q1/7P/1PPP1PPR/RNB1KBN1 b Qkq - 4 6,1
rnbqkbnr/2pp1ppp/p7/4p3/1pP5/3P3P/PP1KPPP1/RNBQ1BNR w kq - 0 5,0
r1b1kbnr/1p1npppp/p7/qQpp4/3N4/4P3/PPPP1PPP/R1B1KBNR b KQkq - 3 6,1
rnbqkbnr/ppp1p1pp/3p1p2/8/P7/2NP4/1PP1PPPP/R1BQKBNR b KQkq - 0 3,0
rn1qkbnr/p1p1pp1p/bp4p1/3p4/3P4/N4N2/PPP1PPPP/1RBQKB1R b Kkq - 0 5,0
rnbqkbnr/ppppp1p1/5p2/7p/1P6/B5P1/P1PPPP1P/RN1QKBNR b KQkq - 0 3,0
rnbqkbnr/2ppppp1/1p5p/p5B1/8/3P4/PPP1PPPP/RN1QKBNR w KQkq - 0 4,0
rnbqkbnr/p1p1pppp/3p4/1p6/8/1P1P4/P1PQPPPP/RNB1KBNR b KQkq - 1 3,0
rnbqkbn1/p1ppppp1/1p5r/8/P1N5/1PP4p/3PPPPP/R1BQKBNR w KQq - 0 6,1
rnbqkb1r/1pppp3/p4p1n/6pp/7P/BPN2NP1/P1PPPP2/R2QKB1R b KQkq - 3 6,0
rnbqkb1r/pppppppp/8/8/3P4/N1P1n3/PP1BPPPP/R2QKBNR b KQkq - 2 4,1
rnbqk1nr/ppppbp1p/4p3/6p1/2P5/5N1P/PP1PPPP1/RNBQKB1R w KQkq - 1 4,1
r1bqkbnr/pppnp1pp/3p2R1/5p2/P7/8/1PPPPPPP/1NBQKBNR b Kkq - 1 4,1
rnbqkb1r/1ppppppp/p6n/8/8/4P3/PPPP1PPP/RNBQKBNR b KQkq - 0 3,0
rnbqkbnr/pp3ppp/8/2ppp3/4PP2/7N/PPPP2PP/RNBQKB1R w KQkq - 0 4,0
rnbq1b1r/pp1pkpp1/4pn2/2p2P1p/1P6/6KN/P1PPP1PP/RNBQ1B1R b - - 3 6,1
r1bqkbnr/ppp1pp1p/3p4/6p1/1n2PP2/8/PPPP2PP/RNBQKBNR w KQkq - 0 5,1
rnbqkbnr/pp1pp1p1/8/2p2p1p/P7/1P1P4/2P1PPPP/RNBQKBNR w KQkq - 0 4,0
rnb1kbnr/ppp2ppp/5q2/3pp3/P7/5PPB/1PPPPK1P/RNBQ2NR w kq - 1 6,1
rnbqkbnr/1pp2ppp/p7/4p3/4p1P1/4PP2/PPPP3P/RNBQK1NR b KQkq - 0 5,1
rnbqkbnr/3ppppp/ppp5/2P5/8/P7/1PQPPPPP/RNB1KBNR b KQkq - 1 4,0
r1bqkbnr/1ppp1p1p/n3p1p1/8/1pP2B2/3P3P/P3PPPR/RN1QKBN1 b Qkq - 1 6,1
rn1qkbnr/ppp1p1pp/3p1p2/8/8/N5Pb/PPPPPP2/R1BQKBNR w KQkq - 0 4,1
rnbqkbnr/1ppppp2/p7/6pp/4P1Q1/6P1/PPPP1P1P/RNB1KBNR w KQkq - 0 4,0
rnbqkbnr/pp1p2pp/2p2p2/4p3/8/N4N1P/PPPPPPP1/R1BQKBR1 b Qkq - 1 4,1
rnbqk1nr/pp1pp2p/5p1b/6p1/2p1P3/7P/PPPPKPP1/RNBQ1BNR b kq - 1 6,0
r2qkbnr/pppnpppp/4b3/8/Q1Pp1PP1/8/PP1PP1BP/RNB1K1NR b KQkq - 3 5,1
r1bqkb1r/pppppp1p/n5pn/8/5PP1/7B/PPPPPK1P/RNBQ2NR b kq - 1 4,1
rnb1kbnr/pp1pp1pp/2p1Bp2/1q6/8/P3P2P/1PPP1PP1/RNBQK1NR b KQkq - 4 5,1
r1bqk1nr/pppp1ppp/n3p3/8/2P3P1/4PP2/PP1P3b/RNBQKBNR w KQkq - 1 5,1
rn1qkb1r/pbppppp1/7n/1p6/2P3Pp/3PKP2/PP2P2P/RNBQ1BNR w kq - 0 7,1
rnbqk1nr/1pppppb1/8/p5pp/2PP4/4P3/PPQK1PPP/RNB2BNR b kq - 0 5,0
r2qkbnr/p1pppppp/b7/1p3n2/1P6/2N5/P1P1PPPP/R1BQKBNR w KQkq - 4 6,0
r1b1kbnr/1p1ppppp/npp5/4q3/5P2/P6P/2PPP1P1/RNBQKBNR w KQkq - 1 7,1
rnbqkb1r/1p1ppp1p/p1p2n2/6p1/P3P3/2P5/1P1PNPPP/RNBQKB1R w KQkq - 0 5,1
r1bqkbnr/p2ppp2/npp3pp/8/1P3P2/2PP4/P2QP1PP/RNB1KBNR b KQkq - 0 6,0
rnb1kb1r/ppqpppp1/5n1p/2p5/2PPP3/P5P1/1P3P1P/RNBQKBNR b KQkq - 0 5,1
r1bqkb1r/p1pnp1pp/Qp5n/3p1p2/3P2P1/P4N2/1PP1PP1P/RNB1KB1R b KQkq - 1 6,1
rnbqkb1r/p1pp1pp1/4p2p/1p1B4/6Q1/P2PP3/1PP2nPP/RNB1K1NR w KQkq - 0 7,0
r1bqkbr1/1pp1pppp/n2p3n/p3N3/7P/1PNP4/P1P1PPP1/R1BQKB1R b KQq - 0 6,1
rnbqkb1r/ppppp1pp/5p1B/8/4P1n1/3P1P2/PPP3PP/RN1QKBNR b KQkq - 2 4,1
rnbqk2r/p1pppp2/5npb/7p/1p6/1P2PP2/PBPPB1PP/RN1QK1NR w KQkq - 2 7,0
rnbqkbnr/pp2pp2/3p2pp/2p5/P6P/2P5/RP1PPPP1/1NBQKBNR b Kkq - 1 5,1
r1bq1b1r/pppkpppp/2np1n2/8/4Q1P1/2P5/PP1PPP1P/RNB1KBNR w KQ - 1 5,0
rnb1kbnr/p1q1ppp1/1p6/2pp2Pp/3P4/BP6/P1P1PP1P/RN1QKBNR w KQkq - 0 7,0
r1bqkb1r/pp1ppp2/n4np1/2p4p/P1P5/R3P2P/1P1P1PP1/1NBQKBNR w Kkq - 0 6,0
rnbqkbnr/1ppp3p/p7/3Npp2/5P2/8/PPPPP2P/R1BQKBNR w KQkq - 0 6,0
rn1qkbnr/2pbppp1/1p1p4/p6Q/2N1P3/1PP5/P2P1PPP/R1B1KBNR b KQkq - 0 6,1
1rbqkb1r/p1pp1ppp/1pn1p3/8/3PP1n1/1P4PN/P1P2P1P/RNBQKBR1 w Qk - 0 7,1
rnbqkbnr/p2pppp1/1pp5/7p/1P2P3/8/P1PPKPPP/RNBQ1BNR w kq - 0 4,0
rnbqkbnr/p1ppp1pp/1p3p2/8/3P4/N1P5/PP2PPPP/R1BQKBNR b KQkq - 0 3,0
rnbqkb1r/pp2pp1p/5n2/2pp2p1/1P1P3N/6P1/P1P1PP1P/RNBQKB1R b KQkq - 1 5,1
rnbqkb1r/p1p1pppp/1p5B/3p4/3P4/P1N2P1n/1PP1P1PP/R2QKB1R w KQkq - 0 7,1
rnq1kbnr/pp2pp1p/6pB/2pp1b2/8/2NP3P/PPP1PPPR/1R1QKBN1 b kq - 5 6,1
rnbqk1nr/1ppp1pp1/p7/4P2p/1b6/5N2/PPPKPPPP/RNBQ1B1R w kq - 1 5,1
rnbqkb1r/ppppp1pp/7n/5p2/3P4/NP6/P1P1PPPP/R1BQKBNR b KQkq - 0 3,0
rnbqkbnr/2pppp1p/1p6/6p1/pPP1P3/P7/3P1PPP/RNBQKBNR w KQkq - 0 5,1
rn1qkb1r/p1pbp2p/3p2pn/1p3p2/2P4P/N4P2/PP1PP1PR/R1BQKBN1 w Qkq - 1 7,0
r2qkbnr/p1pbppp1/n7/1p1p3p/Q1P3P1/N7/PP1PPP1P/R1B1KBNR b KQkq - 2 6,1
rnbqkbnr/p2pppB1/6p1/1pp5/P2P4/6P1/1PP1PP1P/RN1QKBNR b KQkq - 1 5,1
r1bqkbnr/p1pppp1p/8/1p2nPp1/P1P5/3P4/1P2P1PP/RNBQKBNR b KQkq - 0 5,0
r1bqk1nr/1ppp1pp1/p1n5/2b1p2p/PP6/8/1BPPPPPP/RN1QKBNR w KQkq - 0 6,1
rn1qkbnr/1bpppppp/pp6/8/1P6/8/PBPPPPPP/RN1QKBNR w KQkq - 0 4,0
rnbqkbnr/1ppp1pp1/p3p2p/2P5/PP6/8/3PPPPP/RNBQKBNR b KQkq - 0 4,1
rnb1k1nr/pp1p1ppp/3b4/2p1p3/1P3P1q/6P1/P1PPPK1P/RNBQ1BNR w kq - 2 5,1
rnb1k1nr/pppp1ppp/8/1Q2p1q1/4P3/b5PP/PPPPNP2/RNB1KB1R w KQkq - 4 7,1
rnbqkbn1/ppppp3/5p1r/6pp/1P6/N1PP2P1/P1Q1PP1P/R1B1KBNR w KQq - 0 7,1
r1b1kbnr/pp1p1ppp/1q6/2p1p3/1nP5/N3P2N/PP1P1PPP/R1BQKB1R w KQkq - 3 6,0
rnbqkb1r/pp1ppppp/2p5/8/2P3n1/7P/PP1PPP2/RNBQKBNR w KQkq - 0 4,1
rn1q1bnr/p1p1k1pp/bp1ppp2/8/2PP4/6P1/PP1NPP1P/RNBQKB1R w KQ - 1 7,1
rnbqkbnr/2p3pp/3p1p2/pp2p3/1P1P1P2/3BP2N/P1P3PP/RNBQK2R w KQkq - 0 7,1
rnq1kbnr/pbpp1pp1/1p6/4p1Np/5P1P/4P3/PPPP2P1/RNBQKB1R b KQkq - 3 6,0
1rbqkbnr/pppp2pp/n4p2/1Q2p3/6P1/1P2P3/P1PP1P1P/RNB1KBNR b KQk - 3 5,1
rnbqkbnr/p1ppp1p1/1p3p1p/8/6PP/8/PPPPPP1R/RNBQKBN1 w Qkq - 0 4,0
rnb1kb1r/ppqpp1pp/2p4n/5p2/2P1P3/PP5P/3P1PP1/RNBQKBNR b KQkq - 0 5,0
rnbqkbnr/1ppp1ppp/4p3/p7/1PP5/8/P2PPPPP/RNBQKBNR b KQkq - 1 4,1
rn1qkbnr/1ppbppp1/3p3p/p5N1/2P2P2/N7/PP1PP1PP/1RBQKB1R w Kkq - 2 7,0
rnbqkbnr/2p1pp2/p5pp/1p1p4/4P1P1/N2PB3/PPP2P1P/R2QKBNR w KQkq - 0 6,0
2bqkbnr/rpp1pppp/3p4/p3n3/1P1N3P/2N2P2/P1PPP1P1/R1BQKB1R b KQk - 0 6,1
r1bqkbnr/ppp1pppp/2np4/8/3P4/4PP2/PPP3PP/RNBQKBNR b KQkq - 0 3,0
r1bqkb1r/p1pp1ppp/n3pn2/1p4P1/2P1P3/1P3Q2/P2P1P1P/RNB1KBNR b KQkq - 1 6,0
rnbqkb1r/ppp1ppp1/5n2/7p/3N4/8/PPPPPPPP/RNBQKB1R w KQkq - 0 5,1
rn1qkbnr/1pp1pppp/3p4/p7/2P2Pb1/3PB3/PP2P1PP/RN1QKBNR b KQkq - 0 4,0
rnbqkb1r/pppppppp/7n/7P/8/5P2/PPPPP1PR/RNBQKBN1 b Qkq - 0 4,1
rnbqkbnr/3ppppp/8/1p6/pp2PP2/N6N/P1PP2PP/R1BQKB1R w KQkq - 0 6,0
r1bq1bnr/pp1pp1p1/n1p2pk1/7p/2B5/P3PN2/1PPP1PPP/RNBQK2R w KQ - 0 7,1
r1bqkbnr/p1pppppp/n7/1p6/5P2/P7/1PPPP1PP/RNBQKBNR b KQkq - 0 3,0
rnb1kbnr/pp1pppp1/1qp5/6P1/1P5p/N7/P1PPPPBP/R1BQK1NR w KQkq - 0 6,0
rnbqkb1r/1p1pp2p/5pp1/p1p4n/2P3P1/1QN2P1N/PP1PP2P/R1B1KB1R w KQkq - 0 7,1
rnq1kb1r/ppp1p1pp/3pb2n/5p2/P2P4/R1P5/1P2PPPP/1NBQKBNR b Kkq - 0 6,0
r2qkb1r/ppp1p1pp/n2p1p1n/8/5PbP/2N2N1R/PPPPP1P1/R1BQKB2 b Qkq - 2 6,1
r1bqkbnr/pppppppp/n7/8/5P2/2PP4/PP1QP1PP/RNB1KBNR b KQkq - 2 4,0
1rbqkbnr/pppp1pp1/n3p2p/8/8/N2P2PN/PPP1PP1P/R1BQKB1R w KQk - 2 5,0
rnbqkb1r/p1ppp1pp/1p5B/5p2/2P5/N2P4/PP2PPPP/R2QKBNR b KQkq - 1 4,1
rnb1kbnr/1p1pqppp/p7/2p1p3/5P2/1PP4P/P2PP1P1/RNBQKBNR w KQkq - 0 5,1
r1bqkbnr/p1pppppp/2n5/1p6/8/N1P2N2/PP1PPPPP/R1BQKB1R b KQkq - 2 3,0
rnbqkbnr/p1p1pppp/3p4/1p6/8/3PP3/PPP1QPPP/RNB1KBNR b KQkq - 1 3,0
rnbqkbnr/ppp3pp/8/3pPpN1/8/8/PPP1PPPP/RNBQKB1R b KQkq - 0 4,0
r1bqkbnr/p1ppp1pp/np6/5p2/3P1P2/1PN5/P1P1P1PP/R1BQKBNR b KQkq - 0 4,0
r1bqkbnr/pppppppp/8/8/1n2N3/P7/1PPPPPPP/R1BQKBNR b KQkq - 4 3,0
rnbqkbnr/p1ppp1p1/7p/1p3p2/1P6/B4N2/P1PPPPPP/RN1QKB1R w KQkq - 0 4,1
rn1qkbnr/p1p1pppp/1p1p4/5b2/5P1P/2N5/PPPPP1P1/R1BQKBNR w KQkq - 0 4,1
rnbqkb1r/pp1ppp1p/5n2/2p3p1/2P5/5PP1/PP1PP2P/RNBQKBNR w KQkq - 1 4,0
rnbqk1nr/ppppp2p/7b/4Bpp1/2P5/1P6/P2PPPPP/RN1QKBNR b KQkq - 1 4,1
rnbqkbnr/1pp1pp1p/p2p4/6p1/3PP3/6P1/PPP2P1P/RNBQKBNR w KQkq - 0 4,1
rnbqkb1r/2pppp1p/5n2/pp4p1/1P4PP/8/P1PPPPB1/RNBQK1NR w KQkq - 0 6,1
rn1qkbnr/p2ppppp/bp6/2p5/4P3/2N2Q2/PPPP1PPP/R1B1KBNR b KQkq - 1 4,0
rnbqkbBr/p1ppp1p1/1p3p1p/8/3P4/4P3/PPP1NPPP/RNBQK2R w KQkq - 3 6,1
rnbqkbnr/p2pppp1/2p5/1p6/P5Pp/N7/1PPPPP1P/R1BQKBNR b KQkq - 1 5,0
rnbqkbnr/1p1p1pp1/p1p4p/4p3/1P2P3/P1P2N2/3P1PPP/RNBQKB1R b KQkq - 0 5,0
r1bqkb1r/ppp1pppp/n2p1n2/8/2PP4/8/PP2PPPP/RNBQKBNR b KQkq - 1 4,0
rnbqkbnr/1ppppp1p/8/p5p1/2P3P1/5N2/PP1PPP1P/RNBQKB1R b KQkq - 1 3,0
rnbqkb1r/1p1ppppp/p1p4n/8/1P5P/2N2N2/P1PPPPP1/R1BQKB1R b KQkq - 1 4,0
1rbqkbnr/ppp1p1p1/n2p4/5p1p/P1P4P/8/1P1PPPP1/RNBQKBNR w KQk - 0 6,0
r1bqkb1r/1ppppppp/p1n4n/2P5/8/P3P2P/1P1PNPP1/RNBQKB1R b KQq - 2 6,0
rnbqkbnr/pp1pppp1/7p/2p5/1P6/N6N/P1PPPPPP/R1BQKB1R b KQkq - 1 3,1
rnbqkb1r/pppppp1p/6pn/8/8/7P/PPPPPPP1/RNBQKBNR b KQkq - 1 3,0
rnbqkb1r/pppppp1p/5n2/6p1/7P/4P2N/PPPP1PP1/RNBQKB1R b KQkq - 1 3,0
r1b1k2r/ppqpppbp/2nP1np1/2p2Q2/8/6P1/PPP1PP1P/RNB1KBNR w KQkq - 2 7,0
rnbqkbnr/p1p1p1pp/8/1p1p1p2/N7/5PPN/PPPPP2P/R1BQKB1R b KQkq - 0 5,1
rnbqkb2/1ppppppr/4Nn2/p6p/2PP4/P7/1P2PPPP/RNBQKB1R w KQq - 1 7,1
rnbq1bnr/p1pkpppp/3p4/8/1pP2P2/1P1P3P/P3P1P1/RNBQKBNR b KQ - 0 5,0
r1bqkb1r/ppp1pp1n/2np3p/6N1/8/NPP5/P2PPPPP/1RBQKB1R w Kkq - 3 7,1
rnq1kbnr/p1pppp1p/b7/1p2P1p1/8/P3K3/1PPP1PPP/RNBQ1BNR b kq - 4 5,1
rnbqkbnr/p2p1Npp/8/1pp5/PP6/8/2PPPPPP/RNBQKBR1 w Q - 0 7,1
r1bqkbnr/2p1p1pp/1p1p4/p4p2/Pn3P2/2N5/1PPPPKPP/1RB1QBNR w kq - 0 7,1
rnbqkbnr/ppp2ppp/3pp3/8/5P2/2PP4/PP2P1PP/RNBQKBNR b KQkq - 0 3,0
rnbqkbnr/p2pp1p1/2p5/1p3p1p/2P2PP1/7B/PP1PP2P/RNBQK1NR w KQkq - 0 6,1
r1bqkbnr/pp1p1ppp/n3p3/2p5/7P/1P3NP1/P1PPPP2/RNBQKB1R b KQkq - 0 4,0
rnbqkbnr/1p1pp2p/p1p2pp1/8/6P1/3P1P2/PPP1P2P/RNBQKBNR w KQkq - 0 5,0
rnbqkbnr/pp2p1pp/8/2pp1p2/4P3/1P3N2/P1PP1PPP/RNBQKB1R w KQkq - 0 4,1
r1bqkbnr/p1ppppp1/7p/1pn3N1/P2P4/8/1PPQPPPP/RNB1KB1R b KQkq - 1 5,0
rnbq1b1r/pppp1kpp/5p1n/4p3/1P6/B4PPP/P1PPP3/RN1QKBNR b KQ - 0 5,1
rnbqkbnr/3ppp2/1pp3p1/p6p/3P4/2P1P1P1/PP3P1P/RNBQKBNR b KQkq - 0 6,0
r1bqkbnr/1ppppppp/n7/p7/2P3P1/8/PPQPPP1P/RNB1KBNR b KQkq - 0 3,1
r1bqkbnr/p1ppp1p1/1pn4p/5p2/Q1P2P2/6PB/PP1PP2P/RNB1K1NR b KQkq - 1 5,0
rnbqkbr1/pppppppp/7n/8/8/5NPP/PPPPPP2/RNBQKB1R b KQq - 0 3,1
rnbqkb1r/1pppp1pp/p4n2/5p2/8/1PN4N/P1PPPPPP/R1BQKBR1 b Qkq - 3 4,1
rnb1k1nr/ppppqppp/3bp3/P7/1P3P2/8/2PPP1PP/RNBQKBNR b KQkq - 0 5,1
rnbqk1nr/1p1pb1pp/p3p3/2p2p2/1P4P1/2P5/P2PPP1P/RNBQKBNR w KQkq - 0 6,0
rnbqkb1r/ppp1p1pp/3p1p1n/8/5P2/2P4N/PP1PP1PP/RNBQKB1R b KQkq - 1 4,0
rnbqkb1r/p1pppppp/1p3n2/8/P1P5/2N5/1P1PPPPP/R1BQKBNR b KQkq - 2 3,0
r1bqkbnr/pp1pp1pp/n7/2p2p2/P7/1P3PPN/2PPP2P/RNBQKB1R b KQkq - 1 5,0
rnbqkbnr/p2pppp1/2p4p/1p6/4P3/2P4P/PP1P1PP1/RNBQKBNR w KQkq - 0 4,1
rnbqkbn1/pp1ppppr/7p/P1p5/7P/7N/1PPPPPP1/RNBQKB1R b KQq - 2 4,0
rnbqkbnr/pp1pppp1/2p5/P6p/8/2N5/1PPPPPPP/R1BQKBNR b KQkq - 0 3,0
1rbqkbnr/pp1ppppp/n7/2p5/1P6/N2P4/P1PKPPPP/1RBQ1BNR w k - 0 6,0
rnbqk1nr/1ppp1pb1/p3p1p1/7p/3PP1P1/2N4B/PPP2P1P/R1BQK1NR w KQkq - 0 6,0
r1bqkbnr/pppp2pp/2n5/4pp2/8/P4P1P/1PPPP1PR/RNBQKBN1 b Qkq - 1 4,1
r1bqkbnr/ppp1pppp/n2p4/8/8/6P1/PPPPPP1P/RNBQKBNR b KQkq - 0 3,0
1nbqkbn1/rp1pp1p1/p1p4r/5pNp/6P1/P4P2/1PPPP1BP/RNBQK2R w KQ - 2 7,1
rnbqkbnr/pp1p1p1p/2p5/4p1p1/3P1B2/8/PPP1PPPP/RNQ1KBNR w KQkq - 0 4,1
rnbqkbnr/p1ppp1p1/5p1p/1p6/2P5/3P3P/PP2PPP1/RNBQKBNR w KQkq - 0 4,1
rnb1kbnr/2qppp1p/Q7/1pp3p1/2P5/4P3/PP1P1PPP/RNB1KBNR w KQkq - 0 7,1
r1bqkb1r/pppp2pp/n3pn2/1P3p2/7P/5N2/P1PPPPP1/RNBQKB1R w KQkq - 0 5,1
rnbqk2r/pppp1ppp/4p2n/1N6/8/b7/PPPPPPPP/RNBQKB1R w KQkq - 4 4,1
rnbqk1nr/p1ppbpp1/1p6/4p2p/1PP2P1P/1Q6/P2PP1P1/RNB1KBNR b KQkq - 0 5,1
rnbqkbnr/p1ppp1pp/5p2/1p6/1P2P3/5P2/P1PP2PP/RNBQKBNR b KQkq - 0 3,0
r1bqkbnr/ppp1p1pp/2np4/5p2/8/N1PP4/PP2PPPP/R1BQKBNR w KQkq - 1 4,0
rnbq1bnr/p2pkpp1/1pp1p3/4Q2p/2P5/8/PP1PPPPP/RNB1KBNR w KQ - 0 7,0
rnb1kbnr/pppp2pp/8/4pp2/P1P4q/5Q2/1P1PPPPP/RNBK1BNR b kq - 4 5,1
r1bqkb1r/pp1pp1pp/7n/5p2/3n1B1P/8/PPP1PPP1/RN1QKBNR b KQkq - 0 5,0
rnbqkbnr/pp1pp1pp/5p2/2p5/1P5P/5NP1/P1PPPP2/RNBQKB1R b KQkq - 0 4,0
rnbqkbnr/pp1ppppp/8/2p5/3P3P/P7/1PP1PPP1/RNBQKBNR b KQkq - 0 3,0
rnbqkbnr/p1pppp1p/6p1/1p6/3P1P2/6P1/PPP1P2P/RNBQKBNR b KQkq - 0 3,0
rnbqkbn1/p1pp1ppr/1p2p3/5P2/2P4p/PP5P/3PP1P1/RNBQKBNR b KQq - 0 6,1
rnbqkbnr/1pp1p3/p2p1p2/2P3pp/4Q3/P7/1P1PPPPP/RNB1KBNR b KQkq - 1 6,1
rnbqkbnr/ppppp1p1/8/5p1p/7P/BP2P3/P1PP1PP1/RN1QKBNR w KQq - 1 5,1
rnbqkbn1/1pp1pp1r/p5pp/3p1P2/1P6/3P3P/P1P1P1P1/RNBQKBNR b KQq - 0 6,1
rnbqkbnr/ppp1p3/5pp1/3p3Q/P7/3PP3/1PP2PPP/RNB1KBNR b KQkq - 0 5,1
rnb1kb1r/p2p1ppp/2p4n/1p2P3/1P2P2q/3P4/P1P1K1PP/RNBQ1BNR b kq - 0 6,0
r1bqkbnr/2p1pppp/2n5/pp1p4/PP3P2/4P3/2PPK1PP/RNBQ1BNR w kq - 0 6,1
rnbqkbnr/pppp1p1p/4p3/6p1/7P/8/PPPPPPPR/RNBQKBN1 b Qkq - 1 3,0
rnbqkbnr/1ppp2pp/5p2/4p3/p7/P2N1P2/1PPPP1PP/RNBQKB1R b KQkq - 1 5,1
rnb1kbnr/pppp2pp/4pp1q/8/P3P3/2N2N2/1PPP1PPP/R1BQKBR1 w Qkq - 5 7,1
rnbqkb1r/p1pp1ppp/1p2pn2/8/8/1PP1P3/P1QP1PPP/RNB1KBNR b KQkq - 0 4,0
rnbqkbnr/ppppp1pp/8/P4p2/8/7N/1PPPPPPP/RNBQKB1R w KQ - 1 4,1
r1bqkbnr/pppp1pp1/2n1p3/7p/6P1/5P2/PPPPP1BP/RNBQK1NR w KQkq - 0 4,1
rnb1k1nr/pppp1ppp/3bp3/8/7q/2P5/PP1PPPPR/RNBQKBN1 b Qkq - 1 4,1
rnb1kbr1/pp1pq1pp/4pn2/2p2p2/1P4P1/2N4N/PBPPPP1P/1R1QKB1R w Kq - 4 7,1
r1b2bnr/pp1kppp1/2n4p/q1p5/3P4/N5P1/PPPBPP1P/R2QK1NR b KQ - 2 6,1
rnbqkb1r/1p1ppppp/7n/p1p5/4PP2/1P5P/P1PPN1P1/RNBQKB1R b KQkq - 0 5,0
r1bqkbnr/ppp1pp1p/2np2p1/8/P6P/5N2/1PPPPPP1/RNBQKB1R w KQkq - 0 4,0
rnb1kb1r/pppp1ppp/2n1pq2/8/8/P4PP1/1PPPPK1P/RNBQ1BNR w kq - 3 5,0
rnbqkb1r/pppp3p/5ppn/4p3/3P2Q1/N3P2N/PPP2PPP/1RB1KB1R b Kkq - 1 6,1
rn1qkbnr/p1pp1p1p/bp4p1/4p3/P6P/3P4/1PPQPPP1/RNB1KBNR w KQkq - 0 5,0
rn1qk1nr/1bpp2pp/pp3p2/2b1p3/1P6/P2KPP2/2PP2PP/RNBQ1BNR w kq - 3 7,1
r1bqkbnr/p1pppp1p/1pn5/6p1/6P1/2PP4/PP1NPP1P/R1BQKBNR b KQkq - 1 4,0
rnbqkbnr/ppp1ppp1/8/7p/2pP4/5N2/PP2PPPP/RNBQKB1R w KQkq - 0 4,1
r1bqkbnr/p1p1pppp/n2p4/1p6/N3P3/7N/PPPP1PPP/R1BQKB1R w KQkq - 1 5,1
rnbqkbnr/1ppp2pp/8/p3pp2/8/P1N2N1P/1PPPPPP1/R1BQKB1R b KQkq - 1 4,0
rnbq1bnr/pppppkpp/5p2/8/6P1/7P/PPPPPP2/RNBQKBNR b KQ - 0 3,0
rn1qkbnr/pppb1p1p/4p3/3p2p1/1P2P2P/P2P4/2P2PP1/RNBQKBNR b KQkq - 0 5,0
rnb1kbnr/pppq1ppp/3p4/3Np3/P1P3P1/R7/1P1PPP1P/2BQKBNR b K - 0 6,1
rnbqkbnr/1ppp1ppp/p3p3/8/5P2/3P1N2/PPP1P1PP/RNBQKB1R b KQkq - 1 3,0
rn1qkbnr/1bp1pp1p/3p4/pp6/2P3pP/4P3/PPQPNPP1/RNB1KB1R w KQkq - 0 7,1
rnbqkb1r/pppp1ppp/4pn2/3P2B1/8/8/PPP1PPPP/RN1QKBNR b KQkq - 0 3,1
rnbqk1nr/pp1ppp1p/2p4b/8/4P1pP/P7/1PPP1PPR/RNBQKBN1 w Qkq - 0 5,0
rnbqkb1r/1pp1pppp/5n2/p2p4/3P1N2/8/PPP1PPPP/RNBQKB1R w KQkq - 0 4,0
r1bqkbnr/p1pp1p2/2n4p/1p4B1/P3p3/1PPP1N2/4PPPP/RN1QKB1R w KQkq - 0 7,1
r1bqkbnr/1ppp2pp/p1n1p3/5p2/P2N4/8/1PPPPPPP/RNBQKB1R b KQkq - 1 5,1
r1bqkb1r/pppp1ppp/5n2/2n1p1N1/8/1P6/P1PPPPPP/RNBQKBR1 w Qkq - 2 5,1
r1bqkbnr/1pppppp1/2n4p/p7/2P5/4PN2/PP1P1PPP/RNBQKB1R b KQkq - 0 4,0
rnb1k1nr/ppppbpp1/4pq1p/8/P1P5/3P4/1P2PPPP/RNBQKBNR w KQkq - 1 6,0
r1bqkbnr/ppppppp1/n7/8/1PPP1P1p/8/P3P1PP/RNBQKBNR b KQkq - 0 4,0
rnbqkb1r/p1pp1ppp/5n2/1p2p3/5B1P/1PNP4/P1P1PPP1/R2QKBNR w KQkq - 0 6,0
rnbqkb1r/p3pppp/1p5n/2p5/3Pp3/7P/PPP2PP1/RNBQKBNR w KQkq - 1 6,0
rnbqkbnr/1ppp3p/4p1p1/p4p2/5P2/PP6/1BPPP1PP/RN1QKBNR w KQkq - 0 6,1
rnbqkbn1/ppppp1pr/7p/5p2/P7/4P3/1PPPBPPP/RNBQK1NR w KQq - 0 5,1
rnbqk2r/pppp1pb1/5npp/4p3/PP1PP3/7P/2P2PP1/RNBQKBNR w KQkq - 0 6,0
r1bqkb1r/p1ppp1pp/np3p1n/8/5PP1/2N1P2N/PPPP3P/R1BQKB1R b KQkq - 0 5,0
rnbqkbnr/1p1p1p2/p1p5/4p1pp/2P4P/6P1/PP1PPP2/RNBQKBNR w KQkq - 0 6,1
r1bqkbnr/1ppppppp/p1n5/8/3P3P/5N2/PPP1PPP1/RNBQKB1R b KQkq - 2 3,0
rnbqkbnr/p1pppp1p/1p6/6p1/5P2/N1P5/PP1PP1PP/R1BQKBNR b KQkq - 0 3,1
rnbqkbnr/p1pppp1p/6p1/1p6/1P5P/2P5/P2PPPP1/RNBQKBNR b KQkq - 0 4,0
rnbqkbnr/pp1p4/4ppp1/2p4p/Q1P4P/2N4R/PP1PPPP1/R1B1KBN1 w Qkq - 0 6,0
1rbqkbnr/p1pp1ppp/4p3/1p6/Q1Pn2P1/8/PP2PP1P/RNB1KBNR w KQk - 0 6,1
rnbk1bnr/pppQ2pp/8/4p3/4P3/8/PPPP1PPq/RNB1KBNR b KQ - 0 6,1
rnbqkb2/ppppp1p1/6r1/2Pn1p1p/P4P2/R7/1P1PP1PP/1NBQKBNR w Kq - 0 7,1
rnbqk1nr/pppp3p/4p1pb/5p2/7P/P4N2/1PPPPPP1/RNBQKB1R b Qkq - 0 5,0
rnbqkbnr/p2ppp1p/6p1/1pp5/8/4PPPN/PPPPQ2P/RNB1KB1R w KQkq - 1 6,0
r1bqkbnr/pp1pp3/n6p/1Bp2pp1/6P1/2P1P2N/PP1P1P1P/RNBQK2R w KQkq - 0 6,0
r1bqkbnr/ppppp1pp/n4p2/8/P3P3/5N2/1PPP1PPP/RNBQKB1R b KQkq - 1 3,1
rnbqkbnr/ppp1pp1p/3p4/6p1/P1P3P1/3P1N2/1P1QPP1P/RNB1KB1R b KQkq - 0 6,0
rnbqkbnr/1pppp3/5p1p/p5P1/6P1/4P3/PPPP3P/RNBQKBNR w KQkq - 0 5,1
rn1qkb1r/1bpp1ppp/5n2/pp2p3/P2P4/2P4N/1P1QPPPP/RNB1KB1R w KQkq - 2 6,0
r1bqkbr1/pppppppp/7n/4n3/P7/2N2NP1/1PPPPP1P/1RBQKB1R b Kq - 4 5,0
rnb1kb1r/pp1pp1pp/2p5/q4p2/PP1P2n1/5P2/2P1P1PP/RNBQKBNR w KQkq - 1 6,1
rnbqkb1r/p1pnpp1p/1p4p1/3p4/6P1/3PPB2/PPPB1P1P/RN1QK1NR b KQkq - 2 6,0
rn2kbnr/p2pppp1/bp5p/1Bp2P2/P3P3/6q1/1PPP3P/RNBQK1NR w KQkq - 0 7,1
r2q1bnr/pbppkp1p/2n5/1p2p1p1/8/P1PP1P1P/1PQ1P1P1/RNB1KBNR w KQ - 1 7,1
r1bqkb1r/p2ppppp/7n/1pp5/1n1P4/2P1KP2/PP2P1PP/RNBQ1BNR w kq - 1 7,1
rnbqkbnr/ppp1ppp1/7p/3p4/8/2N3P1/PPPPPP1P/1RBQKBNR b Kkq - 0 3,1
r1bqkbnr/ppppp1pp/8/5p2/1n2P3/2P5/PPQP1PPP/RNB1KBNR w KQkq - 3 4,1
rnbqkbnr/p1p1pppp/1p6/3p4/Q5P1/2P5/PP1PPP1P/RNB1KBNR b KQkq - 1 3,1
rnbqk1nr/pppp1ppp/4p3/2b5/8/P7/1PPPPPPP/RNBQKBNR b KQkq - 3 3,0
rnbq1bnr/ppp1pk2/7p/3p1pp1/P2P1P2/R5PP/1PP1P3/1NBQKBNR b K - 2 6,0
rnbqkbnr/ppppp3/6p1/5p2/P2P1B1p/2N3P1/1PP1PP1P/R2QKBNR b KQkq - 1 5,1
rnbqk1nr/pp1p3p/2p5/2b1ppp1/8/P1P1PQ2/1P1PKPPP/RNB2BNR w kq - 1 6,1
r1bqkbnr/ppp1p1p1/2n5/3p1p1p/2P5/5PPP/PPQPP3/RNB1KBNR b KQkq - 1 5,1
r1bqkb1r/pp2pppp/n1p2n2/3p4/6P1/N2P1P2/PPPBP2P/R2QKBNR b KQkq - 0 5,1
rnbqkbnr/p1p1ppp1/1p6/3p3p/7P/3P4/PPP1PPPB/RN1QKBNR w KQkq - 0 6,0
r2qkbnr/pb1ppppp/npp5/8/P6P/6R1/1PPPPPP1/RNBQKBN1 w Qkq - 2 5,0
r1bqkbr1/pp1ppppp/n6n/2pN4/3P1P2/1P6/P1P1P1PP/R1BQKBNR w KQq - 0 6,0
rnbqkbnr/2ppp1p1/pp3p2/2P1P2p/8/2N2N2/PP1P1PPP/R1BQKB1R w KQkq - 1 7,1
r1bqkbnr/ppp1pppp/n7/3p4/8/2N2N1P/PPPPPPP1/R1BQKB1R b KQkq - 0 3,0
r1bqkb1r/1ppppppp/n6n/p7/P1P5/8/1PQPPPPP/RNB1KBNR w KQkq - 3 4,0
rnbqkb1r/1p2pppp/3p1n2/p1p3N1/4P3/5Q2/PPPP1PPP/RNB1KB1R w KQkq - 0 5,0
r1bqkbnr/2pppp1p/p5p1/1p6/1P6/2PQPn2/P2P1PPP/RNBK1BNR w kq - 1 7,1
r1bqkbnr/pp2p1pp/n4p2/2pp4/P2P2P1/4B2B/1PP1PP1P/RN1QK1NR b KQkq - 1 5,1
rnbqkbnr/2pppppp/1p6/p7/1P3P2/6P1/P1PPP2P/RNBQKBNR b KQkq - 0 3,1
rnbqkb1r/pp1ppp1p/2p2n2/6B1/8/3P3P/PPP1PPP1/RN1QKBNR w KQkq - 1 4,1
rnbq1bnr/p1ppkppp/1p6/4p3/5P2/1P5N/P1PPP1PP/RNBQKBR1 b Q - 3 4,0
1nbqkbnr/1pp1pp1p/r2p4/6p1/pP6/2PP3N/P2NPPPP/R1BQKB1R w KQk - 0 6,1
r1bqkbnr/pp1ppp1p/n1p3p1/8/8/1P1P3N/P1P1PPPP/RNBQKB1R w KQkq - 2 4,0
rnbqkbnr/1pp2ppp/p7/3pp1P1/2P4P/8/PP1PPP2/RNBQKBNR b KQkq - 0 4,1
r1b1kb1r/pp1ppppN/nqp5/8/6nP/P3P3/1PPP1PP1/RNBQKB1R b KQkq - 0 6,0
rn1qkbnr/1p1bpppp/8/p1pp4/2P5/1P2PN2/PB1P1PPP/RN1QKB1R w KQkq - 0 6,1
r1bqkbnr/ppppp1pp/n7/5p2/1P2P3/7P/P1PP1PP1/RNBQKBNR w KQkq - 0 4,1
r1bqkbnr/pp1p1ppp/n1p5/4p3/1PP5/6PN/P2PPP1P/RNBQKB1R b KQkq - 0 4,1
r1bqkbnr/pppp1p1p/n3p3/1B4pQ/P3P3/8/1PPP1PPP/RNB1K1NR b KQkq - 0 4,0
r1bqkbnr/pppp3p/2n1ppp1/1N6/8/2P1PN2/PP1P1PPP/R1BQKB1R b KQkq - 0 5,0
r1b1qbnr/ppp1pkpp/2n5/1N1p1p2/P7/1PP2P2/3PP1PP/R1BQKBNR b KQ - 0 6,0
r1bq1bnr/ppp1k1pp/n2pp3/5pP1/3P3P/2N4R/PPP1PP2/R1BQKBN1 w Q - 0 7,1
rnbqkb1r/ppp1ppp1/7n/3p3p/1P4P1/P4P2/2PPP2P/RNBQKBNR b KQkq - 0 4,1
rnbqkbnr/pp2pppp/2p5/3p4/5P1P/P7/1PPPP1P1/RNBQKBNR b KQkq - 0 3,1
rnbqk1nr/p2ppp1p/2B3pb/1p6/8/N1P3P1/PP1PPP1P/R1BQK1NR b KQkq - 0 5,1
r1bqkbn1/pppp3r/4p1p1/4np2/8/P1N5/RPPPPPPP/2BQKB1R w Kq - 0 7,1
rnbq1bnr/1pppp2p/4kpp1/p7/7P/1P5R/P1PPPPP1/RNBQKBN1 w Q - 2 6,1
r1bqkb1r/ppp1pppp/2n2n2/3p4/1P4PP/8/P1PPPP2/RNBQKBNR w KQkq - 0 4,0
rnbqkbnr/pp2ppp1/3p4/2p4p/P7/1P1P4/2P1PPPP/RNBQKBNR w KQkq - 0 4,0
rnbq1bnr/1ppkp1p1/7p/p2p1p2/P7/RP3NP1/2PPPPBP/1NBQK2R w K - 0 7,1
rnbqkb1r/pp1pppp1/2p2n2/7p/1P6/5PPB/P1PPP2P/RNBQK1NR b KQkq - 1 4,1
rnbqkb1r/p1p1pppp/1p5n/3p4/8/P3P2N/1PPP1PPP/RNBQKB1R w KQkq - 0 4,0
r1b1kbnr/ppqppp1p/n7/2p3p1/2PP2P1/4P3/PP3P1P/RNBQKBNR b KQkq - 0 5,0
rnbqk1nr/ppp1ppbp/6P1/3p4/PP6/6P1/2PPP2P/RNBQKBNR b KQkq - 0 6,1
rnb1kbnr/pp1p1p1p/q1p1p3/6p1/2P1P3/4Q1P1/PP1P1P1P/RNB1KBNR b KQkq - 1 6,1
rnbqkbnr/p2ppp1p/1p4p1/2p5/2P5/5N2/PP1PPPPP/RNBQKB1R w KQkq - 0 4,0
rnbqkbnr/pp2p3/6pp/1Npp1p2/5PPP/8/PPPPP3/R1BQKBNR w KQkq - 0 7,1
rnb1kbnr/1pp1pppp/8/p1Pp4/7P/5P1q/PP1PP1P1/RNBQKBNR w KQkq - 1 5,1
r1bqkbnr/p2ppppp/n1p5/1P6/1P6/8/2PPPPPP/RNBQKBNR w KQkq - 1 4,1
r1bqkbnr/pp1ppppp/n7/2p5/5P1P/3P4/PPP1P1P1/RNBQKBNR b KQkq - 0 3,0
r1bqkbnr/pp2pppp/2p5/n2p4/P3P2P/6P1/1PPP1P1R/RNBQKBN1 b Qkq - 0 5,1
1nbqkbnr/2pppp2/r5pp/pp6/P7/1PNPP3/2P2PPP/1RBQKBNR b Kk - 3 6,0
rnbqk1r1/pp1pppbp/2p2np1/8/1P2PP2/2P3P1/P2P3P/RNBQKBNR b KQq - 0 6,1
rnbqkbnr/p1ppppp1/8/1p5p/2P3P1/5N2/PP1PPP1P/RNBQKB1R b KQkq - 1 3,1
rnbqkb1r/pp1ppppp/2p4n/8/4P3/8/PPPP1PPP/RNBQKBNR b KQkq - 1 3,0
r1bqkb1r/1pppppp1/p7/5P1p/1n2n3/1PP5/P2P2PP/RNBQKBNR w KQkq - 0 7,0
rnbqkb1r/pppppp1p/7n/6p1/6P1/P6P/1PPPPP2/RNBQKBNR b KQkq - 0 3,1
r1b2bnr/pppp1kp1/n4q1p/4pp2/1P3PQ1/4P1PN/P1PP3P/RNB1KB1R w KQ - 1 7,0
rn1qkb1r/p1pppppp/b7/1p3P2/4n2P/P7/1PPPP1P1/RNBQKBNR w KQkq - 1 5,0
r1bqkbnr/p1ppppp1/Bpn5/7p/P3P3/6P1/1PPP1P1P/RNBQK1NR b KQkq - 0 4,1
rnbqkbnr/1pppp2p/5pp1/p7/6P1/N1P5/PP1PPPBP/R1BQK1NR b KQkq - 0 4,0
r1bqkbnr/pppp1pp1/2n1p2p/8/1P2P3/8/P1PPQPPP/RNB1KBNR w KQkq - 0 4,0
rnbqkbnr/2pppppp/p7/1p6/7P/N4P2/PPPPP1P1/R1BQKBNR b KQkq - 1 3,1
1rbqkbnr/ppppp1pp/8/2n2p2/1PP5/B7/P2PPPPP/RN1QKBNR w KQk - 1 5,1
r1bqkbnr/pppp1pp1/4p3/7p/1n5P/P3P3/2PP1PP1/RNBQKBNR w KQkq - 0 5,1
rnb1kbnr/ppp1p1pp/7q/5p2/3p1P1P/2P1P2R/PP1P2P1/RNBQKBN1 b Qkq - 1 6,0
r1bqkb1r/pp1ppp2/n5p1/2p2n1p/2P5/2N2PP1/PP1PP2P/R1B1KBNR w KQkq - 0 7,1
rnbqkbnr/pppppp1p/8/8/5Pp1/P2P4/1PP1P1PP/RNBQKBNR b KQkq - 0 3,0
rnq2bnr/pppbkppp/4p3/8/3p2P1/3PP2P/PPP2P2/RNBQKBNR w KQ - 1 7,1
r1bqk2r/p1pp2pp/n2bp2n/1p3p2/8/NP4P1/PBPPPP1P/R2QKBNR w KQkq - 0 7,1
rnbqkbnr/p1ppp3/1p3ppp/1N6/6P1/5N2/PPPPPP1P/R1BQKB1R w KQkq - 0 5,1
rnb1kbnr/ppppqppp/4p3/8/3P2P1/2P1B3/PP2PP1P/RN1QKBNR b KQkq - 0 4,0
rnbqkbnr/p2p1p1p/1pp3p1/4p3/1P2P3/7P/P1PP1PP1/RNBQKBNR w KQkq - 0 5,0
rnbqkbnr/p1pp1ppp/1p2p3/8/2P5/P6N/1P1PPPPP/RNBQKB1R b KQkq - 0 3,0
r1bqkbnr/pppppp2/2n5/6pp/8/N3P3/PPPP1PPP/1RBQKBNR w Kkq - 1 4,0
r1bqk1nr/ppp3pp/2n5/3ppp2/6P1/b1P2N1P/PPQPPP2/RNB1KB1R w KQkq - 0 6,1
rnbqkb1r/1p1ppppp/p1p5/8/3P2n1/6PP/PPP1PPB1/RNBQK1NR w KQkq - 2 5,1
rnb1kbnr/pp1p2p1/2p1pp1B/6q1/1P3P2/P2P1N2/2P1P1PP/RN1QKB1R w KQkq - 1 7,1
rnbq1rk1/1ppppp1p/p4npb/8/P7/1P5R/2PPPPPP/1NBQKBNR w K - 3 6,1
r1bqkbnr/1ppppppp/8/p7/3nP3/8/PPPPBPPP/RNBQK1NR b KQkq - 5 4,0
rnbqkb1r/p1p1pppp/3p3n/1p4P1/8/5N2/PPPPPP1P/RNBQKB1R w KQkq - 0 4,1
rnbqkbnr/p1pppp2/8/1p4pp/6P1/3P1P2/PPP1P2P/RNBQKBNR w KQkq - 0 4,0
rnbqkb1r/p2pppp1/1pp2n2/5P1p/8/1P2P3/P1PP2PP/RNBQKBNR w KQkq - 0 5,0
r1bqkbnr/pp3pp1/2npp3/7p/1pB1P3/5P2/P1PP2PP/RNBQK1NR w KQkq - 0 7,1
rn1qkb1r/pp2pppp/2ppbn2/1B6/4P3/P7/1PPPNPPP/RNBQK2R w KQkq - 2 5,0
rnbqkb2/ppp1pp1r/6pn/3p3p/4P2P/5P1N/PPPP1KP1/RNBQ1B1R w q - 2 6,0
rnbqk2r/pppp1ppp/5n2/2b1p3/1P6/4P2P/P1PP1PP1/RNBQKBNR w KQkq - 1 4,1
rnbqkb1r/ppppp1pp/5p1n/7Q/4P3/N7/PPPP1PPP/R1B1KBNR b KQkq - 2 3,1
rnbqkb1r/1pppppp1/7p/3nB3/pP5P/N2P4/P1P1PPP1/R2QKBNR b KQkq - 1 6,1
r1b1kbnr/p2ppppp/npp5/4P3/P3P3/2P5/1P3PPP/RNBQKBNR w KQkq - 1 6,1
rnbqkbnr/ppp1p1pp/3p1p2/8/8/2N3P1/PPPPPP1P/1RBQKBNR b Kkq - 0 3,0
rnbqkbnr/pppppppp/8/8/1P6/2N1P3/P1PP1PPP/R1BQKBNR b KQkq - 0 3,0
rnbqkbnr/p1p1p1p1/8/1p1p1p1p/3P1P2/1PN1P3/P1P3PP/R1BQKBNR w KQkq - 0 6,1
rnbqkbn1/1ppp1ppr/p7/3Pp2p/7P/1PP5/P3PPP1/RNBQKBNR b KQq - 0 5,0
rnbqkbn1/pppppppr/8/7p/P7/3P2P1/1PP1PP1P/RNBQKBNR b KQq - 0 3,0
rnbqkb1r/1ppp1ppp/p3p3/5n2/5PP1/2NP4/PPP1P2P/R1BQKBNR w KQkq - 1 5,1
r1bqkb1r/ppppnpp1/4p2n/3N3p/6P1/1P5P/P1PPPP2/R1BQKBNR w KQkq - 1 6,0
rnbqkbnr/ppp1p1pp/3p1p2/8/3PN3/8/PPP1PPPP/R1BQKBNR b KQkq - 1 3,0
rnbq1b1r/1ppppkp1/5p1n/p6p/P7/1P2PPP1/R1PP3P/1NBQKBNR w K - 1 7,0
rnb1kbnr/1pp1pp2/p2q4/3p2pp/P5P1/N2P3N/RPP1PP1P/2BQKB1R b Kkq - 1 6,1
rnbqkbnr/2ppppp1/7p/p7/P1p1N3/1Q5P/1P1PPPP1/R1B1KBNR w KQkq - 0 7,1
r1bqkb1r/1ppppppp/7n/p7/3nP2P/P6N/1PPP1PP1/RNBQKB1R w KQkq - 0 5,1
rnbqk1nr/1pppp2p/5ppb/p7/PP6/2N3P1/2PPPP1P/R1BQKBNR b KQkq - 0 6,1
rnbqkbn1/ppppppp1/7r/8/1PB1P1Pp/2N5/P1PP1P1P/R1BQK1NR w KQq - 3 7,1
rnbqkb1r/ppp3pp/3ppp1n/8/1P6/N4N2/P1PPPPPP/R1BQKB1R w KQkq - 0 5,0
r1b1kbnr/pppp1ppp/n3pq2/8/8/NP6/P1PPPPPP/R1BQKBNR b KQkq - 5 4,1
r1bqkbnr/p1pppp1p/n5p1/1p6/7P/2BP4/PPP1PPP1/RN1QKBNR w KQkq - 0 5,1
rnbq2nr/pp1pbk1p/5pp1/2p1P3/8/4P3/PPPP1KPP/RNBQ1BNR w - - 1 7,0
r1bq1bnr/ppppkppp/2n5/4P3/8/P7/1PP1PPPP/RNBQKBNR b KQ - 0 4,1
rn2kbnr/pppqpppp/8/8/2bpP3/Q7/PPPP1PPP/RNB1K1NR b KQkq - 3 6,1
rnb1kbnr/pp1pp1pp/1qp2p1B/8/3P4/N7/PPP1PPPP/R2QKBNR w KQkq - 2 4,0
rnbqk1nr/p1ppp1Bp/5pp1/1p6/3P4/P4P1P/1PP1P1P1/RN1QKBNR w KQkq - 1 7,1
rnbqkbnr/1pp1pppp/p2p4/8/8/4P3/PPPP1PPP/RNBQKBNR b KQkq - 1 3,0
rnb1kbnr/4pppp/1ppq4/p2P4/Q7/1P3NP1/P2PPP1P/RNB1KB1R b KQkq - 0 6,1
rnbqkbnr/ppp1pppp/8/8/3p2P1/1P5N/P1PPPP1P/RNBQKB1R b KQkq - 0 3,1
rnbq1bnr/1p1ppkpp/5p2/p1p1P3/1P6/5Q1P/P1PP1PP1/RNB1KBNR b KQ - 0 5,1
1nbqkbnr/r1pppppp/8/pp6/5PP1/3P4/PPP1P2P/RNBQKBNR w KQk - 1 4,0
r2qkbnr/p1ppp1p1/1pn2p1p/8/2b5/BP1P1N1P/P1P1PPPR/RN1QKB2 w Qkq - 0 7,1
1nbq1bnr/rp1ppkpp/2p5/p4p2/4PP2/3P1NP1/PPP4P/RNBQKB1R w KQ - 1 6,1
rnbqkbnr/pppp2p1/6P1/4p2p/5p2/3P4/PPP1PP1P/RNBQKBNR w KQkq - 0 5,0
rnbqkbnr/p1pp1pp1/7p/1p2p3/P7/RP3N2/2PPPPPP/1NBQKB1R b Kkq - 0 4,1
r1bqkbnr/ppp1p1pp/2n5/3p1p2/3N4/P7/1PPPPPPP/RNBQKB1R w KQkq - 0 4,0
rn1qkb1r/ppp1pppp/B4n2/3p4/6b1/P1N1P3/1PPP1PPP/R1BQK1NR w KQkq - 2 5,0
rnbqkbnr/2pppp1p/pp6/6p1/7P/2P4R/PP1PPPP1/RNBQKBN1 w Qkq - 0 4,1
rn1qkbnr/p1pppp1p/bp6/6p1/P7/7N/1PPPPPPP/RNBQKB1R b KQkq - 3 4,0
rnbqkbnr/p1p1p1p1/1p1p4/5p1p/2PP4/5P1P/PP2P1P1/RNBQKBNR b KQkq - 0 5,0
1nbq1bnr/rpppkp1p/8/p3p1p1/3P3P/3BP2R/PPPN1PP1/R1BQK1N1 b Q - 2 6,1
rnbqkbnr/p1ppppp1/1p5p/8/8/2N2N2/PPPPPPPP/R1BQKBR1 b Qkq - 1 3,0
rnbqkbnr/1p1p2p1/p1p5/4ppPp/6B1/P7/1PPPPP1P/RNBQK1NR w KQkq h6 0 6,0
rnbqkbnr/1p2p1pp/2p5/p2p1p2/2B1P3/8/PPPPNPPP/RNBQK2R w KQkq - 0 5,0
rnb1kbnr/1ppp1p1p/p3pq2/6p1/8/2N3PN/PPPPPP1P/R1BQKB1R b KQkq - 0 5,0
1rbqkbnr/p1pp1pp1/1pnp4/7p/8/3P3P/PPP1PPP1/RN1QKBNR w KQk - 0 6,1
r1bqkbnr/ppp1p1pp/2np1p2/8/4P3/5N2/PPPPQPPP/RNB1KB1R b KQkq - 1 4,0
rnbqk2r/1ppp1ppp/4pn2/p7/4NP1N/4b3/PPPPP1PP/1RBQKB1R b Kkq - 1 6,1
rnbqkbnr/p1p1pp1p/3p2p1/1p6/4P3/N6P/PPPP1PP1/R1BQKBNR w KQkq - 0 4,1
r1bqkbnr/p1ppp1p1/n4p2/1p5p/8/1P3NPP/P1PPPP2/RNBQKB1R w KQkq - 2 5,1
rnbqkbnr/pp2p1pp/3p1p2/2p5/1P6/4PQ2/P1PP1PPP/RNB1KBNR w KQkq - 0 4,1
r1bqkbnr/pppp1p1p/2n1p3/4N1p1/7P/8/PPPPPPP1/RNBQKB1R w KQkq - 0 4,1
r1bqkbnr/pp1pp2p/n7/2p2pp1/7P/1PN1PQ2/P1PP1PP1/R1B1KBNR w KQkq - 0 6,0
rnbqkb1r/p1p1nppp/1p5B/3pp3/6P1/3P1N2/PPP1PP1P/RNQ1KBR1 b Qkq - 1 6,1
rn1qkbnr/pppb1ppp/8/3pp3/4P2P/5P2/PPPPN1P1/RNBQKB1R w KQkq - 2 6,0
rnbqkbnr/1p1p1ppp/p1p5/4p3/2P1PP2/PP6/3P2PP/RNBQKBNR b KQkq - 0 5,0
r1bqkbnr/1pppppp1/2n5/p6p/2P5/4P3/PP1PKPPP/RNBQ1BNR w kq - 2 4,0
rnbqk1nr/pp3ppp/2pp4/2P1p3/P6P/5P2/2PPP1P1/RNBQKBNR b KQkq - 0 5,1
rnbqk1nr/p1pppp1p/1p4pb/8/4P3/6P1/PPPPQP1P/RNB1KBNR b KQkq - 1 4,0
rn1qkb1r/ppp1pppp/3pbn2/8/4P3/8/PPPP1PPP/RNBQKBNR w KQkq - 2 4,0
rnbk1bnr/pppqppp1/3p4/7p/2PPP3/5N2/PP3PPP/RNBQKB1R b KQ - 0 5,1
rnb1kbnr/p2pp1p1/1p6/1Pp1qp1p/4P1P1/2N2P2/P1PP3P/R1BQKBNR w KQkq - 0 7,1
rnbqkbnr/1pppp1pp/8/p4p2/4P2P/P7/1PPP1PP1/RNBQKBNR b KQkq - 0 3,0
r1bqkbnr/1pp1p3/2n5/p2p1ppp/1PP5/P1N1P2P/3P1PP1/R1BQKBNR w KQkq - 0 7,1
rnbqkbnr/1ppp2p1/5p2/p3p2p/4P3/N4P2/PPPP1KPP/R1BQ1BNR w kq - 0 5,0
rnbqkb1r/2p1pp1p/p2P3n/1p4p1/8/P3PP2/1P1P2PP/RNBQKBNR b KQkq - 0 6,0
rnbqkbnr/3ppppp/pp6/2p4Q/2PPP3/8/PP3PPP/RNB1KBNR b KQkq - 1 4,1
rnbqkbnr/ppp1pp1p/3p4/8/1P1P2p1/2N2N2/P1P1PPPP/R1BQKB1R w KQkq - 0 6,0
1rbqkbn1/ppppNppr/n3p2p/8/5P2/3P3N/PPP1P1PP/R1BQKB1R b KQ - 2 6,1
rnbqkbnr/2ppp2p/8/pp3pp1/8/1PP2P1N/P2PPKPP/RNBQ1B1R w kq - 0 6,1
rnbqk1nr/pppp1p1p/3b2p1/4p3/2P5/1P3P2/P2PP1PP/RNBQKBNR w KQkq - 0 4,0
rnb1kb1r/pp1p1ppp/2p1qn2/4p3/2P4N/P5P1/1P1PPP1P/RNBQKB1R w KQkq - 1 6,0
rnbq1b1r/pppkpppp/5n2/3p4/P2P1P2/4P3/1PP3PP/RNBQKBNR b KQ - 0 6,0
rnbqkb1r/ppppppp1/7p/3n4/P7/5N2/1PPPPPPP/RNBQKBR1 b Qkq - 2 4,0
r1bqkbnr/1p1pp1p1/2n2p1p/p1p5/2P4P/PQ6/1P1PPPP1/RNB1KBNR w KQkq - 0 6,0
rnq1kbnr/ppp1pppp/3p4/2N5/1P4b1/8/PBPPPPPP/R2QKBNR b KQkq - 6 6,1
r1bqkbnr/pp1pp1p1/n4p2/2p4p/6PP/1P1P4/P1P1PP2/RNBQKBNR w KQkq - 1 5,0
rnbqkbnr/1pp1pp2/p2p4/6pp/1PN3P1/2P4P/P2PPP2/R1BQKBNR w KQkq - 1 7,0
rnbqkbnr/2pp1p1p/4p3/pp4p1/4P3/5Q2/PPPP1PPP/RNB1KBNR w KQkq - 0 5,1
rnbq2nr/pppp1kp1/3bp2p/5pP1/1P1P4/P1N5/2P1PP1P/R1BQKBNR b KQ - 0 6,0
rnb1kb1r/pppq1ppp/3pp3/8/1PP3n1/B6P/P1QPPPP1/RN2KBNR w KQkq - 3 6,1
rnbqkbnr/p1pp3p/4p1pB/1p1P1p2/7P/7N/PPP1PPP1/RN1QKB1R b KQkq - 1 5,1
rnbqkbnr/ppppp1pp/8/5p2/1P5P/2P5/P2PPPP1/RNBQKBNR b KQkq - 0 3,0
r1bqkbnr/p1pppppp/1pn5/8/4P3/N4N2/PPPP1PPP/R1BQKB1R b KQkq - 0 3,0
rn1qkbnr/ppp1pp1p/3p2p1/5b2/2P5/N3P3/PP1P1PPP/R1BQKBNR w KQkq - 1 4,0
rn1qkbnr/1p1bpppp/2pp4/p1P5/P7/2N5/1P1PPPPP/R1BQKBNR w KQkq - 0 5,0
rnb1kbnr/1pqpppp1/8/p1p4p/2P2B2/3P1P1P/PPQ1P1P1/RN2KBNR b KQkq - 1 6,1
rnbqkbnr/2pppp1p/1p4p1/p7/2B4P/1P2P3/P1PP1PP1/RNBQK1NR b KQkq - 0 4,0
r2qkbnr/1pp1pppp/2np4/p4b2/2P5/1P1P1N2/PB2PPPP/RN1QKB1R b KQkq - 2 5,0
1rbqkbr1/p1pppppp/2n2n2/1p6/2P2P2/N5P1/PP1PPK1P/R1BQ1BNR w - - 3 6,0
rnbqkbn1/1pppppp1/p7/6p1/8/P2P1P2/1PP1P1PR/RN1QKBN1 b Qq - 0 6,0
r1bqkbn1/pp1p1ppr/n1p5/4p2p/6PP/P1PP4/1P2PP2/RNBQKBNR w KQq - 1 6,0
r1bq1bnr/ppp1pkpp/3p4/5p2/1n6/2P1P2P/PP1P1PP1/RNBQ1KNR b - - 1 6,1
rnbqkbnr/p2ppp2/1pp3pp/8/P6P/2PPB3/1P2PPP1/RN1QKBNR b KQkq - 0 5,0
1n1qkbnr/rpp1pppp/8/p2p1b1P/P3P3/7N/1PPP1P2/RNBQKB1R b KQk - 0 6,1
rn1qkb1r/ppp1pp1p/4b1pn/3p4/8/5PPP/PPPPP3/RNBQKBNR b KQkq - 0 5,1
rnbq1bn1/p1pkpppr/1p1p4/7p/8/1PN2P1N/P1PPP1PP/R1BQKB1R w KQ - 1 7,1
rnb1kbnr/ppp3p1/1q6/3ppp1p/P1PP1P2/5N2/1P2P1PP/RNBQKB1R w KQkq - 1 7,1
r1bq1bnr/p2kp1pp/n2p4/1Pp2p2/PP6/5N2/R2PPPPP/1NBQKB1R w K - 2 7,1
rn1qkbnr/pppbp1p1/8/3p1p1p/6PP/N7/PPPPPP2/1RBQKBNR w Kkq - 0 5,0
r1bqkbnr/p1ppppp1/4n3/1p5p/P3P3/1P5N/2PPQPPP/RNB1KB1R w KQkq - 0 6,1
r1bqk1nr/pppp1ppp/3b4/4p3/1P1nP2P/2P5/P2PKPP1/RNBQ1BNR w kq - 1 7,1
rnb1kbnr/pp1pp1p1/q6p/2p2P2/3P1P2/8/PPP1K1PP/RNBQ1BNR w kq - 3 6,1
r1bqkbnr/p1p2ppp/np6/3pp3/P7/6P1/1PPPPP1P/RNBQKBNR w KQkq - 1 5,0
rnb1kbn1/pp1pppp1/2p4r/7p/3P4/1qP4N/PP2PPPP/RN1QKB1R w Qq - 1 7,1
rnbqkb2/pppppp1r/5npp/1N6/6P1/P7/1PPPPP1P/R1BQKBNR w KQq - 1 5,0
rnbqkb1r/pppppp2/5np1/7p/6P1/4P3/PPPPKP1P/RNBQ1BNR w kq - 0 4,1
rnbq1bnr/1p1pkppp/2p1p3/p7/3P3P/PP1Q1N2/2P1PPP1/RNB1KB1R b KQ - 2 6,1
rnbqkbnr/pppppp1p/8/8/5p2/1P4P1/P1PPP2P/RNBQKBNR b KQkq - 0 3,1
rnbqk1nr/ppp3pp/B3pp2/3pb3/4P3/2N5/PPPP1PPP/R1BQK1NR w KQkq - 4 6,0
rnbqkbnr/p1p1pppp/1p6/3p4/1P3PP1/8/P1PPP2P/RNBQKBNR b KQkq - 0 3,1
1nbqkbnr/rpp1p1pp/3p4/5p2/p3N3/4PP2/PPPP2PP/RNBQKB1R w KQk - 0 6,0
rnbqkb1r/pp1ppppp/5n2/2p5/P4P2/4P3/1PPP2PP/RNBQKBNR w KQkq - 0 4,0
rnbqkb1r/p1pppppp/1p5n/8/P7/8/1PPPPPPP/RNBQKBNR b Kkq - 3 3,0
rnbqkbnr/2ppppp1/p7/1p5p/8/2NP1P2/PPP1P1PP/R1BQKBNR w KQkq - 0 4,0
r1b1kbnr/pp1pppp1/2n5/2p4p/3P4/1qN4P/PPPBPPP1/1R1QKBNR w Kkq - 7 7,1
rn1qkbnr/1bpppppp/p7/1p6/4P3/1P5N/P1PP1PPP/RNBQKB1R w KQkq - 0 4,0
rnbqkb1r/pppp2pp/4pn2/5p2/5P2/1P6/PBPPP1PP/RN1QKBNR w KQkq - 0 4,0
rnbqkbnr/pppp4/4pp1p/6p1/5P2/3P3N/PPP1P1PP/RNBQKB1R b KQkq - 1 5,0
rnbqkbnr/1pppp1pp/8/p4p2/1P5P/3P4/P1P1PPP1/RNBQKBNR b KQkq - 0 3,1
rnbqkb1r/1pppppp1/p4n2/6Np/P7/2N5/1PPPPPPP/R1BQKB1R b KQkq - 1 4,0
r1bqkbnr/pppp1ppp/8/4p2P/1n6/3PP3/PPP2PP1/RNBQKBNR b KQkq - 0 4,0
rnbqkb1r/1pp1ppp1/p4n1p/3p4/P7/RP4P1/2PPPP1P/1NBQKBNR w Kkq - 2 5,1
r1b1k1nr/1pppqppp/p1n1p3/8/6PP/b3PN2/PPPP1PB1/RNBQK2R w KQkq - 1 6,1
r1bqkbnr/1ppppppp/p1n5/8/5BP1/3P4/PPP1PP1P/RN1QKBNR b KQkq - 0 3,1
r1bqkbnr/pp1pp2p/n4p2/2p3p1/8/1P2PQP1/P1PP1P1P/RNB1KBNR w KQkq - 0 5,0
r1bqkbnr/p1pn1ppp/4p3/1B1p4/1p2P1P1/8/PPPPKP1P/RNBQ2NR b kq - 3 6,1
rnbqk1nr/ppppppb1/6p1/5B1p/1P6/6P1/P1PPPP1P/RNBQK1NR b KQkq - 3 4,1
r1bqk2r/1pppppbp/p1n2np1/6P1/5P1P/8/PPPPPK2/RNBQ1BNR w kq - 2 6,1
rnbq1bnr/pp2pp1p/2k5/2pp2p1/1P3P2/3P4/P1P1P1PP/RNBQKBNR w KQ - 0 6,1
rnb1kbnr/pp1qpp1p/8/2pp2p1/7P/2P2N2/PPQPPPP1/RNB1KB1R w KQkq - 0 5,1
r1bqkbnr/ppppp2p/5p1B/8/3n2p1/PPNP1P2/2P1P1PP/R2QKBNR b KQkq - 2 6,1
rn1qkbnr/1pp1pp1p/p2p2P1/8/6b1/4P2R/PPPP1PP1/RNBQKBN1 b Qkq - 2 5,1
rnbqkbnr/1ppppp1p/8/p5p1/4P3/3B3N/PPPP1PPP/RNBQK2R b KQkq - 1 3,0
rn1qkbnr/2p1pppp/1p6/p2p4/3N2b1/1P4P1/P1PPPP1P/RNBQKB1R w KQkq - 0 5,0
rnbqkbnr/p1ppp1pp/8/1p6/5p2/2P2N2/PP1PPPPP/RNBQKBR1 w Qkq - 0 4,1
rnbqkbnr/pp1ppppp/8/8/2P5/2N5/PPP1PPPP/R1BQKBNR b KQkq - 0 3,1
rnbqk1nr/p1pp2pp/4p3/1N3p2/P6P/b7/1PPPPPP1/2BQKBNR b Kkq - 0 5,1
r1bq1bnr/pp1ppk1p/n1p3p1/P7/3P1p2/N4N1P/1PP1PPP1/R1BQKB1R w KQ - 1 7,1
rnbqkb1r/pppppp1p/5n2/6p1/2P4P/N7/PP1PPPP1/R1BQKBNR b KQkq - 0 3,0
r1bqkbnr/pppnppp1/3p3p/8/PP6/6P1/2PPPP1P/RNBQKBNR w KQkq - 0 4,0
r1bqkbnr/pp1ppp2/n1p3p1/8/3P2p1/5P2/PPPNP1BP/R1BQK1NR b KQkq - 3 6,1
rnbqkbnr/1p1pppp1/p6p/2p5/P2N3P/8/1PPPPPP1/RNBQKB1R b KQkq - 0 4,1
rnbqkbnr/1pp1pppp/3p4/p7/4P2P/6P1/PPPP1P2/RNBQKBNR b KQkq - 0 3,0
r1bq1bnr/ppppkp1p/2n3p1/4p3/4P3/5K2/PPPP1PPP/RNBQ1BNR w - - 0 5,1
rnbqkbnr/ppp1p1pp/8/3P1p2/8/2NP4/PPP2PPP/R1BQKBNR w KQkq - 2 5,1
r1b1kbnr/ppp3pp/n2ppp2/8/2PP2Pq/PP3N2/4PP1P/RNBQKB1R w KQkq - 1 7,1
rnbqkbnr/pppp2p1/4p3/4N1Pp/P7/5p2/1PPPPP1P/RNBQKB1R w KQkq - 0 6,1
rnbqkbnr/pp1pp1pp/2p5/5p2/P6P/6P1/1PPPPP2/RNBQKBNR b KQkq - 0 3,0
rnbqkbnr/ppppp1pp/8/5p2/7P/N5P1/PPPPPP2/R1BQKBNR b KQkq - 1 3,0
rnbqkb1r/3ppppp/1p5n/p1p4Q/2P1PP2/7N/PP1P2PP/RNB1KB1R w KQkq - 0 6,0
rnbqk1nr/p2pb2p/2p2p2/1p2p1p1/3P4/1P4P1/P1PBPP1P/RN1QKBNR w KQkq - 0 7,1
rnb1kbnr/p1ppqp2/1p4p1/4p2p/PP2P3/2PP4/1B3PPP/RN1QKBNR b KQkq - 0 6,0
rnb1kbnr/p1pq1ppp/3pp3/1p6/1PP1P3/6PP/PB1P1P2/RN1QKBNR b KQkq - 0 6,0
r1b1kbnr/p2ppppp/n1q5/1pp5/6P1/1PP2P2/P2PP1BP/RNBQK1NR w KQkq - 1 6,0
rnbqkb1r/pp1p1ppp/4p2n/2p5/P3P1P1/5P2/1PPP3P/RNBQKBNR b KQkq - 0 4,1
r1bqkbnr/p2npppp/1p1p4/2p5/3P1PQ1/4P1P1/PPPN3P/R1B1KBNR w KQkq - 2 7,0
r1bqkbnr/p1ppppp1/n7/1p5p/5P2/4P2P/PPPP2P1/RNBQKBNR w KQkq - 0 4,1
rnbqkbnr/p1ppp1pp/5p2/1p6/5N2/1P6/P1PPPPPP/RNBQKB1R b KQkq - 1 3,0
rnbqkbnr/3pp2p/pp4p1/2p2p2/2P5/5NPP/PP1PPP2/RNBQKB1R b KQkq - 1 6,0
rnb1kbn1/ppq1ppp1/7r/2pp3p/1P6/B1N3PN/P1PPPP1P/R2QKB1R w KQq - 1 6,0
rn1qkbnr/ppp1pp1p/6p1/3p4/P7/2NP3b/1PP1PPPP/R1BQKBNR w KQkq - 1 4,1
rnbqkb1r/1ppppppp/p6n/8/3P4/7P/PPPKPPP1/RNBQ1BNR b kq - 1 3,0
rnbq1bnr/pppp1kp1/4p2p/5p2/3P4/2N3P1/PPPKPPBP/R1BQ2NR b - - 1 5,0
rnbqkbnr/ppp1ppp1/3p4/7p/8/1P3N1P/P1PPPPP1/RNBQKB1R b KQkq - 0 3,0
r1bqkb1r/1pppp1pp/5p1n/p6P/3P2P1/3n3N/PPP1PP2/RNB1KB1R w KQkq - 0 7,1
rnb1k1nr/pppqpp1p/3p2pb/8/P7/6P1/RPPPPP1P/1NBQKBNR w Kkq - 2 5,0
r1bqkbnr/pp1pp1pp/n1p2p2/8/1PP2P2/1Q6/P2PP1PP/RNB1KBNR b KQkq - 1 4,0
rnbqkb1r/pp1pp1pp/2p4n/5p2/5P2/N7/PPPPP1PP/R1BQKBNR w KQkq - 0 4,0
rnbqkbnr/1p1pp2p/2p5/pNP2pp1/3P4/7N/PP2PPPP/R1BQKB1R w KQkq - 0 7,1
rnbqk2r/pp1p1ppp/4pn2/2p5/1b4P1/N4N2/P1PPPP1P/R1BQKB1R w KQkq - 0 5,1
rnbqkb1r/pp1pppp1/2p4n/4N2p/1P2P3/8/P1PP1PPP/RNBQKB1R b KQkq - 2 4,0
r1bqkbnr/p1pp1ppp/np2p3/8/P4PP1/8/1PPPP2P/RNBQKBNR w KQkq - 0 4,0
rnbqkb2/pppppppr/5n1p/8/6P1/7P/PPPPPP1R/RNBQKBN1 w Qq - 3 4,0
r1bqkbnr/2pppppp/1pn5/p7/P7/BPN5/2PPPPPP/R2QKBNR b KQkq - 1 4,0
rnb1kbnr/pp1pp1pp/8/2p5/8/P4PpB/1qPPP2P/RNBQK1NR w Kkq - 0 7,1
r1bqkbnr/ppp1p1pp/n7/3p1p2/6P1/1P5P/P1PPPP1R/RNBQKBN1 b Qkq - 1 4,1
rnbq1bnr/ppp1pk1p/3p4/1N4p1/4Pp2/5P1N/PPPP2PP/R1BQKB1R w KQ - 2 6,1
rnbqk1nr/pp1ppp2/2p4p/6p1/P2b3P/4P2R/1PPPKPP1/RNBQ1BN1 w kq - 0 6,1
rnbq2nr/pppkpp1p/6pb/3p4/1P1P2P1/7P/P1P1PP2/RNBQKBNR w KQ - 1 5,1
rnbqkbnr/ppppp1p1/7p/5p2/7P/N7/PPPPPPP1/1RBQKBNR b Kkq - 0 3,0
rnbqkbnr/ppp2pp1/3p4/4p2p/P7/5P2/1PPPP1PP/RNBQKBNR b KQkq - 0 4,1
rnbqkb1r/pppppppp/5n2/4B3/8/2PP4/PP2PPPP/RN1QKBNR b KQkq - 2 4,0
rnb1kbnr/2pp1ppp/p7/1p2p1q1/8/5PPP/PPPPP3/RNBQKBNR b kq - 0 5,0
rnb1kb1r/ppqppppp/2p4n/8/6P1/1P3P2/P1PPP2P/RNBQKBNR w KQkq - 1 4,0
rnbqkbnr/p1ppp1pp/8/1p3p2/P1P5/8/1P1PPPPP/RNBQKBNR w KQkq - 0 4,1
rnbqkb1r/2ppppp1/p4n1p/1p6/4PP2/1P5P/P1PP2P1/RNBQKBNR w KQkq - 0 5,0
rnb1kbnr/p2ppppp/1p6/2p1N3/3P4/6P1/qPPNPP1P/R1BQKB1R w KQkq - 0 6,1
rnbqk1nr/pppp1p1p/6pb/4p3/1PPP4/N7/P3PPPP/R1BQKBNR b KQkq - 0 4,0
r1bqkbnr/pp1pp1pp/n1p2p2/8/8/N1P3PN/PP1PPP1P/R1BQKB1R b KQkq - 0 4,0
rnbqkbnr/1p1p1ppp/2p5/p7/3Pp2P/5NP1/PPPKPP2/RNBQ1B1R b kq - 0 5,1
r1bqkbnr/2ppp1p1/p4p1p/1pn5/Q1PP4/2N3P1/PP1KPP1P/R1B2BNR w kq - 0 7,1
rnbqkbnr/ppppp3/6p1/5p1p/4PP2/3B1N1Q/PPPP2PP/RNB1K2R w KQ - 2 7,1
rnb1kbnr/p1pp1ppp/8/1p2pP2/7q/2N3P1/PPPPP2P/R1BQKBNR b KQkq - 0 4,0
rn1qkbnr/p1pb1pp1/1p1p3p/4p3/6P1/P1P4P/1P1PPP1R/RNBQKBN1 w Qkq - 1 6,0
r1bq1b1r/p1ppkppp/2n2n2/1p2p3/1P1P4/7P/PBPKPPP1/RN1Q1BNR w - - 2 6,0
rq2kbnr/1pp1pppp/n7/p2p4/PP1P3P/2P4N/4PPP1/RNBQKB1R w KQkq - 1 7,1
r1bqkbnr/pppp1ppp/n7/4p3/3P1P2/N3K3/PPP1P1PP/R1BQ1BNR b kq - 1 5,1
rn1qkbnr/p1p1pppp/1pbp4/8/3P2P1/4P2P/PPPB1P2/RN1QKBNR b KQkq - 0 5,1
rnbqkbnr/p1p1pppp/3p4/1p6/1P6/3P1N2/P1P1PPPP/RNBQKB1R b KQkq - 0 3,0
rnbqkbnr/1pppp1p1/5p2/pB5p/8/4P1PN/PPPP1P1P/RNBQK2R b KQkq - 1 4,0
rnb1kbnr/pp1pppp1/1qp5/7p/8/P3P2N/1PPP1PPP/RNBQKB1R w KQkq - 1 4,0
rnbqkbnr/ppppppp1/7p/4N3/7P/8/PPPPPPP1/RNBQKB1R b KQkq - 0 4,0
rnbqkbnr/pp1p1ppp/2p1p3/8/8/N2P2PP/PPP1PPB1/R1BQK1NR b KQkq - 0 5,0
rnbqkb1r/1ppppppp/8/p7/2P2PnP/8/PP1PP3/RNBQKBNR b KQkq - 0 4,1
r1bqkbnr/2ppp3/ppn4p/5pp1/1P2P1P1/3P4/P1PQ1P1P/RNB1KBNR w KQkq - 0 7,0
r1bqkbnr/ppp1ppp1/2np4/7p/1P6/P6N/1BPPPPPP/RN1QKB1R b KQkq - 1 4,0
rnbq1b1r/1ppppkpp/5n2/pP3p2/5P2/2P5/P2PP1PP/RNBQKBNR b KQ - 0 5,0
rnbqkbnr/ppp3pp/5p2/3ppP2/6P1/7P/PPPPP3/RNBQKBNR b KQkq - 0 4,1
rnbqkbnr/p3pppp/1p6/2pp4/1P3P2/5N2/P1PPP1PP/RNBQKB1R w KQkq - 0 4,0
r1bqkb1r/2ppppp1/1pn2n2/p6p/5P2/7P/PPPPP1P1/RNBQKBNR b kq - 3 6,1
rnbqkb1r/pp1ppppp/7n/2p5/5PP1/8/PPPPP2P/RNBQKBNR b KQkq - 0 3,1
rnbqkb1r/pp1ppppp/8/8/2p1P3/P1nP1P2/RPP3PP/1NBQKBNR w Kkq - 0 6,1
rn1qkbnr/ppp1ppp1/4b3/7p/2pPP3/8/PP1K1PPP/RNBQ1BNR w kq - 0 5,0
r1bqkb1r/pppppppp/2n5/3n4/4P3/2PB4/PP1P1PPP/RNBQK1NR w KQkq - 1 4,1
rn1qkbnr/p3pp1p/8/1ppp2p1/5PbP/2P5/PPQPP1P1/RNB1KBNR w KQkq - 0 6,1
r1bqkbnr/ppp1pp1p/n5p1/3p4/4P1Q1/2P5/PP1P1PPP/RNB1KBNR w KQkq - 0 4,0
rnbqkb1r/ppppp1pp/7n/5p2/8/3P4/PPP1PPPP/RNBQKBNR b KQkq - 0 3,0
r1bqkbnr/pppppp2/n5p1/8/5BPp/2PP4/PP1QPP1P/RN2KBNR b KQkq - 0 5,0
rnbqkbnr/p2pp1pp/2p2p2/1p6/8/1QPP2P1/PP2PP1P/RNB1KBNR b KQkq - 1 4,0
rnbqkbnr/p2ppp1p/6p1/1pp5/8/6P1/PPPPPP1P/RNBQKBNR w KQkq - 0 4,0
1nbqkbnr/rp2p1pp/p1p5/3p1p2/P7/1PP3P1/2NPPP1P/R1BQKBNR b KQk - 0 6,0
r2qk1nr/ppp2p1p/n5pb/3ppb2/1P2P2P/B2P4/P1P1BPP1/RN1QK1NR w KQkq - 0 7,1
r1bqkb1r/pppppppp/2n2n2/3N4/8/7P/PPPPPPP1/R1BQKBNR b KQkq - 2 3,1
r2qkbnr/ppp1p1pp/3p1p2/8/1n1N4/3P4/PPP1bPPP/R1BQKBNR w KQkq - 0 7,1
rnbq2nr/ppppkppp/4p3/2b5/P7/8/1PPPPPPP/RNBQKBNR b KQ - 0 4,0
rnbq1knr/p2ppp1p/6p1/1pp5/P7/RP2bP1N/2PPP1PP/1NBQKBR1 w - - 0 7,1
r1bqkb1r/Nppp2p1/n3pp2/5n1p/5P2/8/PPPPPKPP/R1B1QBNR w kq - 0 7,0
rnb1kbnr/pp1p1ppp/2p2q2/4N3/3P4/2N5/PPP1PPPP/R1BQKB1R b KQkq - 0 4,1
r1bqkbnr/1pppppp1/2n4p/p4P2/1P1P4/8/P1P1P1PP/RNBQKBNR b KQkq - 0 5,1
rnbqkbr1/1ppp1p1p/p6n/4p1p1/2P5/5P1P/PP1PP1P1/RNBQKBNR w KQq - 0 6,0
rnq1kbnr/pppbppp1/7p/3p4/2P3P1/P4N1P/1P1PPP2/RNBQKB1R b KQkq - 2 5,0
r1bqkbnr/p1pppppp/2n5/1p6/1P6/P6P/2PPPPP1/RNBQKBNR b KQkq - 0 3,0
rn1qkbnr/1ppbpppp/3p4/p7/3P1P2/6PP/PPP1P3/RNBQKBNR b KQkq - 0 5,0
rnb1kbnr/ppqpp2p/5p2/2p3p1/P6P/2P5/RP1PPPP1/1NBQKBNR b Kkq - 0 5,0
rnbqkbnr/pp1p2pp/5p2/2p1p3/2P3P1/P6P/1P1PPP2/RNBQKBNR b KQkq - 0 4,0
r3kbnr/1ppnp1pp/3qbp2/p2p4/1P1P4/4BPP1/P1P1PK1P/RN1Q1BNR w kq - 1 7,0
rnb2b1r/2ppkppp/p6n/1p2p3/7q/P1P4P/RP1PPPP1/1NBQKBNR w K - 1 7,1
rnbq1bnr/1ppppkp1/p6p/8/8/P3P3/1PPP1PPP/RNB1KBNR b KQ - 0 4,1
rnbqk1nr/ppppbppp/8/4p3/4PP1P/8/PPPP2P1/RNBQKBNR b KQkq - 0 4,1
rnbqkbnr/1pp1p1p1/p4p1p/1P1p4/7P/2PP4/P3PPPR/RNBQKBN1 w Qkq - 1 7,0
rnbqkbn1/ppp1p1pr/3pBp2/7p/7P/6P1/PPPPPP2/RNBQ1KNR b q - 1 5,1
rnbq3r/pp1pkppp/2p4n/2b1p3/4PP2/7P/PPPPK1P1/RNB1QBNR w - - 3 6,1
1nbqkbnr/rpppppp1/8/p6p/2PP4/2N3P1/PP2PP1P/R1BQKBNR b KQk - 0 4,1
rnb1kb1r/ppppq1pp/5p2/4pP2/2P5/P5P1/1P1PPnBP/RNBQK1NR w KQkq - 1 7,1
rnbqkbnr/1p1pppp1/p6p/2p5/P7/2N2N2/1PPPPPPP/R1BQKB1R w KQkq - 0 4,0
rnb1kb1r/1pp1pppp/p2q1n2/3p2N1/2P1P3/5P2/PP1P2PP/RNBQKB1R b KQkq - 0 5,1
r1bqkb1r/pppp1ppp/n3pn2/4P3/8/P4P2/1PPP2PP/RNBQKBNR b KQkq - 0 4,0
rnbqkb1r/pppp1p1p/4pnp1/8/P1P5/5N1P/RP1PPPP1/1NBQKB1R w Kkq - 0 6,0
rnbqk1nr/1ppp1ppp/3bp3/p3P3/P7/8/1PPP1PPP/RNBQKBNR w KQkq - 1 4,1
rnbqkbnr/1pppppp1/7p/P7/P6P/B1P5/3PPPP1/RN1QKBNR b KQkq - 0 6,0
rnbqkbn1/p1ppp2r/5p1p/1p4p1/2PPP3/P6P/1P3PP1/RNBQKBNR w KQq - 1 6,1
r1bqkbnr/p1pp1pp1/1pn1p2p/6N1/4P1Q1/8/PPPP1PPP/RNB1KBR1 b Qkq - 1 5,1
r1bqk1nr/1pppp1b1/p1n2p2/6pp/3P2P1/4K2N/PPP1PP1P/RNBQ1B1R w kq - 3 7,1
1rbqkbnr/ppppp1p1/n4p1p/8/2P5/1P3P2/P1QPP1PP/RNB1KBNR w KQk - 0 5,0
rn1qkbnr/p1p1pppp/3p4/Pp6/8/7b/1PPPPPPP/RNBQKBNR b KQkq - 2 4,0
rnb1kbnr/ppqp1ppp/8/2p1p3/8/P6P/1PPPPPP1/RNBQKBNR b KQkq - 0 4,1
rnbqk1r1/pppppp1p/7b/P5pn/3P1P2/3BP3/1PP3PP/RNBQK1NR b KQq - 0 6,1
1nbqkb1r/rppp1p1p/4Nn2/p3p2Q/2B5/4P3/PPPP1PPP/RNB1K2R w KQk - 2 7,0
r1bqk1nr/pppp1ppp/n3p3/2b5/2P2P1P/1P6/P2PP1P1/RNBQKBNR b KQkq - 0 4,1
rnbqkbnr/pppp1p1p/4p1p1/8/P2P4/6P1/1PP1PP1P/RNBQKBNR b KQkq - 0 3,0
rnbqkb1r/pppp2pp/5n2/4pp2/8/4P1P1/PPPP1PBP/RNBQK1NR w KQkq - 0 4,0
rn1qkbnr/pppb2pp/3p1p2/4p3/1P6/2N2P1N/P1PPP1PP/R1BQKB1R w KQkq - 2 5,0
1n1qkbnr/rpp1pppp/3p4/p7/P6P/7b/RPPPPPP1/1NBQKBNR w Kk - 2 5,1
r1b1k1nr/pp1pbppp/nq2p3/2p5/4NP2/3P4/PPPBP1PP/R2QKBNR w KQkq - 5 6,0
rnbqkbnr/2pp1p2/p3p2p/6p1/PP6/N7/R1PPPPPP/2BQKBNR b Kkq - 1 6,0
rnbqkbnr/p1ppppp1/1p5p/8/5PP1/8/PPPPP2P/RNBQKBNR b KQkq - 0 3,1
rnbqk1nr/1ppp2pp/3b4/pP2pp2/5P1P/8/P1PPP1PR/RNBQKBN1 b Qkq - 1 6,1
r1bqkbnr/pppppppp/8/8/P1P5/R4n2/1P1PPPPP/1NBQKBNR w Kkq - 3 4,1
rnb1kbnr/1ppqp1pp/3p4/p4P2/5N2/8/PPPP1PPP/RNBQKB1R w KQkq - 1 5,1
rnbqkbnr/p1ppp1pp/8/1p3p2/8/1PN3PP/P1PPPP2/R1BQKBNR b KQkq - 0 4,0
rnbqkbnr/ppp1pp2/3p2p1/7p/6P1/5P2/PPPPP2P/RNBQKBNR b KQkq - 1 4,1
rnbqkb1r/1pp1p1pn/p2p3p/5P2/P4P2/N7/1PPP1KPP/R1BQ1BNR w kq - 2 7,1
rnbqkbnr/1p1pp3/5p1p/p1p3p1/1P5P/N7/PBPPPPPR/R2QKBN1 w Qkq - 0 6,1
rnbqkbnr/2ppp1pp/8/pp3p2/8/5N1P/PPPPPPPR/RNBQKB2 w Qkq - 0 4,0
rnbqk1nr/1pppp1b1/p5p1/5pPp/P3P3/3P4/RPP2P1P/1NBQKBNR w Kkq - 1 7,0
rnbqkbnr/pp1p3p/2p3p1/4pp2/1P1P4/2P4N/P3PPPP/RNBQKB1R w KQkq - 0 5,1
r1bqkbnr/pppp1p2/n7/4p1pp/Q1P5/3P1P1N/PP2P1PP/RNB1KB1R w KQkq - 0 6,1
rnb2bnr/ppqkppp1/2pp4/7p/PP3PP1/8/2PPPK1P/RNBQ1BNR w - - 0 6,0
r1bqkb1r/p1pppp1p/1p5n/n5p1/1P4P1/3PP3/P1P2PBP/RNBQK1NR w KQkq - 3 6,1
rnbq1bnr/1ppp1kpp/4pp2/p7/P6N/8/1PPPPPPP/RNBQKBR1 w Q - 0 5,0
rnbqkb1r/pp2ppp1/2pp1n2/6Np/P6P/4P3/1PPP1PP1/RNBQKB1R b KQkq - 0 5,0
r1bqkbnr/pppppp2/n5pp/8/2P5/P2P4/1P1BPPPP/RN1QKBNR b KQkq - 0 4,0
r1bqkbnr/1p1npppp/pN1p4/2p5/P7/6P1/1PPPPP1P/R1BQKBNR b KQkq - 0 5,1
rn1qkbnr/ppp1pppp/3p4/5b2/7P/4P3/PPPP1PP1/RNBQKBNR b KQkq - 0 3,0
rnbqkb1r/1ppppppp/8/p7/PP2n2P/6P1/2PPPP2/RNBQKBNR b KQkq - 0 4,1
rnbqkb1r/pp1p1p1p/4p2n/2p3p1/2P3PP/P4P1B/1P1PP3/RNBQK1NR b KQkq - 0 6,0
rnbqk1nr/pppp1p1p/8/2b1p1p1/8/2P5/PPQPPPPP/RNB1KBNR b KQkq - 1 4,0
rnb1kbnr/pp1p1ppp/8/1P2p3/2pB2P1/4q2P/P1PPPP2/RN1QKBNR w KQkq - 0 7,1
rnbqkbnr/1pppp1pp/8/p4p2/2P5/1P5P/P2PPPP1/RNBQKBNR b KQkq - 0 3,0
rnbqkbnr/pp2p1pp/3p4/2p2p2/5P2/2N3P1/PPPPP2P/R1BQKBNR w KQkq - 0 4,0
rnb1qbnr/1pp1kpp1/p2pp3/7p/P5P1/2P2P2/RP1PP1BP/1NBQK1NR w K - 0 7,0
rnb1kb1r/ppq1pp1p/B1p4n/6p1/1P2p3/N4NP1/P1PP1P1P/R1BQK2R w KQkq - 0 7,1
rnbqkb1r/p1p1pppp/5n2/1p1pB3/8/NP6/P1PPPPPP/R2QKBNR w KQkq - 0 5,1
rn1q1bnr/ppp1pkpp/8/3p1b2/4Pp1P/1P1P4/P1P1NPP1/RNBQKBR1 w Q - 1 7,1
rnbqkb1r/pppp1pp1/4pn1p/6B1/3P4/N7/PPP1PPPP/R2QKBNR w KQkq - 0 4,0
rn1qkbnr/p2pp1pp/b7/1pp2p2/6P1/1P1P3P/P1P1PPB1/RNBQK1NR w KQkq - 1 6,1
rnbqkbnr/pp1pp1p1/5p1p/8/3p2P1/2P5/PPQ1PP1P/RNB1KBNR w KQkq - 0 5,0
rnbqk1nr/pppppp2/8/4b1pp/3P4/P1N4P/1PP1PPP1/R1BQKBNR w KQkq - 1 5,1
1r1qkbnr/1pp1pppp/2n5/p2p1b2/1P6/4P2P/PBPPKPP1/RN1Q1BNR b k - 5 6,1
r1bqkbn1/p1pp1ppr/1pn1p2p/8/3PP3/2P2N2/PPQB1PPP/RN2KB1R b KQq - 1 6,1
rnbqkb1r/pppppp1p/7n/8/P4Bp1/3P4/1PP1PPPP/RN1QKBNR b KQkq - 1 4,0
r1bqkb1r/pppppn1p/2n5/5pp1/3P3P/BP2P3/P1P2PP1/RN1QKBNR w KQkq - 1 6,1
rnbqkb1r/1ppp1ppp/p4n2/4p3/1P2P3/6P1/P1PPNP1P/RNBQKB1R b KQkq - 1 4,1
rnbqkbnr/1pppp3/6p1/p4p1p/3P1P2/2N5/PPP1P1PP/1RBQKBNR b Kkq - 1 5,0
r1bq1bnr/pp1kp1p1/n2p1p1p/2p5/P3P2P/6P1/1PPP1P2/RNBQKBNR w KQ - 0 7,1
rn1qkbn1/ppp1pp2/3p2pr/7p/3P2b1/1PN5/P1P1PPPP/R1BQKBNR w KQq - 0 6,1
r1bqkb1r/pppppp2/7n/1B4pp/1n2P1P1/8/PPPPKP1P/RNBQ2NR w kq - 2 6,1
rnb1kbnr/pp2ppp1/1qp5/3P3p/6PP/P7/1PPPQP2/RNB1KBNR b KQkq - 2 6,1
rnbqkbnr/p1pp1p2/1p2p3/6pp/4P2P/3B1NP1/PPPP1P2/RNBQK1R1 w Qkq - 0 7,1
rnbq1b1r/1ppk1ppp/3pp2n/p7/1P4P1/3P4/P1PKPP1P/RNBQ1BNR b - - 0 6,1
rnbqkbnr/ppp1pp1p/8/3p2p1/8/N1P3P1/PP1PPP1P/R1BQKBNR w KQkq - 0 4,1
r1bqkbnr/ppp1ppp1/n2p4/7p/3P4/P1N5/1PP1PPPP/R1BQKBNR w KQkq - 0 4,1
r1bqkbnr/pppnpppp/3p4/8/7P/3P2P1/PPP1PP2/RNBQKBNR b KQkq - 0 3,0
2bqkbnr/rpppp1pp/2n2p2/p7/8/2NP4/PPP1PPPP/R1BQKBNR w KQk - 1 5,1
1rbqkbnr/ppp1ppp1/n2p4/7p/8/BPN2NP1/P1PPPP1P/R2QKB1R b KQk - 1 5,0
rnbqkbnr/p2pp1p1/2p2p2/1p5p/P1B1P3/5Q1N/1PPP1PPP/RNB1K2R w KQkq - 0 6,1
rnbq1bnr/pppkpp1p/8/6p1/3p2P1/PPP4P/3PPP2/RNBQKBNR b KQ - 0 5,0
r1bqkbnr/pppppppp/8/8/1n3P2/1P4P1/P1PPP2P/RNBQKBNR b KQkq - 0 3,0
rn1qkbnr/pp2ppp1/3p4/2p4p/PP4b1/2N4P/2PPPPP1/R1BQKBNR w KQkq - 0 5,1
rnbq1bnr/pp1pp1pp/5k2/5p2/5B2/3P3P/PPP1PPP1/RN1QKBNR b KQ - 2 5,1
r1bqkbnr/pppp1p1p/n5p1/4p1P1/3P1P2/4P2B/PPP4P/RNBQK1NR b KQkq - 0 6,0
rnbqkbn1/pppppp1r/6pp/8/2P2P2/4P3/PP1PK1PP/RNBQ1BNR b q - 2 4,0
rnbqkbnr/ppppp2p/8/5pp1/1P1P4/2P5/P3PPPP/RNBQKBNR w KQkq - 0 4,1
rnbqkb1r/ppp1pppp/8/3p4/2B1PPn1/8/PPPP2PP/RNBQK1NR b KQkq - 1 5,1
rn1qkbnr/ppp1pppp/8/3p4/5P2/3P2Pb/PPP1P2P/RNBQKBNR b KQkq - 0 3,0
rnbqkbnr/p2ppppp/8/1pp5/PPP5/R4N2/3PPPPP/1NBQKB1R b Kkq - 1 5,1
1rbqkbnr/1ppppppp/8/p7/3n4/1PP2P2/P3P1PP/RNBQKBNR w KQk - 0 5,1
rnbqk1nr/1ppp1ppp/8/p3p3/8/bP2PP2/P1PP2PP/RNBQKBNR w KQkq - 1 4,1
rnbqkbnr/2pppppp/p7/8/1p4P1/N6B/PPPPPP1P/R1BQK1NR b KQkq - 0 4,1
r1bqkbnr/ppppp3/2n5/5ppN/8/3PP3/PPP2PPP/RNBQKB1R b KQkq - 0 5,0
rnb1kb1r/p1pp1ppp/7n/4p3/1pP3Pq/8/PP1PPP2/RNBQKBNR w Qkq - 0 6,1
rnbqkbnr/pppp1p1p/4p1p1/8/PP4P1/8/2PPPP1P/RNBQKBNR b KQkq - 0 3,1
rn1qkbnr/pb2p1pp/3p4/1pp2p2/3PN1P1/7P/PPP1PP1R/R1BQKBN1 b Qkq - 0 6,1
r1bqkbnr/pp1pppp1/n7/2p4p/8/3QP3/PPPP1PPP/RNB1KBNR w KQkq - 0 4,0
rnbqkb1r/pppppp1p/8/6pn/P1PN3P/8/1P1PPPPR/RNBQKB2 b Qkq - 4 6,0
r1bqkb1r/p2ppppp/np5n/2p5/8/2N5/PPPPPPPP/R1BQKBNR b KQkq - 1 5,0
rnbqkb1r/ppp1p2p/5p1n/3p2p1/P2N4/8/1PPPPPPP/RNBQKB1R w KQkq - 0 5,0
rnbqk1nr/p1pp1ppp/1p6/4p3/2P3P1/b4N2/PP1PPP1P/RNBQKB1R w KQkq - 0 4,1
1nbqkbnr/1pppp1pp/8/1p3p2/5r1P/3P4/P1PQPPP1/RNB1KBNR w KQk - 3 7,1
rnbqkbnr/ppppp2p/8/5pp1/1P2P3/8/PBPP1PPP/RN1QKBNR b KQkq - 1 3,1
rnbqkbnr/pp1ppp1p/8/2p3p1/P3P3/5P2/1PPP2PP/RNBQKBNR w KQkq - 0 4,1
rn1q1bnr/p1ppkpp1/b3p3/1p5p/3P1P2/1P5N/P1PQP1PP/RNB1KB1R w KQ - 1 6,1
r1bqkbnr/pppppp1p/n5p1/1N6/6P1/P7/1PPPPP1P/R1BQKBNR w KQk - 1 5,0
1rbq1b1r/1ppppkpp/7n/p1n5/4PP2/P6P/1PPP2P1/RNB1KBNR w KQ - 0 7,1
rnbqkbnr/p3ppp1/2p5/1p1p3p/8/2NP3P/PPP1PPP1/R1BQKBNR b KQkq - 0 5,0
rnbqkbnr/p1p1pppp/8/1p1p4/P7/4PQ2/1PPP1PPP/RNB1KBNR b KQkq - 0 3,0
r1bqkbnr/ppppp1p1/8/5p2/P2n3p/5P1N/RPP1P1PP/1NBQKB1R b Kkq - 1 6,1
r1b1kb1r/pp1pp1pp/1qn2n2/2p2p2/2P2P1P/P7/1PQPP1PR/RNB1KBN1 w Qkq - 3 7,1
rnbqk1nr/ppppppbp/6p1/7P/8/7N/PPPPPPP1/RNBQKB1R b KQkq - 0 3,1
1rbqkbnr/ppppp2p/n7/5pp1/3P4/4P3/PPPK1PPP/RNBQ1BNR w k - 0 5,0
rnbqkbnr/pppp1pp1/4p3/5P1p/8/7P/PPPPP1P1/RNBQKBNR b KQkq - 0 3,0
rnbqkbnr/3pp1pp/1pp5/p3P3/P4p2/R6P/1PPP1PP1/1NBQKBNR w Kkq - 0 6,1
r1bqkb1r/1ppppppp/p1n2n2/8/2P3P1/8/PP1PPPBP/RNBQK1NR w KQkq - 3 4,0
rnbqkbnr/pp1ppp1p/2p5/6p1/1P4PP/8/P1PPPP2/RNBQKBNR b KQkq - 0 3,0
rnb1kbnr/p1qp1p1p/1pp5/4p1p1/3P4/7N/PPP1PPPP/RNBQKBR1 w Qkq - 2 6,1
r1bqkbnr/pppp1pp1/2n5/2P1p2p/8/P7/1P1PPPPP/RNBQKBNR b KQkq - 0 4,1
rnbqkbnr/pppp1p1p/6p1/4p3/2P4P/1P6/P2PPPP1/RNBQKBNR b KQkq - 0 3,0
1nbqkbnr/rp1ppppp/p1p5/8/2B1P3/PP6/2PP1PPP/RNBQK1NR b KQk - 2 4,0
rnb1kbnr/ppqppp1p/6p1/2p5/P7/N4P2/1PPPP1PP/R1BQKBNR w KQkq - 2 4,0
rnbqkbnr/1pp1pppp/p7/3p4/8/N1P3P1/PP1PPPBP/R1BQK1NR w KQkq - 0 5,0
rnbqkb1r/p2pp1pp/5p1n/1pp5/5BP1/2PP3P/PP2PP2/RN1QKBNR b KQkq - 0 5,0
rnbq1bnr/ppppkppp/4p3/8/8/7P/PPPPPPP1/RNBQKBNR b KQ - 3 3,0
rnbqkbnr/3pp1p1/2p2p2/pp5p/P1P2P2/8/1PQPPKPP/RNB2BNR w kq - 0 7,0
rnbqkbnr/pppp2pp/8/4pp2/5P2/4P3/PPPPN1PP/RNBQKB1R b KQkq - 0 3,0
r1bqkbnr/ppp1pppp/2n5/3p4/4P1P1/2N5/PPPP1P1P/R1BQKBNR b KQkq - 2 3,1
rnbqkbnr/p3pppp/1pp5/3p4/P7/1P5N/2PPPPPP/RNBQKB1R w KQkq - 0 4,0
rnb1kbnr/ppp1ppp1/q7/1P1P3p/8/7N/P2PPPPP/RNBQKB1R w KQkq - 1 6,1
rnbqkbnr/p3ppp1/1p1p4/2p4p/P4P2/3PP3/1PP1N1PP/RNBQKB1R w KQkq - 0 6,0
rnb1kbnr/p2pp1pp/1q6/1pp2p2/1P2P3/2N2N2/P1PP1PPP/1RBQKB1R b Kkq - 0 6,1
rnbqkbnr/pp2pppp/2pp4/8/8/P1P3P1/1P1PPP1P/RNBQKBNR b KQkq - 0 3,0
rnbqkbnr/2p1pppp/p7/1p1p4/1P2Q3/2P5/P2PPPPP/RNB1KBNR b KQkq - 1 4,1
r1bqk1nr/p1ppbp1p/np2p3/6p1/1P3P2/4PN2/P1PP2PP/RNBQKB1R w KQkq - 1 7,1
r1bqkbnr/ppp1pp1p/6p1/3p4/6P1/PP1n4/1BPPPP1P/RNQ1KBNR w KQkq - 1 6,1
1rbqkbnr/ppp2p2/n2pp1pp/6P1/8/P1P4N/1P1PPP1P/RNBQKBR1 w Qk - 0 7,0
rn1qk1nr/p1ppp2p/b4p1b/1p4p1/4P2P/1QPB2P1/PP1P1P2/RNB1K1NR w KQkq - 0 7,1
rn1qkb1r/p1pppppp/7n/1p1b4/8/1P1P2PP/P1P1PP2/RNBQKBNR w KQkq - 1 7,1
r1bqkbnr/p1p1pppp/n7/1p1p2N1/8/2P3P1/PP1PPP1P/RNBQKB1R b KQkq - 0 4,0
rnbqkbn1/pppppppr/8/7p/6P1/2N4N/PPPPPP1P/R1BQKB1R w KQq - 1 4,1
rnbqkb1r/pppppp2/6p1/7p/PP5P/4n2R/2PP1PP1/RNBQKBN1 w Qkq - 0 6,1
r1b1kbnr/pppp1ppp/n7/4p1q1/1P3N2/6P1/P1PPPP1P/RNBQKB1R b KQkq - 2 4,1
rnbqkbnr/1p4pp/p1pp1p2/PB2p3/4PP2/5N2/1PPP2PP/RNBQK2R b KQkq - 1 6,1
rnbqkbnr/p2p1p2/1pp1p2p/6p1/1PP3P1/5P2/PB1PP2P/RN1QKBNR w KQkq - 0 7,1
rn1qkbnr/p2pppp1/b1p5/1p4Np/8/2P4P/PP1PPPP1/RNBQKBR1 b Qkq - 1 5,0
rnbqkbnr/ppp1p1pp/5p2/3p4/3P1BP1/8/PPP1PP1P/RN1QKBNR w KQkq - 2 5,0
rnbqkbnr/1pp1pppp/8/p2p4/3P2P1/4B2N/PPP1PP1P/RN1QKB1R b KQkq - 1 4,1
r1bqkbnr/1ppppp2/n5p1/p6p/1P6/3P1P2/P1PBP1PP/RN1QKBNR b KQkq - 1 5,1
1rbqk1nr/p1pp1p1p/np2p2b/2Q3p1/4P2P/P7/1PPP1PP1/RNB1KBNR w KQk - 3 7,1
rn1qkbnr/ppp1pppp/3pb3/P7/8/7N/1PPPPPPP/RNBQKB1R b KQkq - 0 3,0
rn1qkbnr/pbpppppp/8/1p6/4P3/7N/PPPPKPPP/RNBQ1B1R b kq - 2 3,1
r1bqkbn1/ppp2ppr/2np3p/4p3/2P5/PP5N/1B1PPPPP/RN1QKB1R w KQq - 4 6,0
rnbqkb1r/pppppp1p/6pn/8/P7/4P1P1/1PPP1P1P/RNBQKBNR b KQkq - 0 3,0
rnb1kbnr/pp1pp1pp/2p2p2/q7/P3P3/3P4/1PP2PPP/RNBQKBNR w KQkq - 1 4,1
r1bqkbnr/ppp1pppp/n2p4/8/8/2P5/PP1PPPPP/RNBQKBNR b KQkq - 0 3,0
r1bqkbnr/ppppp1pp/5p2/8/1n6/1P1P1P2/P1P1P1PP/RNBQKBNR w KQkq - 0 4,0
1nbqkbnr/rp1ppppp/p7/2p5/P4P2/8/1PPPPKPP/RNBQ1BNR w k - 1 4,0
r1bq2nr/pppk1ppp/n2b4/3pp3/5P2/3P3N/PPPBP1PP/RN1QKB1R w KQ - 5 7,0
rnbqkbnr/1pp1ppp1/p2p3p/8/3P4/P3PP2/1PP3PP/RNBQKBNR b KQkq - 0 4,0
r1bqkbnr/p3pppp/2p5/np1p4/7P/1P2P3/P1PP1PP1/RNBQKBNR w KQkq - 0 6,0
rnbqkbn1/p1ppp1pr/5p1p/1p6/2P3P1/P7/1PQPPP1P/RNB1KBNR w KQq - 2 5,0
rnbqkb1r/2pp1p1p/4p1pn/pp6/P2P4/1P3N2/2P1PPPP/RNBQKB1R b KQkq - 1 6,0
r1bqkbr1/p1pppppp/5n2/1p2n3/1P2P3/8/P1PPBPPP/RNBQK1NR w KQq - 6 6,1
rnb1kbnr/pp1p1ppp/8/2p4P/1q2p3/2N5/PBPPPPP1/R2QKBNR w KQkq - 0 6,1
r1bqkbnr/p2pp1pp/Bpp2p2/8/P3PP2/2P5/1P1P2PP/RNBQK1NR b KQkq - 0 5,0
rnbqkb1r/1pp1pppp/p2p1n2/8/6P1/P1P5/1P1PPP1P/RNBQKBNR w KQkq - 0 4,0
r1b1kbnr/pppp1ppp/n7/6q1/3P1p1P/P7/1PP1P1P1/RNBQKBNR b KQkq - 0 5,1
r1bqkbn1/p1pppppr/1pn4p/8/5P2/P1N4N/1PPPP1PP/1RBQKB1R b Kq - 2 5,0
r1b1kbnr/p1ppq1p1/np2p3/5pPp/1P2P3/3P4/P1P1KP1P/RNBQ1BNR w kq - 1 7,0
rn1qkb1r/pbp1pp1p/1p1p1n2/6p1/1PN5/5PP1/P1PPP2P/R1BQKBNR w KQkq - 4 6,0
1rbqkbnr/pp2pppp/n1pp4/8/4P3/2N2PPN/PPPP3P/R1BQKB1R b KQk - 1 5,0
rnbqkb1r/1p1ppppp/2p4n/p7/P7/1P5N/1BPPPPPP/RN1QKB1R b KQkq - 1 4,0
rnbqkbnr/2pp1p1p/1p4p1/p3p3/4PP2/P1NB4/1PPP2PP/R1BQK1NR w KQkq - 0 6,1
rnbqkbnr/2ppp1pp/pp6/5p2/5P2/2PP1N2/PP2P1PP/RNBQKB1R b KQkq - 1 4,0
r1bqkbnr/p1B1pp1p/3p2p1/1p6/3n3P/2N5/PPP1PPP1/R2QKBNR w KQkq - 0 6,1
rn1qkbnr/pppbpp1p/3p4/6p1/P4P2/7P/1PPPP1P1/RNBQKBNR w KQkq - 1 4,0
rn1qkbnr/ppp1pppp/3p4/8/5Pb1/N6N/PPPPP1PP/R1BQKB1R b KQkq - 3 3,1
r1b1kbnr/pp1ppppp/1qn5/2p5/4P3/2P2Q2/PP1P1PPP/RNB1KBNR w KQkq - 3 4,0
rnbqkbnr/p1p1pp1p/8/1p1p2p1/3B4/1P6/P1PPPPPP/RN1QKBNR w KQkq - 0 4,1
r1bqkb1r/pp1ppppp/n1p5/6N1/1P1P1P2/4n3/P1P1P1PP/RNBQKB1R w KQkq - 3 6,1
rnb1kbnr/2p1pppp/1p6/p1Pp4/6Q1/4P2P/PP1P1PP1/RNB1KqNR w KQkq - 0 7,1
rnbqk1nr/p1ppp1b1/1pQ4p/5pp1/2P2P2/7N/PP1PP1PP/RNB1KB1R w KQkq - 2 6,1
rn1qkbnr/pbpppp2/6p1/1p4Np/3P2P1/1P2P3/P1P2P1P/RNBQKB1R b KQkq - 1 6,1
rnb1kbnr/ppqpp1pp/8/2p2p2/1P6/6PP/P1PPPP2/RNBQKBNR w KQkq - 1 4,0
rnbqkbnr/ppp1ppp1/3p4/7p/4P1PP/8/PPPP1P2/RNBQKBNR b KQkq - 0 3,1
rnbqkbnr/pp2p1pp/5p2/3p4/3pQ3/2P5/PP1NPPPP/R1B1KBNR b KQkq - 1 5,1
rnbqkbnr/4p1pp/1pp2p2/p7/3p4/P1P3PP/RPQPPP2/1NB1KBNR w Kkq - 0 7,0
rnbqkbn1/pp1p1pp1/2p4r/8/P1Pp1P1p/R1N5/1P2P1PP/2BQKBNR w Kq - 0 7,1
r1b1kbnr/pp2p1pp/2np4/3p1p2/P7/8/1PPPPPPP/RNBQKB1R w KQkq - 0 6,1
rnbq1bnr/pppppk1p/6p1/6p1/8/5PP1/PPPPP2P/RNBQKB1R w KQ - 0 5,1
1rbqkb1r/p1pppppp/2n4n/1p6/N6P/2P4R/PP1PPPP1/R1BQKBN1 b Qk - 2 5,1
rnbqkbnr/p1p1pppp/1p6/3p4/1P2P3/8/P1PPNPPP/RNBQKB1R b KQkq - 0 3,1
rnbqkbnr/pppp1ppp/4p3/8/8/N2P2PP/PPP1PP2/R1BQKBNR b KQkq - 0 4,0
r1bqk1nr/ppp1p1bp/2n2pp1/3p4/1PP1P3/P7/3PBPPP/RNBQK1NR w KQkq - 0 6,1
rnbqkbnr/1p1pppp1/2p4p/p7/P5P1/8/1PPPPP1P/RNBQKBNR b KQkq - 1 4,1
r1b1kbnr/pppqp2p/3p1pp1/2n3N1/8/2N1P2P/PPPPKPP1/R1BQ1B1R w kq - 2 7,0
rnb1k1nr/pp1p1ppp/1qp1p3/8/4P1P1/2N5/PPPPKP1P/R1BQ1BNR b kq - 0 6,1
rnb1kbnr/pppqpppp/8/3p4/6P1/5P2/PPPPP2P/RNBQKBNR b KQkq - 0 3,1
r1bqkbnr/p2ppp1p/1pn5/2p3p1/P3P3/5P2/1PPPN1PP/R1BQKBNR b KQkq - 0 5,0
rnbqkb1r/1pppp2p/5n1p/p4p2/2P5/P2P3P/1P2PPP1/RNQ1KBNR b KQkq - 1 6,1
rnbqk1n1/pppp1p1r/3b3p/6p1/1P2p3/5N1P/P1PPPPPR/RNBQKB2 w Qq - 0 7,1
rnbqkb1r/pp1ppppp/7n/2p5/1P6/2N2P2/P1PPP1PP/R1BQKBNR b KQkq - 2 3,1
r1bqkb1r/1ppppp1p/p1n2Bp1/5n2/1P6/3P1P2/P1P1P1PP/RN1QKBNR w KQkq - 1 6,1
rnbqkb2/2pppppr/5n2/pp4Np/P5P1/2P5/1P1PPP1P/RNBQKB1R w KQq - 0 6,1
rnbqk1nr/pppp1pp1/8/4p2p/3P3P/b1P3P1/PP2PP2/RNBQKBNR b KQkq - 0 4,1
rnb1kbnr/pppp1ppp/8/4p3/2P4q/P7/RP1PPPPR/1NBQKBN1 b - - 0 5,1
r1bqk1nr/pppp1ppp/n3p3/8/2P4P/bQ6/PP1PPPP1/RNB1KBNR w KQkq - 2 4,1
rnbqk1nr/p1ppp1b1/1p6/1B3ppp/P7/2N1PQ2/1PPP1PPP/R1B1K1NR w KQkq - 0 6,1
rnbqkbr1/1ppppppp/p4n2/8/5P2/1P6/P1PPP1PP/RNBQKBNR w KQq - 0 4,0
rnbqkbnr/ppp4p/3p1p2/4p1p1/P2P4/BP5N/2P1PPPP/RN1QKB1R b KQkq - 1 5,0
rnbq1bnr/ppNp1ppp/2pkp3/8/8/P4P2/1PPPP1PP/R1BQKBNR b KQ - 0 5,1
r1bqkbnr/ppp1pppp/n2p4/8/8/N2P2P1/PPP1PP1P/R1BQKBNR b KQkq - 0 3,0
rnbqkbnr/1pppppp1/p7/7p/8/2NP2P1/PPP1PP1P/R1BQKBNR b KQkq - 0 3,0
rnbqkbnr/1ppp1ppp/8/p3p3/4N3/7P/PPPPPPP1/R1BQKBNR b KQkq - 1 3,1
rnbqkb1r/2pppppp/pp3n2/8/P7/5P2/1PPPP1PP/RNBQKBNR b kq - 0 4,1
rnbqkbnr/2pp2pp/p3p2B/1p3p2/1P1P4/N5P1/P1P1PP1P/1R1QKBNR b Kkq - 1 6,1
rn1qkbnr/p1pppp1p/b7/1p4p1/5P2/P6N/1PPPP1PP/RNBQKB1R w KQkq - 1 4,1
rnbqkbnr/pp1pp2p/2p3p1/5p1Q/4P3/2P4P/PP1P1PP1/RNB1KBNR b KQkq - 0 4,1
rnbqkbnr/p1ppp1pp/1p6/4Np2/8/1P5P/P1PPPPP1/RNBQKB1R b KQkq - 1 4,0
r1bq1bnr/pppppk1p/5p2/1N4p1/8/6PB/nPPPPP1P/RNBQK1R1 w Q - 0 7,1
rnbqkbnr/2pppppp/8/1p6/p4P2/P4N2/1PPPP1PP/RNBQKB1R w KQkq - 0 4,1
r1bqkbnr/p1ppp1pp/2n5/1p3p1P/8/6P1/PPPPPPB1/RNBQK1NR b KQkq - 0 4,0
rnbqkb1r/ppppn1p1/4p3/7p/3PPpP1/1P6/P1PN1P1P/R1BQKBNR b KQkq g3 0 6,0
rnb1k1nr/p1ppbppp/8/1p2p3/P3N3/4P3/1PPP1PPR/R1BQKBN1 w Qkq - 1 6,1
r1bq1bnr/pp1kppp1/n2p4/2p4p/3P4/P2Q1PP1/1PP1P2P/RNBK1BNR w - - 0 7,1
rnbqkbnr/ppp2p2/3pp1p1/7p/7N/P5PP/1PPPPP2/RNBQKB1R b KQkq - 0 5,0
rnbqkbnr/1pp2ppp/8/p2pp3/2P4P/4P3/PP1P1PP1/RNBQKBNR w KQkq - 0 4,0
r1bqkbnr/p1p1p2p/n4ppP/1p1p4/5P2/BP6/P1PPP1P1/RN1QKBNR b KQkq - 0 6,1
r1bqkbnr/pppp3p/n3pp2/6p1/4P3/7P/PPPP1PP1/RNBQK1NR w KQkq - 0 5,1
rnbqkbnr/pp2ppp1/3p4/2p5/3P2Pp/2P4P/PP2PP2/RNBQKBNR w KQkq - 0 5,1
rnbqkbnr/1pppppp1/8/p7/2P4p/P2P2P1/1P2PP1P/RNBQKBNR b KQkq - 0 4,0
1nbqkbnr/rpp1ppp1/7p/p2p4/P7/RQP1P3/1P1P1PPP/1NB1KBNR w Kk - 0 6,0
rn2kbnr/p2p1pp1/bq6/1pp1p3/2P1Q3/2N5/PP1PPPPP/R1B1KBNR b KQkq - 4 6,0
rnbqkbnr/pp2pp1p/2pp2p1/8/Q7/P1P5/1P1PPPPP/RNB1KBNR w KQkq - 0 4,0
rnbq1b1r/pppppkpp/7n/5p2/8/6P1/PPPPPPBP/RNBQ1KNR w - - 2 4,1
r2qkbnr/2pppppp/bpn5/pP4N1/2P5/8/P2PPPPP/RNBQKB1R b KQkq - 0 5,1
rnbqkbnr/p1p1pppp/1p6/3p4/3P4/2N4N/PPP1PPPP/R1BQKB1R b KQkq - 1 3,0
rnbqkbnr/1p1pppp1/p1p4p/8/5PP1/8/PPPPP2P/RNBQKBNR w KQkq - 0 4,0
rnbqk1nr/pppp2pp/4pb2/1P3p2/5P2/8/P1PPP1PP/RNBQKBNR w KQkq - 1 5,0
r1bqkbnr/pppp1p1p/n3p3/6p1/4P3/6PP/PPPP1P2/RNBQKBNR w KQkq - 0 4,1
rnbq1knr/1pp1pp1p/7b/p2p2p1/3P4/P1P4N/1P2PPPP/RNBQKB1R b KQ - 0 6,0
r1bqkb1r/pppnpppp/7n/2Pp4/8/P7/1P1PPPPP/RNBQKBNR w KQkq - 1 4,0
rnbqkb1r/1p1p1p1p/5n2/p1p1pPp1/7P/1PN5/PBPPP1P1/R2QKBNR w KQkq e6 0 7,1
rnbqkbnr/pp1pp1p1/7p/2p2p2/5P2/1P4P1/P1PPP2P/RNBQKBNR w KQkq - 0 4,1
r1bqk1nr/pp1pppbp/2n3p1/P7/1p6/2P2P2/3PP1PP/RNBQKBNR w KQkq - 1 6,1
rnbqkbnr/1p1ppppp/8/p1p5/1P6/2P2N2/P2PPPPP/RNBQKB1R w KQkq - 0 4,1
rnbqkbnr/ppppp3/6pp/5p2/P1P5/5N1P/1P1PPPP1/RNBQKB1R b KQkq - 0 4,0
rnb1kbnr/ppppq1pp/5p2/4p3/1P3P2/7N/P1PPP1PP/RNBQKB1R w KQkq - 2 4,0
rnbqkbnr/1p1p1ppp/8/p1p1p3/PP6/2R5/2PPPPPP/1NBQKBNR b Kkq - 1 4,1
rnbqkbnr/2ppppp1/1p5p/p7/8/N1P4N/PP1PPPPP/R1BQKB1R w KQkq - 0 4,0
r1bqkbnr/1pppp3/p1n2p2/4B1pp/8/PP5P/2PPPPP1/RN1QKBNR w KQkq - 0 6,0
rn1qkb1r/ppp1pppp/7n/3p1b2/8/PP2P3/2PP1PPP/RNBQKBNR w KQkq - 1 4,0
r1bqkbnr/ppppppp1/8/7p/1n6/2P1P2N/PP1P1PPP/RNBQKB1R w KQkq - 0 4,1
r1bqkbnr/pppppppp/8/n7/P7/2P4N/1P1PPPPP/RNBQKB1R b KQkq - 0 3,0
rnbqkb1r/pp1pp1pp/7n/2p2p2/QP3P2/2P4N/P2PP1PP/RNB1KB1R b KQkq - 1 6,0
rnbqkbnr/ppppp3/5p1p/4N1p1/8/3P4/PPPNPPPP/R1BQKB1R b KQkq - 1 4,1
rnbqkbnr/1ppppp1p/p7/6p1/8/1P4PB/P1PPPP1P/RNBQK1NR b KQkq - 0 3,0
rn1qkbnr/ppp1pppp/3p4/5b2/8/N3PPP1/PPPP3P/R1BQKBNR b KQkq - 0 4,0
rnbqkb1r/p1ppnppp/8/1p2p3/2P2P2/8/PP1PPKPP/RNBQ1BNR w kq - 2 4,0
r1bqkbnr/pp1pp2p/n1p3p1/P4p2/8/3P3N/1PPNPPPP/R1BQKB1R b KQkq - 1 5,0
rnbqkbnr/pppppp2/6pp/8/3P4/2PQ4/PP2PPPP/RNB1KBNR b KQkq - 1 3,0
rn1qkbnr/1pp1pppp/3p4/p3Pb2/8/5Q2/PPPP1PPP/RNB1KBNR w KQkq - 1 4,1
r2qkb1r/ppp1ppp1/n4n2/3p3p/P7/6Pb/1PPPPP2/RNBQKBNR w KQkq - 0 6,1
1nbqk1nr/rppp1ppp/8/p3p3/1b1P4/2P1B1P1/PP2PP1P/RN1QKBNR w KQk - 3 5,1
rnb1kbnr/ppp3p1/5p2/3pp1qp/6PP/NP6/P1PPPP1R/R1BQKBN1 w Qkq - 0 6,1
rnbqkbnr/1ppp1p1p/8/p3p1p1/3P3P/N4P2/PPP1P1P1/R1BQKBNR b KQkq - 0 4,1
rnbqkbnr/pppp2pp/4p3/5p2/4P3/1P3P2/P1PP2PP/RNBQKBNR b KQkq - 0 3,0
rn1qk2r/pbpp1p1p/4p1pn/1pb5/Q3P2P/N1P5/PP1PNPP1/R1B1KB1R w KQkq - 0 7,1
rnbqkbnr/pp2p2p/2pp4/5pN1/1P6/3PP3/P1P2PPP/RNBQKB1R b KQkq - 0 5,1
r1bqkb1r/pppppp2/2n2np1/7p/P7/N2PP3/1PP1KPPP/R1BQ1BNR b kq - 0 5,1
rnbqkb1r/1p1pnppp/4p3/p1pN4/P4P2/8/1PPPP1PP/R1BQKBNR w KQkq - 2 5,0
rn2kbnr/1pp1pppp/p2q4/5b1Q/3pP3/1P5P/P1PP1PP1/RNB1KBNR b KQkq - 0 6,1
r1bqkb1r/p1pppp1p/2n2np1/1B3Q2/8/4P3/PPPP1PPP/RNB1K1NR w KQkq - 2 5,0
rnbk1bnr/1p1pp1p1/BqpN1p2/7p/4P3/8/PPPP1PPP/R1BQK1NR w KQ - 2 7,1
r1bqkbnr/ppp1ppp1/3p3p/8/1n3PPP/3P4/PPP1P3/RNBQKBNR w KQkq - 1 5,0
rnbqkb1r/p2pppp1/5n2/1pp4p/4P2P/5PPR/PPPP4/RNBQKBN1 w Qkq - 0 7,0
rn1qkbnr/ppp2ppp/3pp3/5b2/3P4/N6N/PPP1PPPP/R1BQKB1R w KQkq - 0 4,0
r1bqkbnr/p1ppp1pp/n7/1N3p2/6P1/1pP1P3/PP1P1P1P/R1BQKBNR b KQkq - 1 6,0
r2qkbnr/ppp1pppp/2n1b3/3p4/8/P1N2N2/1PPPPPPP/R1BQKB1R w KQkq - 1 4,0
rnbqkbnr/1p2pp1p/2pp4/p5p1/2PPP3/8/PP1N1PPP/R1BQKBNR w KQkq - 0 5,1
rnbq1bnr/2ppk1pp/pp2pp2/8/1PN5/7N/PBPPPPPP/R2QKB1R w KQ - 2 6,1
rn1qkbnr/pp2pp1p/2p3p1/7b/3p4/3BP1PP/PPPP1P2/RNBQK1NR w KQkq - 0 7,1
rnbqkbnr/1pp1pppp/p2p4/8/5P1P/2P5/PP1PP1P1/RNBQKBNR b KQkq - 0 3,1
rnb1kbnr/pp1ppppp/1q6/2p5/8/N2P3N/PPP1PPPP/R1BQKB1R b KQkq - 2 3,0
rn1qkbnr/p1p1pppp/1p2b3/3p4/8/2N1PQ2/PPPP1PPP/1RB1KBNR w Kkq - 0 5,0
rnbqkbnr/1pp1pppp/p2p4/8/P7/2N1P3/1PPP1PPP/R1BQKBNR b KQkq - 0 3,0
rnbqkb1r/p1p1pppp/7n/1p1p4/8/PPP5/R2PPPPP/1NBQKBNR b Kkq - 0 4,0
rnbqkbnr/1ppp2pp/p7/4pp2/8/1PN1P3/PBPP1PPP/R2QKBNR b KQkq - 0 4,0
rnbqkbnr/p1ppp1pp/8/1p3p2/4PP2/2N5/PPPP2PP/R1BQKBNR w KQkq - 0 4,1
rnbqk1nr/pppp3p/4p1p1/5p2/Pb2P3/2N3PN/1PPP1P1P/R1BQKB1R b KQkq - 0 5,0
rn1qkbnr/p1ppp1pp/bp6/5p2/6P1/P2P4/1PPQPP1P/RNB1KBNR b KQkq - 2 4,0
1nbqkb1r/1p1ppppp/r1p4n/p4P2/7P/2N1P1P1/PPPP4/R1BQKBNR w KQk - 1 7,1
rnbqkbnr/pp1pp2p/6p1/2p2p2/7P/1P2P1P1/P1PP1P2/RNBQKBNR b KQkq - 0 4,0
r1bqkbnr/ppp1p1pp/n2p4/1N3p2/1P6/8/P1PPPPPP/R1BQKBNR w KQkq - 1 4,0
rnbqkbnr/ppp2ppp/3pp3/8/3P4/8/PPP1PPPP/RNBQKBNR b KQkq - 1 3,0
r1b1kb1r/pppnnpp1/3pp3/2P4p/P4N1q/2N5/1P1PPPPP/R1BQKB1R w KQkq - 1 7,1
r1bqkbnr/ppppppp1/8/7p/1n3P2/N1P5/PP1PP1PP/R1BQKBNR w KQkq - 0 4,1
r1bqkbnr/pppp1ppp/2n1p3/8/8/1P1BP3/P1PP1PPP/RNBQK1NR b KQkq - 1 3,0
rnbqkbnr/2p1p2p/1p1p1pp1/p7/5P2/P2PP2N/1PPQ2PP/RNB1KB1R b KQkq - 0 6,0
rnbqkb1r/p2p2pp/4p3/1pp2p2/6n1/3N1PPB/PPPPP2P/RNBQK2R w KQkq - 2 7,1
rnbqkbr1/ppppppp1/5n2/7p/P5PP/8/1PPPPP2/RNBQKBNR w KQq - 1 4,1
rnbqkb1r/1pp1pp2/p2p1np1/7p/P2PP3/2N5/1PPKNPPP/R1BQ1B1R b kq - 0 6,0
r1bqkbnr/pppppp2/n5pp/6B1/8/2NP4/PPP1PPPP/R2QKBNR b KQkq - 1 4,1
r2qkbnr/ppp1pppp/3p1n2/8/7P/7b/PPPPPPB1/RNBQK1N1 w Qkq - 0 6,1
rnb1kbnr/p1p1pppp/7q/1p1p4/7P/8/PPPPPPPR/RNBQKBN1 w Qkq - 6 6,0
rnbqkbnr/pp1p1pp1/4p3/2p4p/2P5/1Q1P4/PP2PPPP/RNB1KBNR w KQkq - 0 4,0
r1bqkbnr/pppp1ppp/n7/4p3/PP5P/8/2PPPPP1/RNBQKBNR b KQkq - 0 3,1
1nbqkb1r/rp1pp1p1/7n/p1p2p1p/1N3P1P/P7/1PPPP1P1/R1BQKBNR w KQk - 0 7,0
rn1qkb1r/pp2pp1p/2p4n/3pNbp1/3P4/4B3/PPP1PPPP/RN1QKB1R w Qkq - 0 7,0
rnb1k1nr/1pqpppbp/p5p1/2p5/1P1P1P2/N5P1/P1P1P2P/R1BQKBNR w KQkq - 0 6,0
r1bqk2r/p1pp1p1p/1pn1pn1b/6P1/1PP4P/N7/P2PP1P1/R1BQKBNR w KQkq - 3 7,1
r1bqkbnr/pp1pppp1/2n4p/2p5/4P3/N4P2/PPPPK1PP/R1BQ1BNR b kq - 0 4,1
r2qkbnr/pbppp1pp/1p6/5p2/1n4P1/3PPN2/PBP2P1P/RN1QKB1R b KQkq - 0 6,1
rnbqkbnr/pppppp2/8/6pp/2P3Q1/4P3/PP1P1PPP/RNB1KBNR b KQkq - 0 3,1
2rqkbnr/pb1ppppp/n7/1pp5/1P4PP/8/P1PPPPB1/RNBQK1NR b KQk - 1 6,1
rnbqkb1r/pp1ppppp/7n/2p5/P7/4P3/1PPPBPPP/RNBQK1NR b KQkq - 2 3,0
rnbqkbnr/p2pp2p/1pp5/5pp1/5N2/3P2B1/PPP1PPPP/RN1QKB1R b KQkq - 1 5,1
1rbqkbnr/pp1pp1pp/2n2p2/P4P2/2p5/2N5/1PPPP1PP/R1BQKBNR w KQk - 0 6,1
rnbqkbnr/ppp1ppp1/8/3p3p/8/BP3PP1/P1PPP1BP/RN1QK1NR w KQkq - 0 6,0
rnbqkbn1/pppppppr/8/7Q/7P/4P3/PPPP1PP1/RNB1KBNR b KQq - 0 3,1
rnbqkbnr/p2p2pp/1p2p3/2p2p2/8/NP3NPP/P1PPPP2/R1BQKB1R b KQkq - 0 5,0
rnbqkb1r/ppppppp1/5n2/7p/P5P1/5N2/1PPPPP1P/RNBQKB1R b KQkq - 0 3,1
rnbqkbnr/ppp1p1pp/3p1p2/8/1P6/2N2P2/P1PPP1PP/R1BQKBNR b KQkq - 0 3,0
rnbqkbnr/ppp1p1p1/5p2/3p3p/4P1Q1/7P/PPPP1PP1/RNB1KBNR w KQkq - 0 4,1
rnb1kbnr/pppqpppp/3p4/5P2/8/2P5/PP1PP1PP/RNBQKBNR b KQkq - 0 3,1
r1b1kbnr/p1pp1pp1/2n1pq1p/1p6/P7/3P2PN/1PP1PP1P/RNBQKB1R w KQkq - 0 6,1
1rbqkb1r/ppppp2p/5np1/4np2/5B1P/N2P2P1/PPP1PPB1/R2QK1NR w KQk - 3 7,1
rnbqkbnr/ppp1p1p1/3p1p1p/4N3/6P1/1P6/P1PPPP1P/RNBQKB1R b KQkq - 0 4,1
rnbqk2r/pppp1ppn/3bp3/7p/3P1P2/1P4PP/P1P1P2R/RNBQKBN1 b Qkq - 0 6,0
rn1qkbnr/pbppp1pp/8/1p3p2/5N2/N7/PPPPPPPP/R1BQKBR1 b Qkq - 1 4,1
rnbqkbnr/1p1ppppp/p7/2p5/8/BPP5/P1QPPPPP/RN2KBNR b KQkq - 1 4,0
rnbqkb1r/pp1ppppp/8/2pn4/6P1/4PN2/PPPP1P1P/RNBQKB1R w KQkq - 3 4,0
1rbqkb1r/1pp1pppp/p1np1n2/8/2B5/N3PP2/PPPP2PP/R1BQK1NR b k - 5 6,1
r1b1kbnr/ppp2ppp/n2p4/3Qp3/4P3/2N1PP1P/PPP3P1/R1B1KBNR b KQkq - 1 6,1
rnbqk1nr/pppp1ppp/3bp2B/8/3P4/1P6/P1P1PPPP/RN1QKBNR b KQkq - 2 3,1
rn1qkb1r/p2ppppp/7n/1pp5/1P6/2NP1b2/P1P1PKPP/R1BQ1BNR w kq - 0 6,1
rnbqkbnr/ppppp1p1/5p2/7p/7P/1P4P1/P1PPPP2/RNBQKBNR b KQkq - 0 3,0
rnbqkbnr/pp1p2pp/4pp2/2p5/8/NP5P/P1PPPPP1/R1BQKBNR w KQkq - 0 4,0
rnbqkb1r/1p1ppp1p/pnp3p1/8/8/P4NPB/1PPPPP1P/RNBQK2R w KQkq - 4 7,0
r2qkbr1/1pp1pppp/p1n1bB2/3p4/6P1/NP3P2/P1PPP2P/R2QKBNR w KQq - 1 7,1
rnbqkbnr/p2pppp1/7p/1pp3N1/8/1P2P3/P1PP1PPP/RNBQKB1R w KQkq - 0 5,1
rnbqkbnr/p1p1p1pp/5p2/1p1p4/7P/2P4N/PP1PPPP1/RNBQKB1R b KQkq - 1 4,0
rnb1kbnr/1p1p2pp/1qp5/p3pp2/1P2PPQ1/B7/P1PP2PP/RN2KBNR w KQkq - 2 6,0
rnbqk1nr/pppp1p1p/3b2p1/4p3/P7/1PP5/3PPPPP/RNBQKBNR w KQkq - 1 4,0
rn1qkbnr/ppp1p1pp/B2p1p2/8/b3P3/5P2/PPPP2PP/RNBQ1KNR w kq - 4 5,1
r1bqkbnr/p1pp3p/n7/1pP1ppp1/3PP3/7P/PP3PP1/RNBQKBNR b KQkq - 0 6,1
rnb1kb1r/pppp1ppp/4pq1n/8/8/2P1PP2/PP1PN1PP/RNBQKB1R b KQkq - 0 4,0
rnb1kbnr/pp1ppp1p/8/2p3p1/8/N1P2P2/PqQPP1PP/1RB1KBNR w Kkq - 0 6,1
rnbqkbnr/ppp2ppp/3p4/4p3/3P3P/2N5/PPP1PPP1/R1BQKBNR b KQkq - 0 3,0
rnbqkb1r/p1ppppp1/1p3n1p/8/NP1P4/4P3/P1P2PPP/R1BQKBNR b KQkq - 2 6,0
rn1qkbnr/pbpppppp/8/1p6/5PP1/7P/PPPPP3/RNBQKBNR b KQkq - 0 3,1
r1bqkb1r/p1pppp1p/1p5n/2n3p1/4P3/N7/PPPP1PPP/R1BQKBNR b KQkq - 5 6,1
r1bqkb2/ppp1pp1r/2n2npp/3p3P/6P1/PP6/2PPPP1R/RNBQKBN1 w Qq - 0 7,1
rnbqkbnr/pp1p2pp/8/2p1pp2/Q7/2P2P1P/PP1PP1P1/RNBK1BNR b kq - 1 5,1
r1bqkbnr/pppnp1pp/5p2/3p4/7P/1PP2P2/P2PP1P1/RNBQKBNR b KQkq - 0 4,1
1rbqkb1r/pppp1ppp/B3pn2/8/7Q/1P2P3/P1PP1PPP/RNB1K1NR b KQk - 1 5,0
r1bqkbnr/pp1ppp1p/n5p1/2p5/6P1/2N5/PPPPPP1P/1RBQKBNR w Kkq - 0 4,0
rnbqkbn1/ppppp1p1/1r6/7p/1P3p2/2PP3P/PQ2PPP1/RNB1KBNR w KQq - 1 7,1
rnbqkbnr/1p1pp1pp/5p2/p1p5/2P5/NP6/P2PPPPP/R1BQKBNR w KQkq - 0 4,1
r1bqkbnr/ppp1pnpp/3p4/5p2/2P1P3/5P2/PP1PB1PP/RNBQK1NR w KQkq - 1 6,0
rnbqkbnr/pp1pp2p/2p5/5pp1/P7/2N5/1PPPPPPP/R1BQKBNR b KQkq - 0 4,0
r1bqkbnr/pp1pppp1/7p/2p1n3/2P3P1/5B1N/PP1PPP1P/RNBQK2R b KQkq - 1 5,1
rnbqkbnr/ppp3pp/5p2/3pp3/4P3/PPP5/3P1PPP/RNBQKBNR b KQkq - 0 4,1
rnbqkb1r/p1ppppp1/5n1p/1p6/P7/2NPP3/1PP2PPP/R1BQKBNR b KQkq - 0 4,0
r2qkbnr/pbpp1p1p/2n1p1p1/1p6/P5P1/2N5/RPPPPP1P/2BQKBNR w Kkq - 1 6,1
r1bqkbnr/pppp1p1p/2n1p3/1N4p1/8/1P6/PBPPPPPP/R2QKBNR b KQkq - 1 4,0
rnbqkbnr/p1ppp2p/8/1p3pp1/2P5/2N2P2/PP1PPKPP/1RBQ1BNR b kq - 1 5,0
rnbk1bnr/pp1ppp1p/1qp3p1/6N1/8/NP3P2/P1PPP1PP/R1BQKB1R b KQ - 4 5,0
r1bqkbr1/ppp1pp1p/n2p1n2/2P3p1/8/N2PP3/PP3PPP/R1BQKBNR w KQq - 2 6,0
rn1qkbnr/3ppppp/bpp5/p5B1/4P3/3P1P2/PPP3PP/RN1QKBNR w KQkq - 0 5,0
rnbqkb1r/p2ppppp/8/1pp5/3P2n1/P5PB/1PP1PP1P/RNBQK1NR w KQkq - 0 5,1
rnbqkbnr/pp1ppp2/2p3pp/8/8/3PP3/PPP2PPP/RNBQKBNR b KQkq - 0 4,0
r1bqkb1r/pppppp2/5n1p/6p1/1P6/1P6/P1QPPPPP/RNB1KBNR w KQkq - 0 6,1
rnbqkbnr/pp1ppp1p/6p1/8/1p6/2N2P2/P1PPPKPP/R1BQ1BNR b kq - 1 4,1
r1bqkb1r/pppp1pp1/2n1p2n/7p/8/2N2P2/PPPPPKPP/R1B1QBNR w kq - 4 5,1
r1bqkb1r/pp1p1ppp/n6n/4p3/2p2P2/PP5N/R1PPP1PP/1NBQKB1R w Kkq - 0 6,0
r1bqkbnr/pp1pp1pp/n1p5/5p2/8/1P1P4/P1P1PPPP/RNBQKBNR b KQkq - 0 4,0
rnbqkb1r/p2ppppp/1pp2n2/P7/8/4PN2/1PPP1PPP/RNBQKB1R b KQkq - 0 4,0
rnb1kbnr/pppp1p1p/4p1p1/6q1/5P1P/8/PPPPP1P1/RNBQKBNR b kq - 1 4,0
rnbqkbnr/1pppppp1/p7/8/7p/NQPP4/PP2PPPP/R1B1KBNR b KQkq - 1 4,0
rnbqkbnr/pp1ppp2/7p/2p1N1p1/8/4P3/PPPPBPPP/RNBQK2R b KQkq - 1 4,0
rnbqkb1r/pp1pppp1/5n1p/2p5/5P2/1P5N/P1PPP1PP/RNBQKB1R w KQkq - 2 4,0
r1bqkbnr/pp2ppp1/3p1n2/P1p2P1p/1P4P1/8/2PPP2P/RNBQKBNR b KQkq - 0 6,1
rnbqkb1r/pp1ppp1p/6p1/2p1P3/1QP3n1/8/PP1P1PPP/RNB1KBNR w KQkq - 0 6,1
r2qkb1r/ppp1ppp1/3p1n1p/4n3/P7/R3P1Pb/1PPPNP1P/1NBQKBR1 w kq - 4 7,1
r1bqkbnr/pppp2p1/2n4p/4pp2/7N/7P/PPPPPPP1/RNBQKBR1 w Qkq - 0 5,0
rnbqkb1r/p1p1pppp/1p1p4/6Pn/8/2N2N2/PPPPPP1P/1RBQKB1R b Kkq - 0 5,0
rnbqkbnr/2ppp1pp/5p2/pp6/3PP3/7N/PPPK1PPP/RNBQ1BR1 b kq - 1 6,0
rn1q1b1r/1ppkpppp/5n2/p2p4/4PPb1/P1P3P1/1P1P3P/RNBQKBNR w KQ - 1 7,0
rnbqkbnr/ppp1ppp1/3p3p/8/5P2/2P1P3/PP1P2PP/RNBQKBNR b KQkq - 0 3,0
rnbqkbnr/p1pp1pp1/4p2p/1p6/7P/N1P5/PP1PPPP1/R1BQKBNR w KQkq - 0 4,0
r1bnkbnr/pppp1pp1/4pq2/7p/P3P3/2N2NP1/1PPP1P1P/R1BQKB1R w KQkq - 1 6,1
rnbqkbnr/1pp1pp1p/3p2p1/p7/P5P1/5N2/1PPPPP1P/RNBQKB1R w KQkq - 0 4,0
rnbqkbnr/1pppp1pp/8/p4p2/8/N2P2P1/PPP1PP1P/R1BQKBNR b KQkq - 1 3,0
r1bqkbnr/p2ppppp/np6/2p5/3PP3/N4P2/PPP3PP/R1BQK1NR b KQkq - 0 5,1
rnbqkb1r/ppp1pp2/3p2pn/6Pp/7P/1P1P4/P1P1PP1R/RNBQKBN1 w Qkq - 3 7,1
rnbqkb1r/ppp2ppp/4pn2/3p4/5P2/4P1P1/PPPP3P/RNBQKBNR w KQkq - 0 4,0
rnbqkbnr/1ppppp1p/p4B2/8/3P4/1P6/P1P1PPPP/RN1QKBNR w KQkq - 0 5,1
rnbqkb1r/p1pp1pp1/5n1p/1p1Pp3/1P3B1P/8/P1P1PPP1/RN1QKBNR b KQkq - 0 5,1
rnbqkb1r/pppppppp/8/5n2/6P1/4P2P/PPPP1P2/RNBQKBNR b KQkq - 0 3,0
rnbqkbnr/1pp1pp1p/p2p4/6p1/6P1/1P2P3/P1PP1P1P/RNBQKBNR w KQkq - 0 4,0
r1bqk1nr/pppppp1p/n6b/6p1/8/2N5/PPPPPPPP/R1BQKBNR w KQkq - 4 4,1
rn1q1bnr/ppp1pkpp/5p2/3p4/8/2N1P2N/PPPP1PPP/R1BQKB1R b KQ - 0 5,1
r1bqkb1r/p1p1p1pp/1pnp3n/5p2/1P6/N1P4N/P2PPPPP/R1BQKB1R b KQkq - 3 6,0
rn1qkbnr/pbp1ppp1/Bp6/3p3Q/4PP2/6P1/PPPP3P/RNB1K1NR b KQkq - 0 5,1
rnbqk2r/ppppp2p/5n1b/5pp1/P2P4/1PP4P/4PPP1/RNBQKBNR w KQkq - 1 6,1
rnbqkbnr/p1pppp1p/6p1/1p6/6PP/4P2B/PPPP1P2/RNBQK1NR b KQkq - 0 4,0
1nb1k1nr/rppp1p1p/3bpqp1/p7/3P4/P3B2P/1PP1PPPR/RNQ1KBN1 w Qk - 1 7,1
rnbqkbnr/2p1pppp/3p4/1p6/p3PP2/8/PPPPB1PP/RNBQK1NR b KQkq - 1 5,0
rnbqk1nr/1ppp1p2/p5pb/1N2p2p/1PP4P/8/P2PPPP1/R1BQKBNR w KQkq - 0 6,0
rnbqkb1r/pp1ppppp/8/2p5/4P1n1/8/PPPP1PPP/RNBQKBNR w KQkq - 2 4,1
rn1qkbnr/pQp1p1p1/3p3p/1b3p2/6P1/2P5/PP1PPP1P/RNBK1BNR w kq - 0 7,1
r1bqkbnr/ppppppp1/2n5/7p/8/P2P4/1PPQPPPP/RNB1KBNR b KQkq - 2 3,0
rnbqkbnr/p1p1pppp/1p1p4/8/8/P3P2N/1PPP1PPP/RNBQKB1R b KQkq - 1 3,0
r2q1bnr/pppnppp1/3kb3/3p3p/3P2P1/7B/PPPNPP1P/RNBQK2R w KQ - 1 7,1
rnbqkbnr/1pppp1pp/5p2/p7/3P2PP/8/PPP1PP2/RNBQKBNR b KQkq - 0 3,0
rnb1kbnr/pppp2pp/4pp2/8/3P1P1R/8/PPP1P1P1/RNBQKBN1 w Qkq - 0 5,1
rnbqkbnr/1ppp1pp1/8/p3p2p/6P1/P1N2P2/1PPPP2P/R1BQKBNR b KQkq - 0 4,0
rnb1kbnr/1ppp2p1/p3p3/5p1p/1P4q1/P1P1P3/1BQP1PPP/RN2KBNR w KQkq - 4 7,1
r1bqk1nr/pppp1ppp/n3p3/2b5/8/NP5P/PBPPPPP1/R2QKBNR b KQkq - 3 4,0
rnbqkbnr/p1pppp1p/1p4p1/8/7P/3P3N/PPP1PPP1/RNBQKB1R b KQkq - 1 3,0
1rbqkbnr/pppppppp/8/2n5/2PN4/N7/PP1PPPPP/R1BQKB1R b KQk - 4 4,0
rnbqkbnr/p3pppp/1ppp4/8/1P4P1/2N2P2/P1PPP2P/R1BQKBNR b KQkq - 0 4,1
rnbqkbnr/pppp2p1/4p2p/5p2/8/N5PB/PPPPPP1P/1RBQK1NR b Kkq - 1 4,0
r1bqkb1r/p1p1pppp/2n2n2/1B1p4/4N2P/4P3/PPPP1PP1/R1BQK1NR b KQkq - 0 5,1
rnb1kb1r/2qpp1pp/1p3p1n/p1p5/4PB2/3P4/PPP2PPP/RN1QKBNR w KQkq - 0 7,1
rnq1kb1r/p1p1pppp/1p5n/3B1b2/5B2/3P2PN/PPP1PP1P/RN1QK2R b KQkq - 2 6,1
rnb1kb1r/pp1ppppp/1q5n/2p5/7P/P1P5/1P1PPPP1/RNBQKBNR w KQkq - 1 4,0
r1bqkbnr/p1p1p2p/np3p2/3p2p1/8/1PPPP2P/P4PPR/RNBQKBN1 b Qkq - 0 6,0
rnbqkbnr/ppp1ppp1/7p/3p4/6P1/2N4N/PPPPPP1P/R1BQKB1R b KQkq - 1 3,1
r1bqkb1r/ppp4p/n2p2pn/4p1N1/8/P1P5/1P1PPPPP/RNBQKB1R b KQkq - 1 6,1
rn2kb1r/ppp1pppp/4q2n/3p1b2/1P4PP/5N2/P1PPPP2/RNBQKB1R w KQkq - 1 6,1
1nbqkbnr/r1pppppp/p7/1p6/8/N2P1P2/PPP1P1PP/R1BQKBNR w KQk - 1 4,0
r1bqkbnr/ppp1ppp1/n6p/3p4/3P3P/6P1/PPP1PP2/RNBQKBNR w KQkq - 0 4,0
rnbqkbn1/2ppp1pr/1p3p2/pN5p/2B5/P3P3/1PPPQPPP/R1B1K1NR w KQq - 0 7,1
rnbqkb1r/1ppppppp/7n/p7/8/6PB/PPPPPP1P/RNBQK1NR b KQkq - 1 3,0
r1bqkbnr/pppp2pp/n7/4ppB1/3P4/5P2/PPP1P1PP/RN1QKBNR w KQkq - 0 4,1
r1bqkb2/pppppppr/n4n1p/1Q6/3PP3/8/PPP2PPP/RNB1KBNR b KQq - 5 5,0
r1b1kbnr/ppp1ppp1/n2q3p/3p4/3P2P1/N4N1P/PPP1PP2/R1BQKB1R b KQkq - 2 5,0
r1bqkbnr/1pp1ppp1/pn6/3p3p/1P3PP1/8/P1PPP2P/RNBQKBNR b KQkq - 0 6,1
1nbqkbnr/1pppp1pp/r4p2/p7/8/2N1P2P/PPPPNPP1/R1BQKB1R b KQk - 2 4,1
rn2kbnr/ppq1p1p1/2p2p2/3p3p/2N3b1/1P4PP/P1PPPPB1/R1BQK1NR w KQkq - 2 7,1
rnb1kbnr/pp1pppp1/6q1/7p/PPp2P2/7P/RBPPP1P1/1N1QKBNR b Kkq - 1 6,0
rnbqkbnr/pp1pp1p1/5p2/7p/3p2P1/7P/PPP1PPB1/RNBQK1NR w KQkq - 0 5,0
rnbqkbnr/pp1pppp1/B7/2p4p/4P2P/2P5/PP1P1PP1/RNBQK1NR b KQkq - 1 4,1
rn2kbnr/pbp2p1p/1p1p1qp1/4pN2/3P4/7P/PPP1PPP1/R1BQKBNR w KQkq - 1 7,1
rnb1kbnr/pp3ppp/2q5/2ppp3/3P4/6PP/PPP1PP2/RNBQKBNR w KQkq - 1 6,1
rn1qkb1r/p1pppppp/1p3n2/3b4/1P1P4/2P1P2N/P4PPP/RNBQKB1R b KQkq - 0 6,0
rn1qkbnr/ppp1p1p1/3p1p2/7p/5Pb1/1P1PB2P/P1P1P1P1/RN1QKBNR w KQkq - 1 6,1
rnbqkbnr/p1pppppp/1p6/4P3/Q7/2P5/PP1P1PPP/RNB1KBNR b KQkq - 0 4,0
rnbqkb1r/pppp1ppp/7n/7P/4p3/2P4N/PP1PPPP1/RNBQKB1R b KQkq - 0 4,0
rnbqkbnr/p1pp3p/1p6/4ppp1/1P1P1PP1/B7/P1P1P2P/RN1QKBNR b KQkq - 1 5,1
rnbqkbnr/2ppppp1/8/p6p/Pp6/1P2P3/2PP1PPP/RNBQKBNR b KQkq a3 0 5,0
rnbqkbnr/1p1pp1pp/p1p5/5p2/3PP3/1P6/P1P2PPP/RNBQKBNR w KQkq - 0 4,1
rnb1kbnr/pp2ppp1/2pp3p/4P3/2B5/2N5/PPPP1qPP/1RBQK1NR w Kkq - 0 6,1
rnbqkbnr/p1pp2pp/8/Qp3p2/2P1p3/7P/PP1PPPP1/RNB1KBNR w KQkq - 0 5,0
rn1qkb1r/ppp1pp1p/3p4/7n/1P4Q1/2P4b/P2PPPPP/RNB1KBNR b KQkq - 2 6,1
r1bqkb1r/1ppppppp/n7/p6n/P3PP2/1P1P4/2P3PP/RNBQKBNR b KQkq - 0 5,0
rnbqk1nr/pppppp1p/6pb/8/4P3/8/PPPP1PPP/RNBQKBNR b KQkq - 3 3,0
r1b1kbnr/p1ppqp2/1pn2Qp1/1P2p2p/2B5/4P3/P1PP1PPP/RNB1K1NR w KQkq - 0 7,1
rnbqk1nr/pp1pbppp/2p5/4p3/6PP/N1P2P2/PP1PP3/R1BQKBNR b KQkq - 0 5,0
rnbq1bnr/1ppkpppp/p7/3p4/2PP4/4P3/PP3PPP/RNBQKBNR w KQ - 0 4,1
rnbqkbnr/p1pp1ppp/4p3/1p6/3PP1Q1/7P/PPP2PP1/RNBK1BNR b kq - 0 5,0
rnbqkbn1/1pppp1pr/p4p1p/4B3/1P6/N4N2/P1PPPPPP/R2QKB1R b KQq - 3 5,1
rnb1kbnr/p1ppq1Bp/5p2/1p2p3/8/N2P4/PPP1PPPP/R2QKBNR w KQkq - 0 5,1
r1bqkb1r/pppppppp/n6B/8/3P4/2P5/PP2PPPP/RN1QKBNR b KQkq - 0 3,1
rn2kbnr/ppp1pppp/8/3N1q2/1P4b1/5N2/P1PPPPPP/R1BQKB1R w KQkq - 1 5,1
rnbqkbnr/pppp2p1/4p2p/5p2/PP4P1/5P2/2PPP2P/RNBQKBNR b KQkq - 0 4,0
rnbqk1nr/pppp1pp1/4p3/2b4p/2B1PP1P/8/PPPP2P1/RNBQK1NR b KQkq - 0 4,1
rnbqk1nr/p2pbppp/4p3/1pp5/1P6/B6P/P1PPPPPR/RN1QKBN1 w Qkq - 2 5,0
rnbqkbnr/pp1p1pp1/2p1p2p/8/2P5/5P1N/PP1PP1PP/RNBQKB1R w KQkq - 0 4,0
rnbqkbnr/p2pp1pp/1pp2p2/8/6P1/5P2/PPPPP2P/RNBQKBNR w KQkq - 0 4,0
1rbqkbnr/pp1p1pp1/n1p4p/4p1P1/1P6/2P5/P2PPP1P/RNBQKBNR w KQk - 0 6,1
r1bqkb1r/ppp1pp1p/n7/3p2p1/5Pn1/4P1Q1/PPPP2PP/RNB1KBNR w KQkq - 0 7,1
rnq1kbnr/3bpppp/3p4/ppp5/P1B2P2/4PN2/1PPP2PP/RNBQKR2 w Qkq - 0 7,1
r1bqkbnr/pppppp1p/n5p1/8/8/2P3PP/PP1PPP2/RNBQKBNR b KQkq - 0 3,0
r1bqkbnr/p1ppp1p1/1pn5/5p1p/2P4P/1P3N2/P2PPPP1/RNBQKB1R w KQkq - 0 6,1
rnb1kbnr/2pp1ppp/pp2p3/8/2P1PP1q/8/PP1PK1P1/RNBQ1BNR b kq - 0 5,1
r1bqkbnr/pp1npppp/8/2pp4/P2P4/5P2/1PP1P1PP/RNBQKBNR w KQkq - 1 4,0
rn1qkbnr/p1p1pppp/1p6/2Pp4/4b3/1P2P1P1/P2PQP1P/RNB1KBNR w KQkq - 1 7,0
rnbqkb1r/ppppp2p/5p2/5np1/3P2P1/N3B3/PPP1PP1P/1R1QKBNR b Kkq - 2 5,1
r2qkbnr/p1p1pppp/1pn1b3/3p4/5PP1/7N/PPPPP2P/RNBQKB1R b KQkq - 2 5,1
r1bqkb1r/ppppp1pp/2n4n/5p2/2P5/3P4/PP1BPPPP/RN1QKBNR w KQkq - 0 4,1
1nbqkbnr/rp1ppppp/p1p5/8/1P4P1/2N5/P1PPPP1P/R1BQKBNR w KQk - 1 4,0
rn1qkbnr/pbppp1pp/5p2/1p6/1P6/N6N/PBPPPPPP/R2QKB1R b KQkq - 3 4,0
rnbqkbnr/ppp2ppp/8/1P1pp3/6P1/8/P1PPPP1P/RNBQKBNR b KQkq - 0 3,1
r1bqkbnr/2ppp1pp/p1n2p2/1p6/2P2P2/7P/PP1PP1P1/RNBQKBNR w KQkq - 0 5,0
rn1qkbnr/ppp1pp2/6p1/3p1b1p/7P/4P3/PPPP1PP1/RNBQKBNR b KQkq - 0 5,1
rn1qkbnr/p1ppppp1/bp5p/8/P7/5PP1/1PPPP2P/RNBQKBNR w KQkq - 1 4,0
rnbqkbnr/p1ppp1pp/5p2/1p6/6P1/N4P2/PPPPP2P/R1BQKBNR b KQkq - 1 3,1
rnbqkbnr/2pppppp/p7/1p6/1P6/4P3/P1PPQPPP/RNB1KBNR b KQkq - 1 3,0
r1bqkbnr/2p1p2p/n2p1p2/pp4p1/2N5/1P3P1N/P1PPPKPP/R1BQ1B1R w kq - 2 7,0
r1bq1bnr/p1p1pk1p/np4p1/3p1p1P/Q1P5/2N1P3/PP1P1PP1/R1B1KBNR w KQ - 2 7,1
rnbqkbnr/1ppp1ppp/p3p3/8/1P3P1P/4P3/P1PP2P1/RNBQKBNR w KQkq - 1 5,0
rnbqkbnr/ppppppp1/8/4N2p/8/6P1/PPPPPP1P/RNBQKB1R b KQkq - 1 3,0
rnbqkbnr/pp3p2/2ppp2p/6p1/P4PP1/2P4N/1P1PP2P/RNBQKB1R b KQkq - 1 6,1
r1bqkbnr/pppppp2/7p/4n1p1/8/6P1/PPPPPPBP/RNBQ1KNR w kq - 0 6,0
rnbqkbnr/ppppp2p/5p2/6p1/7P/P1N5/1PPPPPP1/R1BQKBNR b KQkq - 0 3,1
rnbqkbnr/p4ppp/8/1p1pp3/2pP4/1P2B3/P1P1PPPP/RN1QKBNR w KQkq - 0 6,0
r1bqkbnr/ppppp1p1/n4p2/7p/P7/1PN5/2PPPPPP/R1BQKBNR w KQkq - 2 5,1
rnb1kbnr/p1pp1ppp/1p2pq2/8/P7/5PP1/1PPPP2P/RNBQKBNR w KQkq - 0 4,0
rnbqkb1r/1ppppppp/7n/p5B1/3P4/1P6/P1P1PPPP/RN1QKBNR b KQkq - 1 3,0
r1b1kbnr/ppnppp2/6p1/q1p4p/2P3P1/1P3N1P/P2PPP2/RNBQKB1R w KQkq - 1 7,1
rnbqkbnr/ppp2pp1/3pp2p/8/P7/3P1P2/1PP1P1PP/RNBQKBNR w KQkq - 0 4,0
rnbqkb1r/2pppp1p/1p3np1/p5P1/5P2/N6P/PPPPP3/R1BQKBNR w KQkq - 1 6,1
rnbqk1nr/pppp1pp1/4p2p/8/8/b1P2N1P/PP1PPPP1/RNBQKB1R w KQkq - 1 4,1
rnbqkbnr/pp1pp3/5pp1/2p3p1/1P6/B1N5/P1PPPPPP/R2QKBR1 b Qkq - 1 6,1
rnbqkbn1/ppppp1pr/5p1p/8/8/4P1P1/PPPPQP1P/RNBK1BNR b q - 2 4,0
rnbqkbnr/pppp2p1/4p2p/5p2/PP6/3P1P2/2P1P1PP/RNBQKBNR w KQkq - 0 5,0
r1bqkbr1/pppppppp/n4n2/8/6PP/P7/1PPPPP2/RNBQKBNR w KQq - 1 4,1
r1bqkbnr/1ppnpppp/p2p4/8/8/PP1P4/2P1PPPP/RNBQKBNR w KQkq - 1 4,0
rnbqkbnr/1pp1pppp/3p4/p7/2P2P2/P7/1P1PP1PP/RNBQKBNR b KQkq - 0 3,0
r1bqkbnr/1ppp1pp1/2n5/p3p1Np/P7/1P6/R1PPPPPP/1NBQKB1R w Kkq - 0 6,1
rnbqkb1r/ppp1pppp/3p3n/8/3P4/P4N2/1PP1PPPP/RNBQKB1R b KQkq - 0 3,1
r1bqkb1r/pppnpppp/3p4/n7/6P1/P4N1P/RPPPPP2/1NBQKB1R w Kkq - 2 6,0
rnbqkbnr/ppppp2p/5p2/8/7p/8/PPPPPPPN/RNBQKBR1 b Qkq - 1 4,0
rnbqkb1r/ppppp1pp/5p1n/8/1P6/6PN/P1PPPP1P/RNBQKB1R b KQkq - 0 3,0
r1bqkbnr/pppppp2/2n4p/6p1/1P6/N4P2/PBPPP1PP/R2QKBNR b KQkq - 1 4,0
rn1qkbnr/pppbpp1p/3p2p1/2P5/5P2/8/PP1PP1PP/RNBQKBNR b KQkq - 0 4,1
rnbqkbnr/1pppppp1/p7/7p/Q5P1/2P5/PP1PPP1P/RNB1KBNR b KQkq - 0 3,1
rnb1qbnr/1p1ppkp1/5p2/p1p4p/2P3P1/N6P/PP1PPP2/R1BQKBNR w KQ - 0 7,1
r1bqkbnr/pp1pp1pp/n4p2/2p5/6P1/2P1P3/PP1P1P1P/RNBQKBNR w KQkq - 1 4,0
r1bqkb1r/pppppppp/n4n2/8/P3N3/8/1PPPPPPP/R1BQKBNR b KQkq - 2 3,1
rn1qkbnr/1pp1pppp/8/p2p4/8/P1NP1b2/1PPKPPPP/R1BQ1BNR w kq - 4 5,1
rnbqkbn1/pp1ppppr/8/2p4p/P4P2/RP6/2PPP1PP/1NBQKBNR w Kq - 1 5,0
r1bqkbnr/p1ppppp1/np5p/8/5P2/2P2N2/PP1PPKPP/RNBQ1B1R b kq - 1 4,0
rn1qkbnr/pbp1ppp1/1p6/3p3p/6PP/PP3P2/2PPP3/RNBQKBNR w KQkq - 1 6,1
r1bqkbnr/p1ppp1p1/1p5p/5p2/PnP1P3/8/1PQP1PPP/RNB1KBNR w KQkq - 0 6,1
r1bqkbnr/pppppp2/6pp/5n2/2P4P/8/PP2PPP1/RNBQKBNR b KQkq - 1 6,1
rnbqkbnr/ppp2p2/B2p4/4p1pp/4P2P/1PN3P1/P1PP1P2/R1BQK1NR b KQkq - 0 6,1
r1bqkbnr/ppp1p2p/3p4/5pp1/1nP5/5PP1/PPQPP2P/RNB1KBNR w KQkq - 0 6,1
rnb1kbnr/pp1p1p1p/8/2p1p1p1/1q6/P1PQ1PP1/1P1PP2P/RNB1KBNR b KQkq - 0 6,0
rnbq2nr/1p1pkppp/2pbp3/pP6/P7/2N5/1BPPPPPP/R2QKBNR w KQ - 3 6,1
rnbqkbnr/1ppppp1p/6p1/p7/1P1P4/5P1N/P1P1P1PP/RNBQKB1R b KQkq - 0 4,1
rnb1kbnr/ppp1p1pp/8/q2p1p2/2P4N/P4P1P/1P1PP1P1/RNBQKB1R w KQkq - 1 7,0
rnbq1bnr/p1pp2pp/6k1/1p2pp2/1N2P2P/5P2/PPPP2P1/R1BQKBNR w KQ - 1 7,1
rnbqkb1r/ppppppp1/7p/8/P3n2P/1P3N2/2PPPPP1/RNBQKB1R b KQkq - 0 4,0
1r1qkb1r/pp2pppp/n1p1b2n/3p1PB1/2NP4/8/PPP1P1PP/R2QKBNR w KQk - 2 7,1
r1b1k1nr/pppp1pp1/n2bP3/7p/6q1/2N1P1P1/PPPP3P/R1BQKBNR w KQkq - 1 7,1
1rbqkb1r/ppppp1pp/7n/5p2/Pn3PP1/7P/RPPPP3/1NBQKBNR w Kk - 1 6,1
r1bqkbnr/ppp1p2p/6p1/n2p1p2/1PPPPB2/5P2/P5PP/RN1QKBNR b KQkq - 2 6,0
r1bqkbnr/ppp1pppp/2np4/8/4P3/NP5P/P1PPQPP1/R1B1KBNR b KQkq - 4 5,0
r1bqkbnr/pp1ppp1p/n1p3p1/8/4P3/6P1/PPPPKPBP/RNBQ2NR b kq - 2 4,0
rnbqkbnr/p1pppp1p/8/1p4p1/8/PP3N2/2PPPPPP/RNBQKB1R w KQkq - 0 4,1
rnbqkbnr/1pppp2p/6p1/p4p2/1P6/B1N5/P1PPPPPP/R2QKBNR b KQkq - 1 4,1
rn1qkbnr/pbpp1ppp/1p2p3/8/8/PPB5/2PPPPPP/RN1QKBNR w KQkq - 3 5,0
rnb1k1nr/pp1p1ppp/2p5/q1b1p3/6PP/P1P5/1P1PPP1R/RNBQKBN1 w Qkq - 3 6,1
r1bqkbnr/1p1ppppp/p1n5/2p5/4PP2/3P3P/PPP3P1/RNBQKBNR b KQkq - 0 4,0
r2qkbnr/1pp1p1pp/n2p4/p4p2/P2P1P2/BP4P1/2P1P1bP/RN1QKBNR w KQkq - 0 7,1
rnbq1bnr/1ppkpQpp/p2p4/5p2/P7/2P4P/1P1PPPP1/RNB1KBNR w KQ - 2 6,1
rnb1kbnr/pq1ppppp/8/1pp5/5P2/3P3P/PPPBP1P1/RN1QKBNR w KQkq - 1 6,0
rnbqkbnr/ppppp2p/5pp1/8/8/NPP5/P2PPPPP/R1BQKBNR b KQkq - 1 3,0
rnbqkbnr/p1pp4/4pp1p/1p4B1/3P4/P2QPN2/1PP2PPP/RN2KB1R b KQkq - 0 6,1
rnbqkbnr/1ppp3p/p4p2/4p3/3P2p1/NP3P2/P1P1P1PP/1RBQKBNR w Kkq - 0 6,0
r1bqkbnr/1ppppppp/2n5/p7/P3P3/1P6/2PP1PPP/RNBQKBNR b KQkq - 0 3,0
r1bqkb1r/4pppp/np3n2/p1pp4/2P1PPP1/7B/PP1PN2P/RNBQK2R w KQkq - 0 7,0
r1bqkb1r/p1ppn1pp/1pn2p2/4p3/P7/2NP1N2/1PP1PPPP/1RBQKB1R w Kkq - 3 6,0
rn2kbnr/ppq1ppp1/2p5/3p3p/1P4bP/P1N5/R1PPPPPR/2BQKBN1 b kq - 3 6,1
rnb1kbnr/pp2pp1p/3q4/2pp2p1/2P3PP/N7/PP1PPP2/R1BQKBNR w KQkq - 1 5,1
rnkq1bnr/p1p1p1pp/bp6/3p1p2/5P1P/2N1P1PB/PPPP4/R1BQK1NR w KQ - 3 7,1
rnbqkbn1/1pppp1pr/5p1p/8/p2P2P1/2P4N/PPQ1PP1P/RNB1KB1R w KQq - 0 6,0
r1bqkbnr/ppp1p1pp/2np4/5p2/8/4P3/PPPPBPPP/RNBQ1KNR w kq - 2 4,0
r2qkbnr/pp1np1pp/4b3/2pp1p2/P5P1/1P6/1BPPPP1P/RN1QKBNR w KQkq - 0 7,0
rnb1kb1r/pppqpppp/3p3n/8/8/P5PN/RPPPPP1P/1NBQKB1R b Kkq - 2 4,0
r1bqkbnr/1pppppp1/n6p/p7/7P/PP3N2/2PPPPP1/RNBQKB1R b KQkq - 0 4,0
rnb1kbnr/pp1pp1pp/1qp5/1P3p2/2P5/3P4/P3PPPP/RNBQKBNR b KQkq - 0 4,1
r1bqkb1r/ppppppp1/2n2n2/7p/3P1B2/6P1/PPP1PPBP/RN1QK1NR b KQkq - 3 4,0
rnb1k1nr/1pppqppp/3bp3/p7/P2P4/3QP2N/1PP2PPP/RNB1KB1R b KQkq - 0 5,0
1nb1k1nr/rppqpp1p/7b/p2p2p1/1P6/3P3N/P1PNPPPP/R1BQKB1R w KQk - 2 7,0
rnbqkb1r/pp2pppp/3p1n2/2p5/QP4P1/2P5/P2PPP1P/RNB1KBNR b KQkq - 2 4,1
r1bqk1nr/1p2ppbp/p1n5/2pp2p1/2P3PP/8/PP1PPPB1/RNBQK1NR w KQkq - 1 7,1
r2qkbnr/ppp2pp1/n2p3p/P3p1B1/N5b1/3P4/1PP1PPPP/R2QKBNR w KQkq - 0 7,1
rn1qkbnr/2ppp1pp/pp5N/8/1P6/Pb6/2PPPPPP/RNBQKB1R w KQkq - 0 7,1
rnb1kbnr/pp1pp1pp/2p5/5P2/P7/3B3N/1qPP1PPP/RNBQK2R b KQkq - 0 5,1
rnbqkbnr/p1pp1ppp/4p3/8/p1P1P3/8/1P1P1PPP/RNBQKBNR b KQkq - 1 5,0
rnbqkb1r/pp1ppp2/2p2npp/6B1/3P1P1P/8/PPP1P1P1/RN1QKBNR b KQkq - 0 5,1
rnbqk1nr/1pppp1bp/5pp1/p5B1/3P4/5PP1/PPP1P2P/RN1QKBNR w KQ - 2 7,0
rnbqkbnr/p3p2p/1pp5/3p1pp1/7P/P1P2NPB/1P1PPP2/RNBQK2R b KQkq - 0 6,1
rnbq1bnr/pppp1kpp/4pp2/1B6/4P3/2P5/PP1P1PPP/RNBQK1NR w KQ - 2 4,1
rn1qkbnr/ppp2ppp/3p4/8/2B1pP2/4P2b/PPPP2PP/RNBQ1KNR w kq - 0 5,1
1nbqkbn1/rppppp1r/7p/p5pQ/4P3/N2P3P/PPP2PP1/R1B1KBNR w KQ - 1 7,1
rnbqkbnr/p1p1pppp/1p1p4/8/6P1/7N/PPPPPP1P/RNBQKBR1 b Qkq - 1 3,0
rnbqkbnr/1pp1pppp/p2p4/8/8/P2P3P/1PP1PPP1/RNBQKBNR b KQkq - 0 3,0
rnb1kbnr/ppp1q2p/4pp2/3p2p1/1P1P1P2/8/P1P1P1PP/RNBQKBNR w KQkq - 0 6,0
rnbqkbnr/pp1ppppp/8/8/2Qp4/2P5/PP2PPPP/RNB1KBNR w KQkq - 0 6,0
rnb1k1nr/pppp1p1p/3b4/4p1p1/P3P1P1/N7/1PPPKq1P/R1BQ1BNR w kq - 0 6,1
r1bqk2r/pppp1p1p/2nbpnp1/N4P2/8/8/PPPPP1PP/R1BQKBNR w KQkq - 1 6,1
rn2kbnr/1p1bpppp/1q5B/p1pp1P2/2PP3P/8/PP2P1P1/RN1QKBNR b KQkq - 2 6,1
rnbqkb1r/p1pppppp/7n/1p5P/8/1P6/P1PPPPP1/RNBQKBNR b KQkq - 0 3,0
r2qkbnr/1pp1pppp/p5n1/3p4/4P1bP/3B1Q2/PPPP1PPR/RNB1K1N1 w Qkq - 2 7,1
rnb1kbnr/p1pp1ppp/5q2/1p2p3/2P5/2NP4/PP2PPPP/R1BQKBNR w KQkq - 2 4,1
rnbqkbnr/pp2pppp/3p4/2p5/8/4P2P/PPPPBPP1/RNBQK1NR b KQkq - 0 3,0
rn1qkb1r/p1pbpp1p/6pn/1p1p2B1/4P2P/3P4/PPP2PPR/RNQ1KBN1 b Qkq - 1 6,0
rnbqkbnr/p1ppp1pp/1p3p2/8/P4P2/3P4/1PP1P1PP/RNBQKBNR b KQkq - 0 3,0
r1bqkb1r/pppppppp/8/3nn2Q/5P2/N3P1P1/PPPP1K1P/R1B2BNR w kq - 5 7,1
rnbqkbnr/p1ppp1pp/1p3p2/8/1PP3P1/8/P2PPP1P/RNBQKBNR b KQkq - 0 3,0
rnbqkb1r/1ppp1ppp/p7/4p3/N1P2Pn1/1P6/P2PP1PP/R1BQKBNR b KQkq - 3 5,1
r1bq1b1r/p1pppkpp/n4p1n/1p6/1P1P2P1/5N2/P1P1PP1P/RNBQKB1R w Q - 1 7,1
rn1qkbnr/1pp1pppp/p7/3N4/3p1P2/P6b/1PPPP1PP/1RBQKBNR w Kkq - 4 6,1
r1b1kbnr/pppp1pp1/n3p2p/6q1/P6P/3P1P2/1PP1P1P1/RNBQKBNR w KQkq - 1 5,1
rnb1k1r1/pp1p1ppp/1qp1p2n/7P/PbP5/3P4/1P1BPPP1/RN1QKBNR w KQq - 3 7,1
rnbqk1nr/1ppp2p1/B2b3p/p3ppN1/P3P3/2P5/1P1P1PPP/RNBQK2R w KQkq - 1 7,0
rnbq1knr/p1ppp2p/6pb/1pP1Pp2/8/6P1/PP1P1P1P/RNBQKBNR w KQ - 1 6,1
2bqkbnr/rpppp2p/n6p/p4p2/3P4/6P1/PPP1PP1P/RNQ1KBNR w KQk - 0 6,1
rnbqkb1r/pppppppp/8/7n/8/N2BP3/PPPP1PPP/R1BQK1NR b KQkq - 4 3,0
rnbqkb1r/2pp1ppp/1p2pn2/pP6/8/N3P3/PBPP1PPP/R2QKBNR w KQkq - 0 6,0
rnbqkb1r/pppppp2/6pp/7n/PP5P/3P1P2/2P1P1P1/RNBQKBNR b KQkq - 0 5,1
rnbqkbnr/pp1pppp1/2p4p/8/P7/2N2P2/1PPPP1PP/R1BQKBNR b KQkq - 1 3,0
r1bqkbn1/pppp2pr/2n2p2/4p2p/7P/P5PB/1PPPPP1R/RNBQK1N1 b Qq - 1 6,1
r1bqkbnr/ppppp2p/5pp1/2n5/7P/3P4/PPPNPPPN/R1BQKB1R b KQkq - 1 5,0
rnb1kbnr/pppp1ppp/4pq2/8/2B2P2/4P3/PPPP2PP/RNBQK1NR b KQkq - 0 3,0
r1bqkbnr/p1p1pppp/1pn5/3p4/8/4P1PN/PPPP1PBP/RNBQK2R b KQkq - 1 4,0
rnb1kbnr/1pqp1ppp/p7/2p1p3/P2P4/2P3PP/1P2PP2/RNBQKBNR b KQkq - 0 5,0
rnbqkbnr/2ppp1p1/7p/pp3p2/2B2P2/2N1P3/PPPP2PP/R1BQK1NR w KQkq - 0 5,0
rnbqkbnr/p1pp2p1/1p3p2/4p2p/4PP2/5Q2/PPPPB1PP/RNB1K1NR b KQkq - 1 5,0
rnbqk1nr/ppp2pbp/4p3/3p2p1/2B5/NP2P3/P1PPKPPP/R1BQ2NR b kq - 0 5,1
rnbqkb1r/p1pppppp/5n2/1p6/7P/2P4N/PP1PPPP1/RNBQKB1R b KQkq - 1 3,0
rnb1kbnr/p1qppppp/1p6/2p5/P1P5/7N/1P1PPPPP/RNBQKBR1 w Qkq - 1 7,0
r1bqkbnr/p1pppppp/2n5/1p6/8/N1P2N2/PP1PPPPP/R1BQKB1R b KQkq - 0 3,0
rnbqkbnr/p1p1pp1p/3p2p1/1p4P1/8/7B/PPPPPP1P/RNBQ1KNR b kq - 1 4,1
r1bqkbr1/p1pppp1p/n5pn/1p2P2Q/3P4/3B4/PPP2PPP/RNBK2NR b q - 4 6,1
rnbqkbnr/1pp1pppp/3p4/p7/P2P1P2/8/1PP1P1PP/RNBQKBNR b KQkq - 0 4,0
rnbqkbnr/pp1ppppp/2p5/8/3P1B2/N4N2/PPP1PPPP/R2QKB1R b KQkq - 2 4,0
rnb1kbnr/ppp2pp1/5q2/1N1pp3/P6p/5NP1/1PPPPP1P/R1BQKB1R w KQkq - 2 6,1
r1bqkb1r/pp1pp1pp/8/2pnnp2/5PP1/1PPP3B/P3P2P/RNBQK1NR w KQkq - 0 7,1
rnb1kbnr/ppp1p1pp/3q1p2/3p4/2P2PP1/N6N/PP1PP2P/R1BQKB1R b KQkq - 0 5,0
r1bqkbnr/pp2pppp/2p5/1Nnp4/8/2P5/PP1PPPPP/1RBQKBNR w Kkq - 3 5,1
1nb1kbnr/1p1ppp1p/Bq4p1/p1p4P/6P1/4PQ2/PPPP1P2/RNB1K1NR w KQk - 0 7,1
rnbqkbnr/p1p1pppp/1p6/3p4/2P2P2/6P1/PP1PP2P/RNBQKBNR b KQkq - 0 3,0
rnbqkbnr/1pp1p3/p2p4/5ppp/P7/RP1P4/2PKPPPP/1NBQ1BNR w kq - 0 7,1
rnbqkb1r/ppp1pp1p/3p1n2/6p1/5N2/6P1/PPPPPP1P/RNBQKB1R w KQkq - 0 4,0
rnbqkbnr/p1ppp1pp/5p2/1p6/2P2P1P/8/PP1PP1P1/RNBQKBNR b KQkq - 0 3,0
rnb1kbnr/1p1ppp1p/p1p3p1/8/q5P1/2P5/PP1PPP1P/RNBQKBNR w KQkq - 0 6,1
rnbqkb1r/pppppp2/5n2/6pp/PPP5/4P3/3P1PPP/RNBQKBNR b KQkq - 0 4,0
rnbqkbn1/pp2pp1r/6pp/2pp3Q/PP2P1P1/2N5/2PP1P1P/R1B1KBNR b KQq - 0 6,1
rnbqkbnr/pppp1p1p/8/6p1/3p4/1P3N1P/P1P1PPP1/RNBQKB1R b KQkq - 0 4,0
rnbqkbnr/pp1p2p1/4p2p/2p2p2/8/3PP1P1/PPPQ1P1P/RNB1KBNR w KQkq - 0 5,0
rn1qkbnr/pppb1ppp/4p3/8/P2p1P2/6PP/1PPPP2R/RNBQKBN1 b Qkq - 0 5,1
rn1qkbnr/1bpp1ppp/4p3/pp6/P5P1/1P2P3/2PP1P1P/RNBQKBNR w KQkq - 0 5,1
rnbqkb1r/ppppppp1/5n2/7p/5P2/4P2N/PPPP2PP/RNBQKB1R b KQkq - 2 3,0
rnbqkbnr/pp1p2pp/4p3/1Bp2p2/4PP2/8/PPPP2PP/RNBQK1NR w KQkq - 0 4,0
rnbqkbnr/pppp2pp/4p3/8/3N4/2P1p3/PP1PBPPP/RNBQK2R b KQkq - 1 5,1
rnb1kbnr/pp2pppp/3p4/q1p5/1N3P2/P7/1PPPP1PP/1RBQKBNR b Kkq - 3 6,1
rn1qkbnr/1pp1pp1p/3p4/p4bp1/3P4/P3B1P1/RPP1PP1P/1N1QKBNR b Kkq - 2 5,0
rnbqkbnr/pp1pppp1/2p4B/8/3P4/1P6/P1P1PPPP/RN1QKBNR b KQkq - 0 3,1
rnbqk2r/1ppp1ppp/7n/p1b1p3/4PP2/PP5P/2PP2P1/RNBQKBNR b KQkq - 0 5,0
rnb1kbnr/1pp1pppp/3q4/p2p4/1PP5/8/P2PPPPP/RNBQKBNR w KQkq - 1 4,0
rn1qkbnr/p1pp1ppp/bp2p3/8/P7/2N5/1PPPPPPP/1RBQKBNR w Kkq - 2 4,0
rn1qkbnr/pbppp1p1/8/1p3p1p/5P2/2P2N2/PP1PP1PP/RNBQKB1R b KQkq - 0 5,0
rnb1kb1r/pppqpppp/3p1n2/8/4NP2/8/PPPPP1PP/R1BQKBNR w KQkq - 4 4,0
rn1q1bnr/ppp1kpp1/3p4/4p2p/7P/PPPP3b/4PPPR/RNBQKBN1 w Q - 1 7,1
r1bnkb1r/ppppnppp/8/8/P3N3/R4P2/1PPPP1PP/1NBQKB1R w Kkq - 1 7,1
rnb1kbnr/pp1pp1pp/1qp5/5p2/8/2NP1NP1/PPP1PP1P/R1BQKB1R w KQkq - 0 5,1
rnbqkbnr/pp1ppp1p/8/6p1/2p2PPP/P7/1PPPP3/RNBQKBNR w KQkq - 0 5,1
rq2kb1r/pppnpppp/3p1n2/7b/Q1P4N/3PP3/PP3PPP/RNB1KB1R w KQkq - 5 7,0
rnbqkbnr/1p2pp1p/p7/2pN2p1/8/4PN2/PPPP1PPP/R1BQKB1R w KQkq - 0 5,1
r2qkbnr/p1p1pp1p/b1np2p1/1p6/2B1P3/2P3P1/PPQP1P1P/RNB1K1NR w KQkq - 1 6,1
r1bqkbnr/p1p1pppp/2np4/1p6/1P4P1/8/P1PPPP1P/RNBQKBNR b KQkq - 0 4,1
rnb1kbnr/pp1ppppp/8/2p5/P4q2/R2P3N/1PP1PPPP/1NBQKB1R b Kkq - 4 4,0
rn1qkb1r/p1pppppp/5n2/Pp6/4b3/2N4R/1PPPPPPP/2BQKBNR b Kkq - 4 5,1
rnbq1bnr/pp1ppkpp/2p5/5p2/4P1BP/8/PPPP1PP1/RNBQK1NR b KQ - 0 4,1
rnb1kbr1/pp1ppppp/7n/2p5/q6P/P2PPP2/1PP1N1P1/RNBQKB1R b KQq - 0 6,1
1nbqkbnr/r2ppppp/pPp5/8/7P/1P6/P2PPPP1/RNBQKBNR b KQk - 0 5,0
rnbqkbnr/1pp1ppp1/p7/3p3p/4PP2/2P5/PP1P2PP/RNBQKBNR w KQkq - 0 4,0
rnbqkb1r/2ppppp1/p4n2/1p6/1P5P/7P/PBPPPP2/RN1QKBNR w KQkq - 1 6,0
r1bqkbnr/p1pppppp/2n5/1p6/P7/1PP5/3PPPPP/RNBQKBNR b KQkq - 0 3,0
rnb1kb1r/ppp1pnpp/1q6/3p1p2/3P2P1/N6P/PPP1PP2/R1BQKBNR w Qkq - 4 7,0
rnbqkb1r/1p1ppp1p/2p3p1/p7/4Q1n1/1PP1P3/P2P1PPP/RNB1KBNR w KQkq - 0 6,1
rnb1kb1r/pppqpp1p/P2p1np1/8/2P5/8/1P1PPPPP/RNBQKBNR b KQkq - 0 5,1
rnbqkbnr/1pppp3/p6p/5pp1/2P5/3P2PN/PP1NPP1P/R1BQKB1R b KQkq - 1 5,0
r1bqkbnr/pppp2pp/n3pp2/8/2P4P/1P5N/P2PPPP1/RNBQKB1R b KQkq - 0 4,0
rn1qkbnr/p2p2p1/b3p3/1pp2p1p/5P2/3P3P/PPP1PKP1/RNBQ1BNR w kq - 0 7,0
r1bqkbnr/p1ppp1p1/np6/5p2/7p/P1N2P1N/1PPPP1PP/R1BQKB1R b KQkq - 0 6,1
r2qkbnr/pbp2pp1/n2pp3/1p1B3p/8/P1P1P3/1P1PKPPP/RNBQ2NR w kq - 2 7,1
rn1qkb1r/pbpppppp/7n/1p6/1PP2P2/6P1/P2PP2P/RNBQKBNR b KQkq - 0 4,1
rnbqkb1r/pp1ppppp/2p4n/6B1/3P4/1P6/P1P1PPPP/RN1QKBNR b KQkq - 1 3,0
r1bqkbnr/1ppppp2/8/p3n1pp/2P1P3/1P1B4/P2P1PPP/RNBQK1NR b KQkq - 3 6,1
rnbqkbnr/pp1p1ppp/2N5/2p5/8/8/PPPPPPPP/RNBQKB1R b KQkq - 1 3,1
rnbqkbnr/pppp1p1p/4p3/6p1/3P3P/7N/PPP1PPP1/RNBQKB1R b KQkq - 0 3,1
rnbqkb1r/pp1pppp1/2p2n2/6Pp/8/1P6/P1PPPP1P/RNBQKBNR w KQkq - 0 4,1
rnbqk1nr/ppppb2p/5p2/4p1p1/4K2P/2P2P2/PP1PP1P1/RNBQ1BNR b kq - 0 6,1
r1b1kbnr/1p1pp1pp/1qn2p2/p1p5/6Q1/4P3/PPPP1PPP/RNB1KBNR w KQkq - 0 6,0
rnbqkb1r/ppppnppp/4p3/8/P3P3/6P1/1PPP1P1P/RNBQKBNR b KQkq - 0 3,0
rnbqkbnr/pp1p1pp1/8/2p1p2p/2P5/3P3N/PP2PPPP/RNBQKB1R w KQkq - 0 4,0
r1bqkb1r/pppppppp/n4n2/8/5P1P/6P1/PPPPP3/RNBQKBNR b KQkq - 0 3,1
r1bqkbnr/pppppp1p/n7/6p1/6P1/3P4/PPPQPP1P/RNB1KBNR b KQkq - 0 3,0
rnbqk2r/1ppp1p1p/p5pB/4p3/Pb1P4/2P5/1P1KPPPP/RN1Q1BNR w kq - 0 6,1
r1bqkbnr/p1p1pppp/2np4/1p6/P4P2/1P6/2PPP1PP/RNBQKBNR b KQkq - 0 4,0
1rbqkbnr/p1pp2pp/np6/4pP2/1P3P2/7P/P1PP2P1/RNBQKBNR b KQk - 0 6,1
rnb1kb1r/p2p1ppp/1pp1p2n/8/2N4q/3P2PN/PPP1PPBP/R1BQK2R b KQkq - 1 6,1
r1bqkbn1/pppppp2/7r/6pp/3n1PPP/P4R2/1PPPP3/RNBQKBN1 b Qq - 1 6,1
rnbqkb1r/pp1ppp1p/2p2np1/8/3N4/6P1/PPPPPP1P/RNBQKB1R w KQkq - 2 4,0
rnbqkbnr/pp4pp/3p1p2/2p1p3/5P2/5N2/PPPPP1PP/RNBQKB1R w kq - 0 5,0
rnbqkb1r/pppppppp/8/8/6n1/P2BP1P1/1PPP1P1P/RNBQK1NR w KQkq - 3 5,1
rnbqkb1r/1pp1pppp/8/p2p1n2/4PP2/3P4/PPP2NPP/RNBQKB1R b KQkq - 1 5,0
r1b1kbnr/ppqppppp/n7/P1p5/8/8/RPPPPPPP/1NBQKBNR w Kkq - 3 4,0
rnb1kbnr/p1p2ppp/1p5B/3pp1q1/3P4/P2Q4/1PP1PPPP/RN2KBNR w KQkq - 2 5,1
rnbqkbnr/1pp1p2p/8/p2p1pN1/7P/PPP5/3PPPP1/RNBQKB1R w KQ - 0 7,1
rnbqkbnr/p1pppp1p/8/1p4p1/1PP5/N7/P2PPPPP/R1BQKBNR b KQkq - 1 3,0
rnbqkb1r/pppp1ppp/4p2n/8/6P1/N6P/PPPPPP2/R1BQKBNR b KQkq - 0 3,0
rnbqk1nr/pp1pb1pp/2p1p3/5p2/1P1P4/N3PP2/P1PQ2PP/R1B1KBNR w KQkq - 2 7,0
rnbqkb1r/2pppppp/p4n2/1p6/5P2/4P2N/PPPP2PP/RNBQKB1R w KQkq - 1 4,0
rnbqkb1r/ppp1pppp/7n/3p4/Q1P3P1/8/PP1PPP1P/RNB1KBNR b KQkq - 1 3,1
rnbqkbnr/pp2p1pp/2pp4/4Np2/P1P5/R5P1/1P1PPP1P/1NBQKB1R w K - 0 7,0
rn1qkbnr/pbppp1pp/5p2/1p2N3/2P5/N7/PP1PPPPP/R1BQKB1R b KQkq - 3 4,1
r1bqkb1r/pppn1ppp/3pp3/4n3/3PN3/1P5P/P1P1PPP1/R1BQKBNR w KQkq - 1 7,1
rnbqkb1r/ppppp1pp/5p1n/8/6P1/2N5/PPPPPPBP/R1BQK1NR b KQkq - 3 3,0
rnbqk1nr/pppp1pp1/4p3/7P/7P/b4P2/PPPPP2R/RNBQKBN1 b Qkq - 0 5,1
rnbqkb1r/pppp1ppp/4pn2/8/8/NP5N/P1PPPPPP/R1BQKB1R b KQkq - 1 3,1
rnbqkbnr/1p1ppppp/8/p1p5/2P5/P6N/1P1PPPPP/RNBQKB1R b KQkq - 0 3,0
rnbqkbr1/1p1p1ppp/p1p5/2P1pn2/5PP1/N7/PP1PP2P/R1BQKBNR w KQq - 0 7,0
rnbqkbnr/2ppp2p/p7/5pp1/2p5/3PB3/PPQ1PPPP/RN2KBNR w KQkq - 0 6,1
rnbqkbnr/p1pppp1p/1p4p1/7P/1P6/8/P1PPPPP1/RNBQKBNR b KQkq - 0 3,0
1rbq1b1r/pppppkpp/n6n/5p1P/3P1B2/5P2/PPP1P1PR/RN1QKBN1 b Q - 4 6,1
1nbqkbnr/rppp1ppp/p7/4p3/P7/3R1P2/1PPPP1PP/1NBQKBNR b Kk - 1 4,1
rnbqkb1r/pppppp1p/6pB/6N1/3P4/PPn5/2P1PPPP/RN2KB1R w KQkq - 0 7,1
rnbqkb1r/ppp1pppp/8/3p4/6nP/P7/1PPPPPP1/RNBQKBNR b KQkq - 0 4,1
r1bqkb1r/pppppppp/n7/8/2P3n1/3P1P1N/PP2P1PP/RNBQKB1R b KQkq - 2 4,0
rnbqkbnr/p1p1pppp/3p4/1p6/1P6/1QP2P2/P2PP1PP/RNB1KBNR b KQkq - 1 4,0
r1bqkbnr/pppppp2/n7/2P3pp/6P1/4P3/PP1P1P1P/RNBQKBNR w KQkq - 0 5,0
rnb1kbnr/1ppq1ppp/p2p4/4p3/P1P5/N6N/1P1PPPPP/R1BQKB1R w KQkq - 0 5,0
r2qkbnr/ppp2pp1/2npb2p/4p2P/6P1/2NP4/PPPBPP2/R2QKBNR b KQkq - 2 6,1
r1bqk1nr/1ppp1ppp/p1n5/2b1p3/2P1P2P/8/PP1P1PP1/RNBQKBNR b KQkq - 2 6,1
r1bqkbnr/2p1pppp/1pnp4/p7/1P6/2NP3N/P1P1PPPP/R1BQKB1R w KQkq - 0 5,0
rnbqkbnr/1pp2pp1/3p3p/p3p3/3P4/N2QP3/PPPBNPPP/R3KB1R b KQkq - 1 6,0
rnb1kbnr/1p1p1ppp/2q1p3/p1p5/8/2PPPPP1/PP2Q2P/RNB1KBNR b KQkq - 2 6,0
r1bqkbnr/1ppp1ppp/p3p3/8/3nP2P/6P1/PPPPQP2/RNB1KBNR w KQkq - 0 5,0
rnbqkbnr/1ppppppp/8/p7/4P3/2NP4/PPPK1PPP/R1BQ1BNR b kq - 1 4,0
rnbqkbnr/ppppppp1/8/7p/3P1P2/P7/1PPQP1PP/RNB1KBNR b KQkq - 1 4,0
r1bqkbnr/p1pp1ppp/2n1p3/1p6/P3PP2/6P1/1PPP3P/RNBQKBNR b KQkq - 0 4,0
rnbqkbnr/1pppp1pp/5p2/p7/P7/2N4P/1PPPPPP1/R1BQKBNR b KQkq - 1 3,0
r1bqkb1r/p1pppppp/1pn4n/8/2P2P2/2N3P1/PP1PP2P/R1BQKBNR b KQkq - 0 4,0
rnb1kb1r/1p1ppppn/1q6/p1p4p/7B/1P1P1NP1/P1P1PP1P/RN1QKB1R w KQkq - 4 7,0
r1b1kbnr/pp1p1ppp/n7/q1p5/4pP2/2N3PP/PPPPP2N/R1BQKB1R w KQkq - 0 7,0
rnbqkbnr/2pppppp/1p6/p7/5P2/3P4/PPPBP1PP/RN1QKBNR b KQkq - 1 3,0
rnbqkbr1/pp1ppppp/5n2/2p5/8/1P2P2N/P1PP1PPP/RNBQKB1R w KQq - 0 4,0
rnbqk1nr/ppppppbp/8/6p1/4P3/P6N/1PPP1PPP/RNBQKB1R b KQkq - 0 3,0
rnbqkb1r/p1p1pppp/7n/3p4/5B2/pP1P1N2/R1P1PPPP/1N1QKB1R b Kkq - 3 6,0
rnbqkbnr/2ppp2p/pp6/5pp1/1P5P/2P2P2/P2PP1P1/RNBQKBNR w KQkq - 0 5,1
rnbq1bnr/1ppppkp1/7p/p4p2/3P4/4PN2/PPPN1PPP/R1BQKB1R w KQ - 1 5,1
rn1qkbnr/2ppp1pp/bp3p2/8/1P1BP3/8/P1PP1PPP/RN1QK1NR b KQkq - 1 5,1
rnbqkb1r/ppp1p3/3p1npp/5p2/2P4P/Q5P1/PP1PPP2/RNB1KBNR b KQkq - 0 6,1
rnbqkbnr/pp1pp3/5pp1/2p4p/1P6/3PP2N/P1PN1PPP/R1BQKB1R b KQkq - 1 5,1
rnbqkbnr/pppppp1p/8/6p1/2P2P1P/8/PP1PP1P1/RNBQKBNR w KQkq - 1 5,1
rnb1kbnr/pp1qpppp/2p5/3p4/P1P3P1/8/1P1PPP1P/RNBQKBNR w KQkq - 1 4,0
rnbqkbnr/ppppp1p1/8/5p1p/2P1PP2/N5PP/PP1P4/R1BQKBNR b KQq - 0 6,0
rnbqkb1r/p1pppppp/1p5n/8/1P6/N2P4/P1P1PPPP/R1BQKBNR b KQkq - 0 3,0
rnbqkb1r/p1pppppp/5n2/1p6/N7/7P/PPPPPPP1/R1BQKBNR b KQkq - 1 3,1
r1bqkbnr/1ppppp2/nN5p/p7/6p1/P4P1N/1PPPP1PP/R1BQKB1R b KQkq - 3 6,1
rnbqkbnr/p1ppp1p1/1p3p2/7p/Q7/2P4P/PP1PPPP1/RNBK1BNR b kq - 1 4,0
1nbqkbnr/r1pp1ppp/pp6/2P1p3/P7/1P1P4/4PPPP/RNBQKBNR b KQk - 0 5,1
rnb1kbnr/pp1p1ppp/1q6/2p1p3/1P5P/4PN2/P1PP1PP1/RNBQKB1R b KQkq - 2 4,0
r1bqkbn1/ppppppp1/2n5/7p/4r1P1/PP1P4/2PKPP1P/RNBQ1BNR w q - 3 6,1
rnbqkb1r/p1pppppp/1p5n/8/P7/1R6/1PPPPPPP/1NBQKBNR b Kkq - 3 3,0
rnbqk2r/pppppp1p/5n1b/6p1/2P5/7P/PP1PPPP1/RNBQKBNR w KQkq - 1 4,1
rn1qkbnr/pppbp3/3p2pp/5p2/3P4/P1N3PN/1PP1PP1P/1RBQKB1R b Kkq - 0 6,0
r1bqkbnr/ppp1pppp/3p4/2n5/4P2P/2N5/PPPP1PP1/R1BQKBNR w KQkq - 2 4,1
rnbqkb1r/2pp1pp1/1p2pn1p/pB4N1/8/P1P1P3/1P1P1PPP/RNBQK2R b KQkq - 1 6,1
rnbqkbn1/p1pppppr/1p5p/8/1P4PP/5N2/P1PPPP2/RNBQKB1R b KQq - 2 4,0
r1bqk1nr/ppppbp1p/2n5/4p1p1/2P5/7N/PPNPPPPP/R1BQKB1R w KQkq - 0 5,0
rnbqkb1r/p1pppppp/1p3n2/8/3P4/P4N2/1PP1PPPP/RNBQKB1R b KQkq - 2 3,0
r1Qqkb1r/ppp1pppp/n6n/3p4/8/4P3/PPPP1PPP/RNB1KBNR w KQkq - 1 4,1
rnbqkbnr/pppp2pp/4p3/5p2/3P4/7P/PPPQPPP1/RNB1KBNR b KQkq - 1 3,0
rnbq1bnr/ppp1pkpp/3p4/5p2/5P2/N1P4N/PP1PP1PP/R1BQKB1R b KQ - 2 4,0
r1bqkbnr/p1pppppp/np6/8/8/P1P2N1P/RP1PPPP1/1NBQKB1R b Kkq - 0 5,0
rnb1kb1r/1p1pqppp/p1p1pn2/8/1P4P1/2N2P2/P1PPP2P/R1BQKBNR b Kkq - 1 6,1
r1bqkbnr/p1ppp1pp/1p3p2/8/Pn6/N2P1P2/1PP1P1PP/R1BQKBNR b KQkq - 0 5,0
rn1qkbnr/p1p1pp1p/6p1/1p1p1b2/6P1/P2P1P2/1PP1P2P/RNBQKBNR w KQkq - 0 5,1
1rbqkbnr/1pp1pppp/2n5/p1Np4/8/1P1P1P2/P1P1P1PP/R1BQKBNR w KQk - 0 7,1
r2qkbnr/p1p1pp1p/np1pb1p1/8/4P1N1/6P1/PPPP1P1P/RNBQKBR1 b Qkq - 4 6,0
r1bqkbnr/ppppp1pp/2n5/5p2/4P3/3P1N2/PPP2PPP/RNBQKB1R b KQkq - 0 3,0
rnbqkbnr/pp3p1p/2p5/3pp1p1/6P1/2N1PN2/PPPP1P1P/R1BQKB1R w KQkq - 0 5,0
rnbqk1nr/pppp1ppp/4p3/8/1b6/5P1P/P1PPP1P1/RNBQKBNR b KQkq - 0 3,0
r1bqkbnr/ppppppp1/2n5/5B2/7p/4P3/PPPP1PPP/RNBQK1NR b KQkq - 1 4,1
r1bqkbnr/pp3ppp/n1p5/3pp3/5P2/1PN1P3/P1PPK1PP/R1BQ1BNR b kq - 2 5,1
rnbqkbnr/pppp2p1/4pp2/7p/8/2PP4/PP1NPPPP/R1BQKBNR w KQkq - 0 4,1
1rbqkbnr/pp1pp2p/n4pp1/2p5/4P1P1/2N2Q2/PPPP1P1P/R1B1KBNR b KQk - 1 6,0
r1bqk1nr/1pppppbp/2n3p1/p2N4/8/1P3NP1/P1PPPP1P/R1BQKB1R b KQkq - 0 5,1
rnbqkbnr/pp2pp1p/3p2p1/2p5/P3PP2/8/1PPPB1PP/RNBQK1NR b KQkq - 0 4,0
rnbqkb1r/ppp1pp1p/3p1n2/6p1/3P2P1/7N/PPP1PP1P/RNBQKB1R w KQkq - 0 4,1
rnbqkb1r/1pppp1pp/p4n2/5p2/7P/N4P1N/PPPPP1P1/R1BQKB1R b KQkq - 1 4,1
rnbqkbnr/pppp1p1p/8/4p1p1/P4P2/2P5/1P1PP1PP/RNBQKBNR b KQkq - 0 3,1
rnbq1bnr/p1pppkpp/5p1B/8/1p1P4/1P5P/P1PKPPP1/RN1Q1BNR b - - 0 5,1
r1bqkbnr/ppppppp1/2n5/7p/2P4P/8/PPQPPPP1/RNB1KBNR b KQkq - 2 3,0
rnb1kbnr/1ppqpppp/p2p4/8/8/P4P2/1PPPPNPP/RNBQKB1R b KQkq - 2 4,0
rn1qkbnr/pppbpp1p/3p2p1/8/3P3B/1N6/PPP1PPPP/R2QKBNR b KQkq - 1 6,0
r2qkbnr/pb1npp2/2p4p/1p4p1/4PP2/1P6/P1PP2PP/RNB1KBNR w KQkq - 0 7,1
rnbqkbnr/p1pppppp/8/1p6/2P5/3P3N/PP2PPPP/RNBQKB1R b KQkq - 0 4,0
rnbqkb1r/p3pppp/1p3n2/2pp4/P4PP1/2N4N/1PPPP2P/R1BQKB1R b KQkq - 0 5,1
rnbqkbnr/1ppppp2/8/p5pp/P7/4P1P1/RPPP1P1P/1NBQKBNR w Kkq - 0 5,0
r1bqkbnr/ppp1pp1p/2np4/6p1/8/1PPP2P1/P3PP1P/RNBQKBNR b KQkq - 0 4,0
rnbqkbnr/2pp2p1/1p2p3/p4p1p/P1P4P/6P1/1P1PPPB1/RNBQK1NR b KQkq - 1 6,1
rnbqkb1r/1p2pppp/p2p3n/2p5/8/2PP3N/PPQ1PPPP/RNB1KB1R b KQkq - 3 5,0
rnbqkbnr/2pppp1p/1p6/p5p1/8/P4PP1/1PPPP2P/RNBQKBNR w KQkq - 0 4,1
rnb1k1nr/pp1pqp1p/2p5/2b1p1p1/Q7/P1P2N1P/1P1PPPP1/RNBK1B1R b kq - 1 6,1
r1bqkbnr/pppp1ppp/2n1p3/8/3P4/2P4P/PP2PPP1/RNBQKBNR b KQkq - 0 3,0
rnbqkbnr/1p3ppp/3p4/p1p1p1N1/8/N1P5/PPQPPPPP/R1B1KB1R w KQkq - 0 6,0
r1b1kb1r/pp1ppppp/1qn4n/2p2P2/Q1P5/7P/PP1PP1P1/RNB1KBNR b KQkq - 2 5,1
rn1qkbnr/1ppbpp2/3p3p/p5p1/P3P3/NP5N/2PP1PPP/R1BQKB1R b KQkq - 0 6,0
rn1q1bnr/pp1kppp1/2p5/3p3p/4PPbP/1P4P1/P1PP4/RNBQKBNR w KQ - 1 6,0
rnbqkbnr/pp1pppp1/2p4p/8/8/P2P3P/1PP1PPP1/RNBQKBNR b KQkq - 0 3,0
rnbqkbnr/1ppp1ppp/8/p3p3/2P5/P6P/1P1PPPP1/RNBQKBNR b KQkq - 0 3,0
rnb1kbnr/pp2pppp/1q1p4/2p5/6P1/3P1P2/PPP1P2P/RNBQKBNR w KQkq - 1 4,0
rn1q1bnr/pppkpppp/8/3p4/3P3P/1P3b2/P1PBPPPR/RN1QKBN1 w Q - 5 7,1
rnbqkbnr/ppp1p1p1/3p3p/5p2/6PP/P6N/1PPPPP1R/RNBQKB2 w Qkq - 0 6,0
rnbqkbnr/1pppppp1/8/p6p/P1B1P3/8/1PPP1PPP/RNBQK1NR w KQkq - 0 4,1
rnbq1kr1/pp1pppbp/5np1/2p5/P7/N4PPB/1PPPP2P/R1BQK1NR w KQ - 4 7,0
rnbqkb1r/pppp1p2/5npp/4p3/P4P2/5NP1/1PPPP2P/RNBQKB1R w KQkq - 0 5,1
rnb1k1nr/pppp2p1/4p3/P1q2p1p/2P1P2P/b2P4/1P3PP1/RNBQKBNR w KQkq - 1 7,1
rnb1kbnr/ppp2ppp/4q3/3pp3/1P3PP1/7P/P1PPP3/RNBQKBNR w KQkq - 1 5,1
rnb1kbnr/p1p1qppp/1p1pQ3/4P3/8/7N/PPPP1PPP/RNB1KB1R b KQkq - 1 5,1
1rbqkbnr/ppp1pppp/8/3P4/3n4/4P1P1/PP1P1P1P/RNBQKBNR w KQk - 1 5,1
rnbqkbnr/ppp1pp2/6p1/3p3p/4P2P/3P3R/PPP2PP1/RNBQKBN1 b Qkq - 1 4,1
r1bqkbnr/pppp1ppp/2n5/8/1P2p3/B2P4/P1P1PPPP/RN1QKBNR w KQkq - 2 4,0
rnbqkbnr/p5pp/2p5/1pPppp2/1P1P4/4BN2/P3PPPP/RN1QKB1R w KQkq - 0 7,1
r1bqkbnr/pp1pppp1/n6p/2p3P1/8/2P4B/PP1PPP1P/RNBQK1NR w KQkq - 0 5,0
1nbqkbnr/rppp2pp/8/p3pp2/P5P1/2N1P3/1PPPBP1P/R1BQK1NR b KQk - 0 6,0
rnbqkbnr/ppp1ppp1/7p/P2p4/7P/6P1/1PPPPP2/RNBQKBNR w KQkq - 0 5,0
r1bqkb1r/p1ppppp1/n4n2/7p/1pP2P2/1PNP4/P3P1PP/1RBQKBNR b Kkq - 1 6,1
rnbqkbnr/pp1pp1pp/2p5/5p2/8/P5PP/1PPPPP2/RNBQKBNR b KQkq - 0 3,0
rnb1kbnr/1pqp1ppB/8/p3p3/1Pp2P2/4P3/P1PP2PP/RNBQK1NR w KQkq - 0 6,0
rn1qkb1r/pppbpppp/3p3n/8/6Q1/2P3P1/PP1PPP1P/RNB1KBNR b KQkq - 3 4,1
r1bqk1nr/pp1p1ppp/n2bP3/2p5/PP6/8/2PPP1PP/RNBQKBNR b KQkq - 0 5,0
rnbqkbnr/1ppp2pp/4pp2/p7/5P2/4P3/PPPPN1PP/RNBQKB1R w KQkq - 0 4,0
rnbqkbnr/2ppp1p1/pp6/1B3p1p/PP6/4P3/2PP1PPP/RNBQK1NR b KQkq - 0 5,1
rnb1kbnr/pp1p2p1/8/q1p1pp1p/2P3P1/1P3N2/P1QPPP1P/RNB1KBR1 w Qkq - 0 7,1
rnb1kbnr/1p1ppppp/3q4/p1p5/5P2/1P3N1P/P1PPPKP1/RNBQ1B1R b kq - 1 5,0
rnbqk1nr/pppp1p1p/4p3/4bPp1/1P6/N3P3/P1PP2PP/1RBQKBNR b Kkq - 2 6,0
rnbqk1nr/pppp1pp1/4p2p/4N3/1b6/1P6/P1PPPPPP/RNBQKB1R w KQkq - 0 4,0
rnbqk2r/pppp1ppp/5n1B/2b1p3/3P4/7P/PPP1PPP1/RN1QKBNR w KQkq - 3 4,1
rnbqkbnr/pp1pp1pp/2p5/5p2/8/BP5N/P1PPPPPP/RN1QKB1R b KQkq - 1 3,0
r1bqkbnr/pppp4/n3pp1p/6p1/1P3N2/4P3/PBPP1PPP/RN1QKB1R w KQkq - 1 6,1
rnbqkbnr/pp3p1p/8/2pp2p1/4p3/4PP1P/PPPP2P1/RNBQKBNR w kq - 0 6,0
rnbqkb1r/1p1ppppp/2p4n/p7/5P2/P1N5/1PPPP1PP/R1BQKBNR w KQkq - 2 4,0
r1bqkb1r/1ppnpppp/p6n/3p4/2P3P1/1P5N/P2PPP1P/RNBQKB1R w KQkq - 1 7,0
rnb1kbnr/2pp1ppp/8/pp1qp3/P2P1PP1/2N4N/1PP1P2P/R1BQKB1R w KQkq - 2 7,1
rnb2bnr/2qppkpp/2p2p2/pp4B1/3P4/Q4P2/PPP1P1PP/RN2KBNR w KQ - 0 7,1
rnbqkbnr/3pp1pp/ppp2p2/6N1/8/1P2P1P1/P1PP1P1P/RNBQKB1R b KQkq - 0 5,1
rnbqkb1r/2ppp1pp/1p5n/p4p2/N5P1/4P3/PPPP1P1P/1RBQKBNR b Kkq - 1 5,1
r1bqkbnr/pppnpppp/3p4/8/6P1/P4N2/1PPPPP1P/RNBQKB1R b KQkq - 0 3,0
rn1qkbnr/ppp1pppp/8/3p4/4P1b1/6PN/PPPP1P1P/RNBQKB1R b KQkq - 0 3,1
r1bq1bnr/p1pkpppp/1pn5/3p4/8/2P2PPP/PP1PP3/RNBQKBNR w KQ - 1 5,0
rnbqk1nr/2p1ppbp/p2p2B1/1p4p1/8/4PP2/PPPPN1PP/R1BQK1NR b KQkq - 1 6,1
rnbqkbnr/1ppppp1p/p5p1/8/2P5/2N1P3/PP1P1PPP/R1BQKBNR b KQkq - 0 3,0
rnbqkbnr/p1pppp2/1p4pp/8/1P6/B5PP/P1PPPP2/RN1QKBNR b KQkq - 1 4,0
rn1qkb1r/pbpppppp/Bp5n/8/4P2P/8/PPPP1PP1/RNBQK1NR w KQkq - 1 4,1
rn1qkbnr/pbpp1ppp/4p3/1P6/8/2N5/1PPPPPPP/R1BQKBNR w KQkq - 1 4,1
r1bqkbnr/p1p1p3/n4ppp/1pPp4/3P1P2/N4N2/PP2P1PP/R1BQKB1R w KQkq d6 0 7,1
rnbqkbnr/ppppp2p/5p2/6p1/2P5/7N/PPQPPPPP/RNB1KB1R b KQkq - 1 3,0
rn1qkb1r/pb1ppp2/1pp4n/6pp/8/P2P1P2/1PP1PKPP/RNBQ1BNR w kq - 2 7,0
rn1qkbnr/pbpppppp/8/1p6/1P4P1/8/P1PPPP1P/RNBQKBNR b KQkq - 0 3,1
rnbqkb1r/2pppppp/pp5n/8/8/P3PQ2/RPPP1PPP/1NB1KBNR b Kkq - 2 4,0
rnb1kbnr/pp1ppppp/8/q1p5/8/4P2N/PPPP1PPP/RNBQKBR1 b Qkq - 3 3,1
r1bqkbnr/ppppppp1/7p/8/1n5P/1P3P2/P1PPP1PR/RNBQKBN1 b Qkq - 2 4,1
1nbqkb1r/r2pp1pp/p6n/1pp2p2/1P1P4/2P4N/P2QPPPP/RNB1KB1R w KQk - 0 7,1
rnb1kbnr/1p2ppp1/3q4/p1pp3p/2PP4/4B1P1/PP2PP1P/RN1QKBNR b KQkq - 0 6,0
r2qkbnr/pppbpppp/n7/3p4/1P4P1/B6B/P1PPPP1P/RN1QK1NR b KQkq - 2 4,1
rnbqkb1r/pp2p1pp/2p2n2/3p1p2/P3P3/2P5/1P1P1PPP/RNBQKBNR b Kkq - 2 6,1
rnbqkbnr/p1p1pppp/1p1p4/8/8/5BP1/PPPPPP1P/RNBQK1NR b KQkq - 1 3,0
rnbqkbnr/pp2ppp1/B7/2pp3p/8/1P2P3/P1PP1PPP/RNBQK1NR w KQkq - 0 4,0
rnbqkbnr/2pppp1p/1p6/p5p1/2P5/1P5N/P2PPPPP/RNBQKB1R w KQkq - 0 4,1
r1bqk2r/ppppnpp1/2n4p/2b1p3/1P1P4/P2Q4/2P1PPPP/RNB1KBNR w KQkq - 3 6,1
1nbqkbnr/rppppppp/8/8/p3P1P1/2P2P2/PP1P3P/RNBQKBNR b KQk - 0 4,0
rnbqkbr1/pppp1p1p/4p1p1/8/N5n1/8/PPPPPPPP/R1BQKBNR b KQq - 1 6,1
r2q1bnr/pp1kpppp/n2p4/2p2P2/3P2bP/1P6/PBP1P1P1/RN1QKBNR b KQ - 0 6,0
r1bqkbnr/pp1p1ppp/n3p3/2p5/5P2/2P4N/PP1PP1PP/RNBQKB1R w KQkq - 1 4,0
rnbqkb1r/1ppp1pp1/4pn2/p2P3p/6P1/2N5/PPP1PP1P/R1BQKBNR w KQkq - 0 5,0
r1bqkb1r/pppppppp/5n2/8/7Q/4P1P1/PPnPKP1P/RNB2BNR b kq - 1 5,1
r1bqkbnr/ppppp1pp/n7/8/P4pP1/8/1PPPPP1P/RNBQKBNR b KQkq - 0 4,0
r1bqkbnr/1ppppp2/2n2N1p/p5p1/PP6/8/2PPPPPP/R1BQKBNR b KQkq - 1 5,1
r1bq1bnr/p1ppk1pp/5p2/1p2pQ2/1nP2P2/6PP/PP1PP3/RNB1KBNR w KQ - 2 7,0
rnbqkbn1/p1ppppp1/1p6/3B3r/6Pp/2P5/PP1PPP1P/RNBQK1NR w KQq - 0 6,1
rnbq1knr/pp3ppp/3b4/1Bppp3/4P3/1PP2P2/P2P2PP/RNBQK1NR w KQ - 3 6,0
rnbq1b1r/pppppk1p/6pn/5p2/3PN3/5N2/PPP1PPPP/1RBQKB1R b K - 3 5,1
r1bqkbnr/pppppp1p/n5p1/8/1P1P4/P7/2P1PPPP/RNBQKBNR b KQkq - 0 3,0
1rbqkb1r/pppp1pp1/B1n2n2/N3p2p/4P3/8/PPPP1PPP/R1BQK1NR w KQk - 2 6,0
r1bqkb1r/1pppp1pp/p1n4n/5p2/3PP3/8/PPP1BPPP/RNBQK1NR w KQkq - 0 5,1
rnbqkb1r/1ppp2pp/p7/4pp2/1P1P1Pn1/2N4N/P1P1P1PP/R1BQKB1R w KQkq - 0 6,0
rnb1kbnr/ppqpp1pp/2p5/1P6/5p2/4P3/P1PPKPPP/RNBQ1BNR w kq - 0 5,0
rnbqkbnr/pp1p2pp/2p5/4ppN1/6P1/8/PPPPPP1P/RNBQKB1R w KQkq - 0 4,1
r2qkbnr/ppp2ppp/4p3/3p4/2Bn1PQ1/P3P1P1/1PPP3P/RNB1K1NR w KQkq - 0 7,1
r1bqkbnr/pppppp1p/2n5/6p1/8/3P2PP/PPP1PP2/RNBQKBNR b KQkq - 0 3,0
rn1qkbnr/p1ppppp1/1p6/3b3p/PP6/2N4N/2PPPPPP/R1BQKB1R w KQkq - 3 5,1
rnbqk1nr/pp3ppp/2pb4/3pp2P/3P4/8/PPPKPPP1/RNBQ1BNR w kq - 0 5,1
r1bqkbnr/2p1pppp/1pnp4/p7/1P5N/7P/P1PPPPP1/RNBQKB1R w KQkq - 0 5,0
rnb1kbnr/1pp1ppp1/3q3p/p2p4/6P1/7P/PPPPPP2/RNBQKBNR w KQkq - 0 5,0
r1bqk1nr/p1pp2pp/n3p3/1p3p2/P2P4/b4P1N/1PP1P1PP/RNBQKBR1 b Qkq - 2 6,1
1nbqkbnr/rppppp1p/6p1/p5N1/8/2N5/PPPPPPPP/R1BQKB1R w KQk - 2 4,1
rnbqk1nr/pppppp1p/6p1/8/7P/3P4/P1PKPPPR/bNB1QBN1 b kq - 1 5,1
rnbqkb1r/pppp1ppp/4p3/P4n2/8/3P4/1PPNPPPP/R1BQKBNR b KQkq - 0 4,0
r1bqk1nr/ppppp2p/n4pp1/6b1/5B2/NP1P2P1/P1P1PP1P/R1Q1KBNR b KQkq - 3 6,0
r1bqkbn1/pppppppr/n6p/2P5/Q7/4P3/PP1P1PPP/RNB1KBNR b KQq - 0 4,1
rnbqkb1r/3p1ppp/1pp1p2n/p7/Q7/P1P5/1P1PPPPP/RNB1KBNR b KQkq - 1 6,0
rnbqk1nr/pp1ppp1p/6p1/2p5/3P1P1b/2N5/PPPBPKPP/R2Q1BNR w kq - 6 6,1
r1bqkb1r/pppp2pp/2n5/4pp2/PPB3nP/4P3/2PP1PP1/RNBQK1NR b KQkq - 0 6,1
rnbqkbnr/pp1pp2p/8/2p2pp1/8/N3PN2/PPPPBPPP/R1BQK2R b KQkq - 1 4,0
rnbqkbnr/2p2p1p/1p1p2p1/p3P3/P5P1/3Q3N/1PP1PP1P/RNB1KB1R b KQkq - 0 6,0
rn2kbnr/pp2pppp/4b3/q1pp2B1/3P4/2N2P2/PPP1P1PP/R2QKBNR w KQkq - 1 5,0
r2qkbnr/ppp1pppp/n7/3p4/2P4P/7b/PP1PPPP1/RNBQKBNR b KQkq - 3 4,0
rnbqkbnr/3p1pp1/p6p/2pQp3/p7/2P5/1P1PPPPP/RNB1KBNR w KQkq - 0 7,1
r1bqkbnr/2p1pppp/1p1p4/p7/1n1P1B2/2P3PN/PP2PP1P/RN1QKB1R w KQkq - 2 6,1
rnbq1bnr/p2pkp2/1p5p/2p1P1p1/1P6/3PP2P/P1P3P1/RNBQKBNR w KQ - 1 7,1
rnb1k1nr/pppp1ppp/8/4p3/1P1q4/6P1/P1PPPN1P/RNBQKBR1 w Qkq - 1 6,1
r1bqkbnr/1ppnppp1/3p3p/p7/7P/NPP4R/P2PPPP1/R1BQKBN1 b Qkq - 0 5,1
r1bqkbnr/p1ppp1pp/2n2p2/1p6/1P6/N3P3/P1PP1PPP/R1BQKBNR w KQkq - 0 4,1
rnbqkbn1/ppppppp1/7r/7p/P1P5/1Q6/1P1PPPPP/RNB1KBNR b KQq - 2 3,0
rnb1kbnr/pp2p1pp/2pp1p2/8/1q2P3/7P/PPPP1PP1/RNBQKBNR w KQkq - 0 6,1
rnbqkb1r/pppppppn/7p/8/5NP1/8/PPPPPP1P/RNBQKB1R w KQkq - 2 4,0
1rbqkbnr/pppn1ppp/4p3/8/2Pp4/P3P2N/1PQP1PPP/RNBK1B1R b k - 0 6,1
rnbqkb2/ppppp1p1/5p1n/8/PP6/2P3pr/1B1PPP1P/RN1QKB1R w KQq - 2 7,0
rn2kb1r/p3pppp/bppq3n/3p4/1P1P4/B1N5/P1P1PPPP/R2QKBNR w KQkq - 3 7,0
r1bqkb1r/pppppppp/n6n/8/5P2/NP6/P1PPP1PP/R1BQKBNR b KQkq - 2 3,0
r1b1kb1r/pp1pqppp/n3pn2/2pN4/P7/8/RPPPPPPP/2BQKBNR w Kkq - 4 6,1
rnbqk1nr/ppp1bpp1/8/P2pp2p/R1P5/8/1P1PPPPP/1NBQKBNR b Kkq - 1 6,1
rn1q1b1r/pppkpppp/5n2/3p4/bP4P1/N1P4N/P2PPP1P/R1BQKB1R w KQ - 1 6,1
1nbqkbnr/1pp1pp1p/3p4/p5p1/1r6/2PP1N2/PP1KPPPP/RNBQ1B1R w k - 2 7,1
1rbq1bnr/pppk1ppp/2n5/3pp3/2P5/2N1P2P/PP1P1PPR/R1BQKBN1 w Q - 2 6,1
r1bqkb1r/ppp1pppp/n6n/3p4/3P4/8/PPPNPPPP/R1BQKBNR w KQkq - 2 4,1
rnbqk1nr/pp1pp1bp/5pp1/2p5/1PB1P3/7P/P1PPNPP1/RNBQK2R b KQkq - 0 5,0
r1bqkb1r/pppppppp/5n2/2P1n3/8/N7/PP1PPPPP/R1BQKBNR w KQkq - 1 4,0
rnbq1bnr/2k1pppp/3p4/ppp5/3P3P/2P4N/PP2PPP1/RNBQKB1R w KQ - 2 7,1
r1bqk1nr/pppp1p1p/2n1p1p1/2b5/3P2P1/2P1B3/PP1NPP1P/R2QKBNR b KQkq - 4 5,0
r1b1kbnr/p1qppppp/2n5/8/8/8/PPPPPPPP/R1BQKBNR w KQkq - 0 4,1
rnbqk1nr/pp1p2p1/2p1pp2/7p/1b1N4/N4PPP/PPPPP3/R1BQKB1R b KQkq - 2 6,1
r1bqkb1r/pppppppp/n6n/8/6PP/2P5/PP1PPP2/RNBQKBNR b KQkq - 0 3,1
rnbqkbnr/pp1pp2p/B7/2p2pp1/8/1P2P3/P1PP1PPP/RNBQK1NR w KQkq - 0 4,0
r1bqkbnr/2pppppp/n7/8/ppPP4/N3PP2/PP1B2PP/R2QKBNR w KQkq - 0 7,0
rnbqkbnr/1pp1pppp/3p4/p7/3P1B2/1P6/P1P1PPPP/RN1QKBNR b KQkq - 1 3,0
r1bqkb1r/p1ppp2p/np3p1n/6p1/8/P1PP1N1P/RP2PPP1/1NBQKB1R b Kkq - 0 6,0
r1bqkbnr/ppppppp1/8/n6p/N2P4/3Q4/PPP1PPPP/R1B1KBNR b KQkq - 1 4,0
rnb1kb2/pp1ppppr/1qp2n1p/8/P1PP4/2N2N2/1P2PPPP/R1BQKB1R w KQq - 1 6,1
rnbqkb1r/p1ppp1np/5pp1/1p6/P7/2P2P1N/1P1PP1PP/RNBQKB1R w KQkq - 0 7,1
1rbqkb1r/p1pppppp/1pn2Q2/1B6/6n1/4P3/PPPP1PPP/RNB1K1NR w KQk - 8 6,0
rnbqkbnr/ppppp2p/5p2/8/1P1P2p1/N7/P1PQPPPP/R1B1KBNR b KQkq - 1 4,0
rnbqkb1r/1pppppp1/p1N2n1p/8/8/8/PPPPPPPP/R1BQKBNR b KQkq - 1 4,1
rn1qkbnr/pp2pppp/2ppb3/8/P5PP/4P3/1PPP1P2/RNBQKBNR b KQkq - 0 4,0
rn2kbnr/ppp1ppB1/3qb2p/3P2p1/1P6/8/P2PPPPP/RN1QKBNR w KQkq - 4 6,1
r1bqkbn1/p1pppppr/2n5/1p5p/7P/2PPP3/PP3PPR/RNBQKBN1 b Qq - 0 5,0
rn1qkbnr/p1ppp1p1/b7/1p3p1p/6P1/3P4/PPPNPPBP/R1BQK1NR b kq - 1 6,1
rnbqkbnr/ppppp2p/8/5pp1/P2P4/N7/1PP1PPPP/R1BQKBNR b KQkq - 0 3,1
rnbqkbnr/pp1p1pp1/2p1p2p/8/4P3/5P2/PPPP1KPP/RNBQ1BNR w kq - 0 4,0
r1b1kbnr/pp1qpp1p/n2p4/2p3p1/1P5P/Q1PP4/P3PPP1/RNB1KBNR b KQkq - 3 6,0
r1bqkbnr/ppp1pp2/2n5/3p1Npp/6P1/7P/PPPPPP2/RNBQKB1R w KQkq - 0 6,1
rnbqk2r/pppp1ppp/5n2/4p1B1/3P4/5N2/PPPbPPPP/R2QKB1R w KQkq - 0 5,1
r1bqkbnr/ppppppp1/2n4p/8/1PP5/8/PB1PPPPP/RN1QKBNR b KQkq - 1 3,0
r1bqkbnr/ppppppp1/2n4p/8/2B3P1/4P3/PPPP1P1P/RNBQK1NR b KQkq - 1 3,1
r1bqkbnr/p1p1ppp1/1p1p4/B1n4p/3P1P2/1P5P/P1P1P1P1/RN1QKBNR b KQkq - 0 6,1
rnbqkb1r/1ppppppp/7n/p7/5P2/2N1P3/PPPP2PP/R1BQKBNR b KQkq - 0 3,0
rnbk1bnr/1pNpqppp/4p3/8/1P4P1/p4N2/P1PPPP1P/R1BQKB1R w KQ - 0 7,1
rnbqkb1r/1ppp1ppp/p6n/4p3/1P6/6PN/P1PPPP1P/RNBQKB1R w KQkq - 2 4,0
rnb1kbnr/ppqppppp/8/2p5/5P2/NP1P4/P1P1P1PP/R1BQKBNR b KQkq - 0 4,0
rnbqkbnr/pppp1p2/4p3/6pQ/2B1P3/8/PPPP1PPP/RNB1K1NR w KQkq - 0 4,1
r1bq2nr/ppppkppp/n3p3/8/3P4/b2Q3P/PPP1PPP1/RN2KBNR b KQ - 1 5,1
rn1qkbnr/1pp1ppp1/3p3p/p7/2PP1P2/6Pb/PP1QP2P/RNB1KBNR b KQkq - 0 5,0
r1bqkbnr/ppp1p1pp/3p1p2/4n3/7P/2P3P1/PP1PPP1R/RNBQKBN1 w Qkq - 0 5,0
rnbqkbnr/2ppp1pp/1p6/p4p2/P7/4P2P/1PPP1PP1/RNBQKBNR w KQkq - 0 4,0
rnbqkbnr/p1pp1p2/7p/1p4p1/3PpP2/NP2B1P1/P1P1P2P/R2QKBNR b KQkq - 1 6,1
rnbqkb1r/ppppppp1/5n2/7p/4P3/PP6/2PP1PPP/RNBQKBNR b KQkq - 0 3,1
1r1qkb1r/pppbpppp/2np3n/8/4P1QP/P7/1PPP1PP1/RNB1KBNR w KQk - 2 6,0
rnbB1knr/2pp1p1p/1p1b4/p3p3/3P4/7P/PPPNPPP1/R1Q1KBNR w KQ - 1 7,1
rnb1kbnr/p2ppppp/8/1pp5/5q2/1QP2P1N/PP1PP1PP/RNB1KB1R w KQkq - 2 5,1
rnb1kbnr/1pq1pppp/p1p5/3p4/6PP/P2P4/1PP1PP2/RNBQKBNR w KQkq - 0 5,0
r1bqkbnr/ppnpp1pp/5p2/2p5/P3PP2/2N5/1PPP2PP/R1BQKBNR w KQkq - 1 5,1
r1bqkbnr/ppp1pppp/2n5/3p4/4P3/3B3N/PPPP1PPP/RNBQK2R b KQkq - 3 3,1
rnbqkbnr/p3pppp/3p4/1p6/1Pp5/7P/P1PPPPPR/RNBQKBN1 b Qkq - 1 5,1
rnbqkb1r/1ppppppp/p6B/3P4/PP6/8/2P1PnPP/RN1QKBNR b KQkq - 0 5,1
rnb1kbnr/pp1ppppp/2p5/8/1q1P2P1/P7/1PP1PP1P/RNBQKBNR w KQkq - 1 4,1
rnb1k1nr/p2p1ppp/2p5/1p2p1q1/1b2P3/2PQ3P/PP1P1PP1/RNBK1BNR w kq - 4 7,1
r1bqkbnr/ppp1pp2/n2p3p/6p1/1P6/2N2P2/P1PPP1PP/R1BQKBNR w KQkq - 0 5,0
rnbqkbnr/p2p2p1/1p2pp2/2p4p/2B1P3/1P3N2/PBPP1PPP/RN1QK2R w KQkq - 0 6,1
r1b1kb1r/pp1ppppp/n1p4n/4q3/2P2P2/1P6/P2PPKPP/RNBQ1B1R b kq - 0 6,1
1nbqkbnr/rppppppp/p7/8/2P2P2/3P4/PP2P1PP/RNBQKBNR b KQk - 0 3,0
2bqkbnr/rppp1ppp/2n1p3/p2N4/3P4/4B3/PPP1PPPP/R2QKBNR w KQk - 4 5,0
rnbqk1nr/ppp1b1pp/5p2/3pp3/8/BP5P/P1PPPPP1/RN1QKBNR b KQkq - 3 5,1
rnbqk2r/pppp1p1p/3bp3/5npQ/1P6/2P1P1PP/P2P1P2/RNB1KBNR b KQkq - 2 6,0
rnbqk1nr/pppp1pp1/3bp3/7p/1P1Q4/4PP2/P1PP2PP/RNB1KBNR b KQkq - 2 6,1
r1bqkbnr/ppppp2p/5p2/n5p1/1P6/P2BPN2/2PP1PPP/RNBQK2R b KQkq - 1 5,1
1nbqkbnr/3ppppp/rp6/p1p5/1P4P1/N4P2/P1PPP2P/R1BQKBNR w KQk - 0 5,0
r1bqkb1r/1pp1pp1p/2n4n/pN1p2p1/PP6/3P3N/2P1PPPP/R1BQKB1R b KQkq - 0 6,1
rnbqkbnr/ppp1p1pp/B7/3p1p2/4P3/P4P2/1PPPQ1PP/RNB1K1NR b KQkq - 4 5,1
rnbqkbnr/ppp1p1p1/7p/3p1p2/Q1P1P3/7N/PP1P1PPP/RNB1KB1R b KQkq - 1 4,1
rnbqkb1r/pp1p1ppp/2p1p3/3n4/2P1P3/5P2/PP1PB1PP/RNBQK1NR b KQkq - 2 5,0
rnb1kbnr/ppppqpp1/4p3/7p/8/2P5/PP1PPPPP/RNBQKBNR w KQkq - 1 4,0
rnbqk1nr/pppp1pbp/4p3/5P2/4P1p1/P7/1PPP2PP/RNBQKBNR w KQkq - 0 5,1
rnbqkbnr/ppp1p1pp/3p1p2/8/7N/2N5/PPPPPPPP/R1BQKB1R b KQkq - 1 3,0
rnbqkb1r/p1p1ppp1/3p1n2/1p5p/8/PP1P1N1P/2P1PPP1/RNBQKB1R b KQkq - 0 5,0
rnbqkbnr/p2pp2p/6p1/1pp2p2/2P5/Q2PP3/PP1N1PPP/R1B1KBNR w KQkq - 0 7,1
rnbqkb1r/p2ppppp/2p2n2/1p6/N7/2P2N2/PP1PPPPP/R1BQKB1R b KQkq - 0 4,1
r1bqkbnr/p1p2pp1/2n5/1p1pp2p/6P1/2P2N1B/PPQPPP1P/RNB2RK1 b kq - 1 6,1
rnbqkbnr/p2p1p1p/1p2p1p1/8/1PpP4/B1P4N/P3PPPP/RN1QKB1R w KQkq - 0 6,0
rnbqkbnr/ppppp2p/6p1/4N3/5p2/P7/1PPPPPPP/RNBQKB1R w KQkq - 0 4,1
rnb1kbnr/pp1ppp1p/4q3/2p3p1/2P4P/3PP3/PP1N1PP1/R1BQKBNR b KQkq - 0 5,1
1rbqkbnr/ppp1p1pp/n2p4/5p2/1P2P3/5P1N/P1PP2PP/RNBQKB1R w KQk - 0 5,1
rn1qkbnr/p1p1pppp/3p4/1p6/2b4P/PP5N/2PPPPP1/RNBQKB1R w KQkq - 1 5,1
rnbqkb1r/pp1p1ppp/5n2/2p1p3/5PPP/8/PPPPP3/RNBQKBNR w KQkq - 0 5,1
rn1qkbnr/pp2p1pp/3p4/5P2/1Pp5/B1P4b/P2P1PPP/RN1QKBNR b KQkq - 0 6,1
rn1qkbnr/ppp1pppp/1N1p4/1b6/3P1B2/8/PPP1PPPP/R2QKBNR b KQkq - 4 5,1
rnb1kbnr/ppqppppp/8/2p5/3N4/P7/1PPPPPPP/RNBQKB1R b KQkq - 3 3,1
r1bqkbnr/ppppp3/2n5/5ppp/7P/2PPPN2/PP3PP1/RNBQKB1R b KQkq - 1 5,0
rnbqkbnr/2ppppp1/1p6/p6p/7P/2PP4/PP2PPP1/RNBQKBNR b KQkq - 0 4,0
rnbqkbnr/1p2pppp/p7/2pp4/6P1/1P5P/PBPPPP2/RNQ1KBNR b KQkq - 1 6,1
rn1qk2r/pb1pppbp/1p3n2/1Bp3p1/4P3/N1P2N2/PPQP1PPP/R1B1K2R w KQkq - 6 7,0
1nbqkbnr/r1p1pppp/pp6/2Pp1P2/8/8/PP1PP1PP/RNBQKBNR w KQk d6 0 5,1
r1bqkbnr/ppp1pppp/n7/8/4p3/6PQ/PPPP1P1P/RNB1KBNR b KQkq - 0 5,1
rnbqkb1r/pppp1ppp/4p3/8/4n1P1/2N4P/PPPPPP2/R1BQKBNR w KQkq - 0 4,1
1nbqkbnr/rppppppp/8/p7/3PP3/1P6/P1P2PPP/RNBQKBNR b KQk - 0 3,1
r1bqkbnr/ppppp1pp/n7/5p2/6P1/1P5P/P1PPPP2/RNBQKBNR b KQkq - 0 3,0
rnbqkb1r/pp1ppppp/2p2n2/8/4PP2/P7/1PPP2PP/RNBQKBNR b KQkq - 0 3,1
rnbqkb1r/ppp1pppp/3p1n2/8/8/2N4P/PPPPPPP1/1RBQKBNR b Kkq - 3 3,0
rnbqkbnr/p2p1ppp/1p6/2p5/3Pp2P/8/PPPNPPP1/R1BQKBNR b KQkq - 0 5,1
r1bqkbnr/pp1ppp1p/8/6p1/Pnp2P2/4P3/1PPPN1PP/RNBQKB1R w KQkq - 0 6,0
rnbqkbnr/2pppppp/pp6/8/2P5/3P4/PP1QPPPP/RNB1KBNR b KQkq - 1 3,0
rnbqkbnr/1pppp3/6pp/5p2/p3P2P/2P2P2/PP1P2P1/RNBQKBNR b kq - 1 6,0
rnbqkb1r/p1ppnppp/1p6/1N2p3/3P4/6P1/PPP1PP1P/R1BQKBNR b KQkq - 0 4,0
rnbqkbnr/1p1ppp1p/6p1/p1p2P2/2P5/1Q6/PP1PP1PP/RNB1KBNR b KQkq - 1 4,1
rnb1k1nr/pppp1pp1/5q1p/4p3/4P3/b4P1N/PPPP2PP/RNBQKB1R w KQkq - 1 5,1
rnbqkbnr/ppppp2p/6p1/5p2/P1P5/3P4/1P2PPPP/RNBQKBNR b KQkq - 0 3,0
r1bqkbnr/ppppp2p/5p2/2n5/3PP1p1/P4P2/1PP2NPP/RNBQKB1R b KQkq - 1 6,1
r1bqkbnr/pp1pppp1/2p5/7p/1nP5/2N2N2/PP1PPPPP/R1BQKBR1 w Qkq - 0 5,1
1rbqkbnr/pppppppp/8/8/Pn6/2NP3P/1PP1PPP1/R1BQKBNR b KQk - 0 4,0
1rbqkbnr/pp1p2pp/5p2/n1p1p3/2P3Q1/4P2N/PP1P1PPP/RNB1KB1R w KQk - 0 7,0
rnbqkbnr/pppppppp/8/8/2P5/P7/1P1PPPPP/RNBQKBNR b KQkq - 0 3,0
1rbqkbnr/pp1ppppp/n6B/2p5/1P1P4/5N2/P1P1PPPP/RN1QKB1R b KQk - 3 4,1
rnbqkbnr/ppppp2p/5pp1/P7/7P/5N2/1PPPPPPR/RNBQKB2 b Qkq - 1 5,0
rnbqk1nr/ppp2ppp/4p3/2bp4/6P1/2N5/PPPPPP1P/1RBQKBNR b Kkq - 2 5,1
rnbqkbnr/pp2ppp1/8/2pp3p/P7/1PP2P2/3PP1PP/RNBQKBNR b KQkq - 0 4,1
rnb1k1nr/1pqpppbp/p1p5/8/8/2P2P1N/PP1PP1PP/RNBQKB1R w KQkq - 3 6,1
r1bqkbnr/1ppp1p2/p1n5/4p1pp/P7/N4PK1/RPPPP1PP/2BQ1BNR b kq - 3 6,1
r1bqkb1r/pppnpp1p/3p3n/6p1/6P1/NP5N/P1PPPP1P/R1BQKB1R w KQkq - 2 7,0
rnbqkbnr/ppp2ppp/3p4/4p3/P7/3P4/1PPBPPPP/RN1QKBNR b KQkq - 1 3,0
rnbqkbnr/pp1ppppp/8/8/P1p5/5N1P/1PPPPPP1/RNBQKB1R b KQkq - 0 3,0
r2qkbnr/pppnp1pp/8/3p1p2/N5P1/8/PPPPP1PP/1RBQKBNR b Kkq - 1 5,1
rnbqkbnr/ppppp2p/5pp1/8/P6P/5P2/1PPPP1P1/RNBQKBNR b KQkq - 0 3,0
rnbqk2r/ppppb2p/4p1pn/4Pp1Q/8/N7/PPPP1PPP/R1BK1BNR w kq - 2 6,1
r1bqkbnr/p2ppppp/n7/1pp5/1P5P/5P2/P1PPP1P1/RNBQKBNR w KQkq - 1 4,0
rn1qkbnr/pppbp1pp/8/3p1p2/3P1PP1/4P3/PPP1B2P/RNBQK1NR b KQkq - 2 5,0
rnbqkb1r/pp1ppppp/7n/2p5/8/N3P3/PPPP1PPP/1RBQKBNR b Kkq - 0 3,0
r1bqkb1r/1pppp2p/p1n3pn/5p2/1P6/1QP5/P2PPPPP/RNB1KBNR w KQkq - 0 6,0
rnbqkb1r/ppppn1p1/5p2/7p/P3p3/R4N2/1PPPPPPP/1NBQKB1R w Kkq - 0 6,1
rnbqkbnr/ppp1ppp1/7p/3p4/4PP2/1PP5/P2P2PP/RNBQKBNR b KQkq - 0 4,1
r1bq1b1r/pppkp1pp/2np1p1n/8/P2PP3/8/1PPK1PPP/RNBQ1BNR w - - 1 6,1
rnbqk2r/ppppnppp/8/2P5/3p4/8/P1PNPPPP/RNBQKB1R b KQkq - 0 5,1
rnbqkbnr/p1pp1ppp/1p6/B7/4p3/3P4/PPP1PPPP/RN1QKBNR w KQkq - 0 4,0
r1bqkbnr/ppp1pp1p/2n5/3p2p1/8/2P4P/PPQPPPP1/RNB1KBNR w KQkq - 0 4,0
rnbqkbnr/p2p1pp1/2p1p3/7p/Pp1PP3/7N/RPP2PPP/1NBQKB1R b Kkq - 0 6,0
r1bqkbnr/pppnpppp/8/3p4/P4P2/2P5/1P1PP1PP/RNBQKBNR b KQkq - 0 3,1
r1bqkbnr/ppppppp1/n6p/2Q5/8/2P5/PP1PPPPP/RNB1KBNR w KQq - 6 5,0
1rbqkbn1/ppp1pppr/n7/3p3p/1PN5/2P1P3/P2PNPPP/R1BQKB1R w KQ - 1 7,1
r1bqkb1r/pppppp1p/2n2np1/8/8/2PP1N2/PP2PPPP/RNBQKB1R w KQkq - 1 4,0
r1bqk1nr/pppppp1p/2n3pb/8/7P/5P2/PPPPPKP1/RNBQ1BNR w kq - 3 4,0
r2qkbnr/pp1npppp/3pb3/2p5/2P1QP2/1P6/P2PP1PP/RNB1KBNR b KQkq - 2 6,0
r1q1kbnr/p1ppppp1/np6/7p/3N2P1/1P3b2/P1PPPP1P/RNBQKB1R w KQkq - 1 7,1
r1bqkbnr/p1pp1p1p/2n3p1/1p2p3/8/1P1PP2P/P1PN1PP1/R1BQKBNR b KQkq - 0 5,0
rnbqk1nr/pppp1p1p/8/4p1p1/3P4/b1N4N/1PP1PPPP/R1BQKB1R b KQkq - 1 4,1
rnbqkbnr/p3ppp1/1p5p/2pp4/6P1/2N2N2/PPPPPPBP/R1BQK2R w KQkq - 0 5,1
rnbqkb1r/2ppppp1/pp5n/7p/6QP/3PP3/PPP2PP1/RNB1KBNR b Qkq - 1 6,1
rn1qkbnr/2p1ppp1/1p1p4/p5Bp/3P2b1/N5PB/PPP1PP1P/R2QK1NR b KQkq - 3 6,0
r1bqkbnr/p1pppppp/8/2n5/1p1P2P1/2N4P/PPPQPP2/R1B1KBNR b KQkq - 1 6,1
r1bqkbnr/ppp1pppp/n7/3p4/4P1Q1/6P1/PPPP1P1P/RNB1KBNR b KQkq - 0 3,1
rnb1kb1r/p1pp1ppp/1p2pq1n/8/8/2NP3N/PPPKPPPP/R1BQ1B1R w kq - 2 5,0
rnbqkbn1/ppp1pppr/3p3p/6N1/8/N7/PPPPPPPP/R1BQKB1R w KQq - 2 4,1
rnbqkbnr/pppp1ppp/4p3/8/P3PP2/7N/1PPP2PP/RNBQKB1R b KQkq - 2 4,0
rn1qkbnr/pbpppp1p/8/1p4p1/2P5/NP3P2/P2PP1PP/R1BQKBNR w KQkq - 1 5,1
r1bqkbn1/p1ppp1pr/2n5/5QBp/2P5/3P4/PP2PPPP/RN2KBNR b KQq - 0 6,1
rn1qkbnr/pppbppp1/3p3p/8/4P3/P4Q1N/1PPP1PPP/RNB1KB1R w KQkq - 2 5,0
rnbqkbr1/ppp1np2/8/3pp1pp/P4P2/2N3PB/1PPPP2P/R1BQK1NR w KQq - 0 7,0
rnbqkb1r/p2ppp2/1pp2n1p/6p1/N6P/6P1/PPPPPP2/1RBQKBNR b Kkq - 0 6,0
r1bqkbnr/p1p1pppp/np1p4/8/8/PP5P/2PPPPP1/RNBQKBNR w KQkq - 0 4,0
r1bqkbnr/ppppp1p1/2n5/5p1p/5P2/PPN5/2PPP1PP/R1BQKBNR b KQkq - 0 4,0
r1bqkbnr/ppp1pppp/n7/3p4/8/2N2NP1/PPPPPP1P/R1BQKB1R b KQkq - 0 3,0
rnbqkb1r/1pp1pp1p/3p4/p5pn/N7/1P3PP1/PBPPP2P/R2QKBNR b KQkq - 0 6,0
rnbqkb1r/1p1pp1pp/p1p2p2/8/1P4P1/6PP/P1PPP2R/RNBQKBN1 b Qkq - 0 6,1
rnbqkbnr/1pp1p1pp/p7/3p1p2/P1P5/6P1/1P1PPPBP/RNBQK1NR w KQkq - 0 6,1
rnbqkb1r/ppppp1pp/7n/5p2/5P2/N4N2/PPPPP1PP/R1BQKB1R b KQkq - 1 3,0
rnbqkbnr/p1ppppp1/1p6/7p/5B2/3P1N1P/PPP1PPP1/RN1QKB1R w KQkq - 0 5,1
rnbqkbnr/1ppppp1p/6p1/p7/8/4PN2/PPPPQPPP/RNB1KB1R b KQkq - 1 3,0
rnbqkb1r/p1pppp1p/1p4p1/8/3Pn3/2P5/PP1BPPPP/RN1QKBNR w KQkq - 4 5,0
r2qkbnr/pp1bppp1/n2p4/2p4p/2P5/BP6/P2PPPPP/RN1QKBNR w KQkq - 2 6,0
rnbq1bnr/ppppkp1p/8/4p3/2P2Pp1/1P6/PB1PP1PP/RN1QKBNR w KQ - 0 5,1
rnbqkbnr/1pppp1pp/5p1B/8/pP6/2NP4/P1P1PPPP/R2QKBNR b KQkq - 1 4,1
r1bqkbnr/1pppp1pp/p1n5/5p2/P7/2P2P1N/1P1PPKPP/RNBQ1B1R b kq - 1 5,1
rnbqk1nr/pppp1p1p/B2bp3/6p1/4PPP1/8/PPPP3P/RNBQK1NR b KQkq - 2 4,1
r1bqk1nr/pppp1ppp/2n1p3/2bN4/8/5PP1/PPPPP2P/RNBQKB1R w KQkq - 3 6,1
rnb1kbnr/pp2p1pp/2pp1p2/q7/2N1P3/8/PPPPKPPP/R1BQ1BNR w kq - 2 5,1
r1bqkbnr/pppp1ppp/2n5/1N2p3/8/7P/PPPPPPP1/R1BQKBNR b KQkq - 1 3,1
1rbqk2r/p1pp1ppp/n6n/1N2P3/1b6/2P1P3/PP3PPP/R1BQKBNR w KQk - 1 7,1
rnbqk1nr/ppp1pp1p/B2p3b/6p1/4P3/7N/PPPP1PPP/RNBQK2R w KQkq - 0 4,0
r1bq1bnr/pppppkpp/n7/2P2p2/7P/5P2/PP1PP1P1/RNBQKBNR b KQ - 0 4,0
rnbqkbnr/pp1p1pp1/2p5/4p1Bp/3P4/7P/PPP1PPP1/RN1QKBNR w KQkq - 0 4,1
rnbqkbnr/1pppp3/5p2/p5pp/4P2P/3Q4/PPPP1PP1/RNB1KBNR b KQkq - 0 5,0
r2qkbnr/pbppp1pp/n4p2/1p6/5P2/P1N4N/1PPPPKPP/R1BQ1B1R b kq - 0 6,0
1rbqkbnr/ppp1pppp/2n5/3p4/8/2N2N2/PPPPPPPP/1RBQKB1R w Kk - 0 4,0
1nbqk1nr/rp1ppp1p/2p5/6p1/1PPb4/7N/P2PPPPP/2BQKB1R w Kk - 2 7,1
rnbqkb1r/ppppp3/5np1/2P2p1p/8/P2P4/1P2PPPP/RNBQKBNR w KQkq - 1 5,0
rnbq1bnr/ppp1k1pp/3p1p2/4N3/P1P5/R7/1P1PPPPP/1NBQKB1R w K - 1 6,1
rnb1kb1r/1p1qpppp/p1p4n/3P4/Q2P4/P7/RP2PPPP/1NB1KBNR b Kkq - 0 6,0
rnbqkb1r/pp2pp1p/Q1p2np1/3p4/2P5/8/PP1PPPPP/RNBK1BNR b kq - 1 5,1
rnbqkbnr/p3pppp/2pp4/1p6/P2P2PP/8/1PP1PP2/RNBQKBNR b KQkq - 0 5,0
rnbqkb1r/pp1pp1pp/2p2p2/8/P4Pn1/1P5P/2PPP1P1/RNBQKBNR w KQkq - 0 5,1
rnbqkbnr/ppp1pp1p/8/3p2p1/P2P4/7N/1PP1PPPP/RNBQKB1R b KQkq - 1 3,0
r1bqkb1r/1pppppp1/2n2n1p/p7/8/N2P1P1P/PPP1P1P1/R1BQKBNR w q - 3 7,1
rnbqkbnr/pp2p1pp/3p1p2/2pN4/8/PP6/2PPPPPP/R1BQKBNR b KQkq - 0 4,0
r1b1kbnr/ppp2ppp/2n5/4p1q1/QP2p3/2PP1P2/P5PP/RNB1KBNR b KQkq - 0 6,1
rnbqkb1r/1pp1pppp/3p3n/p7/8/3PBP2/PPP1P1PP/RN1QKBNR w KQkq - 0 4,0
rnbqkb1r/pp1ppp1p/2p4n/6p1/2N5/4P3/PPPP1PPP/R1BQKBNR w KQkq - 2 4,0
1rbqkbnr/pppppppp/8/8/P7/Nn4PN/1PPPPP1P/R1BQKB1R w KQk - 5 5,1
r1bqkbnr/p1pp1ppp/8/1p2p1P1/2N5/2PP4/nP2PP1P/R1BQKBNR b KQkq - 0 6,1
rnb1kbnr/1pq1ppp1/p1p4p/3p1P2/7P/3P3N/PPPNP1P1/R1BQKB1R b KQkq - 1 6,1
rnb1kbnr/p2p1pp1/1p3q2/2p1p2p/6P1/P6N/1PPPPPBP/RNBQK2R w KQkq - 0 6,1
r1bqkb1r/p1p1pppp/np1p3n/8/4P3/N4N1P/PPPP1PP1/R1BQKB1R w KQkq - 2 5,1
r1bqkbnr/p1pppppp/n7/1p6/1P4P1/P6N/2PPPPBP/RNBQK2R b KQkq - 2 5,0
rnbqkb1r/pp1pp1pp/7n/2p2p2/1PP5/1Q6/P2PPPPP/RNB1KBNR w KQkq - 0 4,1
rnbqkbnr/ppp1p1pp/8/1B1p1p2/5P2/4P3/PPPP2PP/RNBQK1NR b KQkq - 1 3,1
rnbqkbnr/1ppppp2/7p/p5p1/P3P3/8/1PPP1PPP/RNBQKBNR b KQkq - 0 4,0
rnbqkbnr/ppp1p1pp/5p2/3p2N1/P7/8/1PPPPPPP/RNBQKB1R b KQkq - 0 3,1
rn1qkbnr/pp2pppp/3p4/2p5/5Bb1/2NP2P1/PPP1PP1P/R2QKBNR b KQkq - 2 4,0
rnbqkbnr/2p1p1pp/5p2/pp1p4/4N3/3P2P1/PPP1PP1P/R1BQKBNR w KQkq - 0 5,0
rn1qkbnr/pbp1pp1p/1p1p2p1/8/P7/4PN2/1PPPKPPP/RNBQ1B1R w kq - 1 5,0
r1bqkbnr/p2pp1pp/npp5/5p2/P7/N4P2/1PPPPKPP/R1BQ1BNR w kq - 0 5,0
r1bqkbnr/pppppp2/2n3p1/7p/8/2P1PP2/PP1P2PP/RNBQKBNR w KQkq - 1 4,0
rnbqkb1r/p1ppp2p/1p3p1n/6p1/3P1P2/6PP/PPP1P1B1/RNBQK1NR b KQkq - 0 5,1
rnbqkb1r/pppppppp/8/7n/5P2/N6N/PPPPP1PP/R1BQKB1R b KQkq - 0 3,0
r1bqkbnr/1pp2ppp/p1np4/4p3/8/3PB3/PPPNPPPP/RNQ1KB1R b KQkq - 3 5,1
r1bqkbnr/p1ppp2p/1p3pp1/2n5/2P3P1/2N5/PP1PPP1P/R1BQKBNR w KQkq - 0 6,1
rnbqk1nr/p2pbppp/2p5/1p2p3/6P1/P1P4N/1P1PPP1P/RNBQKB1R w KQkq - 0 5,0
r1bqkbr1/1pp1pp1p/p1np2pn/8/2Q1PP2/2P4N/PP1P2PP/RNB1KB1R w KQq - 0 7,0
rnbqkbnr/ppppp2p/5p2/6p1/2P1PP2/8/PP1P2PP/RNBQKBNR b KQkq - 0 3,1
rnb1kbnr/pp1ppppp/8/2p5/qP6/N3P3/P1PP1PPP/R1BQKBNR w KQkq - 1 4,1
rn1qk1nr/pppb1pb1/6p1/4p2p/8/2N1P2N/PPPP1PPP/R1BQK2R w KQkq - 0 6,1
rnbqkb1r/1ppp1ppp/4p2n/p7/P7/4P2N/1PPPQPPP/RNB1KB1R w KQkq - 0 5,0
r1bqk2r/ppp2ppp/n4n2/1Pbpp2P/7R/2P5/P2PPPP1/RNBQKBN1 w Qkq - 1 7,1
r1bqkb1r/p2ppp1p/1pn3pn/2p3P1/4P3/N2P1P2/PPP4P/R1BQKBNR b KQkq - 2 6,0
rnbqkbnr/p2pBp1p/1pp5/8/5Pp1/1P6/P1PPP1PP/RN1QKBNR w KQkq - 0 5,1
rnbq1b1r/p1pkpppp/7B/1p1p4/3P4/1P3P2/P1P1P1PP/RN1QKBNR w KQ - 0 5,1
rnbqkb1r/3ppppp/p1p5/1p1n4/5P2/2PP2P1/PP2P2P/RNBQKBNR b KQkq - 0 6,0
r1b1kbnr/1pqp1ppp/p7/n1p1p3/2P3PP/P7/1P1PPP1R/RNBQKBN1 w Qkq - 1 7,0
rnbqkbnr/pppp1pp1/8/1B2p2p/8/2N1P3/PPPP1PPP/R1BQK1NR b KQkq - 1 3,0
rn1qkb1r/pppb1ppp/3pp3/2Pn4/P3P3/8/1P1P1PPP/RNBQKBNR w KQkq - 1 6,1
rnbqkbnr/p1pp1p1p/6p1/1p2p3/2PP2P1/7N/PP2PP1P/RNBQKB1R b KQkq - 0 4,0
rnbqk1nr/pp1p1ppp/2p1p3/8/P3P3/3R4/1PPP1bPP/1NBQKBNR w Kkq - 0 5,1
rnbqkb1r/ppp1p1pp/3p1n2/5p2/Q7/P1P3P1/1P1PPP1P/RNB1KBNR b KQkq - 1 4,1
rn1qkbnr/1bpppppp/pp6/4P3/2NP4/5Q2/PPP2PPP/R1B1KBNR b KQkq - 3 6,1
rnbqkb1r/ppp1n1p1/3ppp1p/1P6/5B2/P2PP3/2P2PPP/RN1QKBNR b KQkq - 0 6,0
rnbk2nr/ppppbpp1/7p/4p1qN/4P3/5N2/PPPP1PPP/R1BQKB1R b KQ - 6 6,1
r1b1kbnr/1pqppppp/8/p7/1np5/2PPPP1P/P5P1/RNBQKBNR w KQkq - 0 7,0
rnbqkbnr/1pp1pppp/3p4/p7/8/P2P3P/1PP1PPP1/RNBQKBNR b KQkq - 0 3,0
rnb1k1nr/pp1pb1pp/4p3/q1p2p2/3P2Q1/4P1PP/PPP2P2/RNB1KBNR w KQkq - 3 6,1
rn1qkbnr/p1pppppp/b7/P7/1p6/7P/1PPPPPP1/RNBQKBNR w KQkq - 0 4,0
rnbqkbnr/pppp3p/5pp1/4p3/P4P2/6P1/1PPPP2P/RNBQKBNR w KQkq - 0 4,0
rnbqkbnr/pp1ppp2/2B3p1/2p4p/3P4/N3P3/PPP2PPP/R1BQK1NR b KQkq - 1 5,1
rnb1kb1r/1ppp1ppp/pn6/4p1q1/2N5/7P/PPPPPP2/R1BQKBNR w KQkq - 0 7,0
rnbqkb1r/2pp1ppp/p7/1p2p1Pn/5P2/8/PPPPP2P/RNBQKBNR b KQkq - 0 6,1
rnbqkbnr/pppp2pp/4pp2/8/P2P4/4B3/1PP1PPPP/RN1QKBNR b KQkq - 1 3,0
rnb1kb1r/ppqp1ppp/2p5/4pn2/3P2P1/5N2/PPP1PPBP/RNBQK2R w KQkq - 0 6,1
r1bqkbnr/p2pp1pp/np6/2p5/2P3p1/NP6/P2PPP1P/R1BQKBNR w KQkq - 0 6,0
rnbqkb1r/2ppp1pp/5p2/pp3n2/3P1P2/1P6/P1P1PKPP/RNB1QBNR w kq - 1 6,0
rnbqkb1r/1ppppppp/pN6/7n/8/4P3/PPPP1PPP/R1BQKBNR b KQkq - 0 4,0
rnbqkb1r/ppp1pppp/5n2/4p3/7P/8/PPPP1PP1/RNBQKBNR w KQkq - 0 4,1
rnbqk2r/pp1pn1pp/2pbpp2/8/P1P3P1/7P/1P1PPPB1/RNBQK1NR w KQkq - 1 6,0
rnb1kbnr/p1p1pp1p/1p3qp1/3p4/5P1P/6PN/PPPPP3/RNBQKB1R w KQkq - 0 7,0
rnb1kbnr/ppp2ppp/7q/3pp3/P3P1P1/5P2/1PPP3P/RNBQKBNR b KQkq - 0 5,1
rnbqkbnr/ppp1pp1p/6p1/3p4/8/P3P2P/1PPP1PPN/RNBQKB1R b KQkq - 3 5,0
rnbqk1nr/pppppp1p/6pb/8/P4P2/2N5/RPPPP1PP/2BQKBNR w Kkq - 1 5,0
rnbqkbnr/pp3ppp/2p5/3pp3/3P4/5P2/PPP1P1PP/RNBQKBNR w KQkq - 0 4,0
rnbqkbnr/pp1ppp1p/2p5/6p1/5P2/2N3P1/PPPPP2P/R1BQKBNR b KQkq - 0 3,0
rnbqkbnr/pppppp2/6pp/8/8/2N1P3/PPPP1PPP/1RBQKBNR b Kkq - 0 3,0
rnbqkbr1/p2ppp1p/2p3pn/1p4Q1/8/4PN2/PPPPKPPP/RNB2B1R b q - 3 6,1
1nbqkbnr/1ppp1ppp/4p2r/p7/6P1/PP6/N1PPPP1P/R1BQKBNR b KQk - 1 5,0
rnbqkbnr/pppppppp/8/8/P1P2P2/8/1P1PP1PP/RNBQKBNR b KQkq - 0 3,0
rnbqk1nr/pp1pb1p1/8/2pPpp1p/5B1P/P1P5/1P2PPP1/RN1QKBNR w KQkq - 1 7,1
r1bqkb1r/pppppp1p/n6n/6p1/3P4/P1P4P/1P2PPP1/RNBQKBNR b KQkq - 0 4,1
rnb1kbnr/1pqpp1pp/5p2/p1p4P/2P2P2/8/PPQPP1P1/RNB1KBNR b KQkq - 0 5,1
rnbqkb1r/pp1pnppp/2p5/1B6/3Pp3/4P2P/PPP1QPP1/RNB1K1NR w KQkq - 0 6,1
r1bqkbnr/1pppp1pp/8/p4p1P/3nP3/8/PPPQ1PP1/RNB1KBNR w KQkq - 0 6,1
rnbqkbnr/2ppp1pp/p7/1p3p2/4P3/8/PPPPBPPP/RNBQ1KNR w kq - 0 4,1
r1bqkbnr/pp1n2p1/5p1p/2pp1p2/3P2P1/4P2P/PPP2P2/RN1QKBNR w KQkq - 0 7,1
rnbqkbr1/pppp1ppp/B3pn2/8/8/4PN1P/PPPP1PP1/RNBQK2R b KQq - 1 4,1
rnbq1bnr/1ppkp1pp/5p2/p2p1P2/PPP5/8/3PP1PP/RNBQKBNR b KQ - 0 5,0
rnbqk1nr/1ppppp1p/p5pb/8/8/PPP5/1B1PPPPP/RN1QKBNR b KQkq - 0 4,0
rnbqkbnr/p2p1ppp/8/1pp1p3/1P6/2P2PP1/P2PP2P/RNBQKBNR w KQkq - 0 5,0
rnbqkbnr/p1p1p1pp/1p1p1p2/8/8/N1P5/PP1PPPPP/1RBQKBNR w Kkq - 0 4,0
rnbqkbnr/1ppppp1p/6p1/p7/6P1/N6N/PPPPPP1P/R1BQKB1R b KQkq - 1 3,1
rnbk1bnr/ppN1pppp/7q/3p4/7P/5P2/PPPPP1P1/R1BQKBNR b KQ - 0 5,1
rnbqkbnr/ppp2ppp/8/3p4/3Pp1P1/4PP2/PPP4P/RNBQKBNR b KQkq - 0 4,1
rnbqkbnr/p1p1p3/B2p1p2/1p4pp/8/4P2P/PPPPKPP1/RNBQ2NR b kq - 0 6,1
rnbqkb1r/2pp1ppp/1p5n/p3pP2/2P3P1/P7/1P1PP2P/RNBQKBNR b KQkq - 0 5,0
rnbqkb1r/pppp1p1p/4p1p1/1N6/7n/5N2/PPPPPPPP/R1BQKB1R w KQkq - 0 6,1
r1bqkbnr/p2pppQ1/npp4p/1B6/4P3/8/PPPP1PPP/RNB1K1NR w KQkq - 0 5,1
rnbqkbnr/pp2p2p/2p5/3p2p1/3B1p2/PP4P1/2PPPP1P/RNQ1KBNR w KQkq - 0 7,1
rnbqkbnr/p1p3pp/Bp3p2/3pp3/4P3/N4P2/PPPP2PP/R1BQK1NR w KQkq - 0 5,0
r1bqkb1r/ppnppppp/2p4n/2P5/8/4P2P/PP1P1PPR/RNBQKBN1 b Qkq - 0 5,1
r1bqkb1r/p1pppppp/1p6/P7/1n4nP/4P2R/1PPP1PP1/RNBQKBN1 w Qkq - 1 6,1
2bqkbnr/1pppp1pp/r3Qp2/p7/1n4P1/2P4P/PP1PPP2/RNB1KBNR w KQk - 1 7,0
r1bqkbnr/1ppppp1p/p1n5/6p1/1P4P1/B7/P1PPPP1P/RN1QKBNR w KQkq - 0 4,1
rnbqkb1r/ppppnppp/8/4p2Q/4P3/5P2/PPPP2PP/RNB1KBNR b KQkq - 0 3,1
r1bqkbr1/1ppp1p1p/2n1p2n/p5p1/2B1PQ1P/8/PPPP1PP1/RNBK2NR w q - 0 7,0
rnbqkbnr/pppp3p/4pp2/6p1/8/P3PP2/RPPP2PP/1NBQKBNR b Kkq - 1 4,0
r1bqkbnr/ppppp2p/n5p1/5p2/P7/N6P/RPPPPPP1/2BQKBNR b Kkq - 0 4,0
rn1qkbnr/ppp1pp1p/4b3/3p2p1/1P6/2B5/P1PPPPPP/RN1QKBNR b KQkq - 3 4,0
rnbqk1nr/1p1pppbp/2p4p/8/p2P2P1/4P2P/PPPN1P2/R2QKBNR b KQkq - 0 6,1
rnbqkbnr/pp1ppp1p/2p5/3N2p1/5P2/8/PPPPP1PP/R1BQKBNR b KQkq - 1 3,1
r1b1kbnr/ppn1pppp/1q6/2pp4/2P2P2/1P5N/P2PP1PP/RNBQKB1R w KQkq - 1 7,0
rn2kbnr/ppp2ppp/3q4/3pp2N/b2PP3/2N5/PPP2PPP/R1BQKB1R w KQkq - 0 7,1
rnb1k1nr/pp1pq1pp/2p1pp2/8/1P1b4/5NPP/P1PPPP2/RNBQKB1R w KQkq - 1 7,1
r1bqkbnr/p1ppp1pp/n7/1p3p2/1PP5/5N2/P2PPPPP/RNBQKB1R b KQkq - 0 4,0
rnbqkbnr/ppp2ppp/4p3/3p4/6P1/1P6/P1PPPPBP/RNBQK1NR b KQkq - 1 3,1
rnbqk2r/2ppppbp/1p3np1/p7/P3P2P/3P2P1/1PPN1P2/R1BQKBNR b KQkq - 2 6,0
rnbq1knr/p1pp1pp1/1p1bp3/7p/2PP2PP/1P6/P2QPP2/RNB1KBNR b KQ - 2 6,1
rnbqk1nr/1p1pppbp/Q5p1/p1p5/8/N3PPP1/PPPP3P/R1B1KBNR b KQkq - 5 6,1
r1bqkbnr/pp1ppp1p/n1p3p1/8/1P6/N2P4/P1P1PPPP/R1BQKBNR w KQkq - 0 4,0
rnb1k1nr/pppp1ppp/4p3/8/2P3Pq/b6N/PP1PPP1P/RNBQKB1R w KQkq - 1 4,1
rnbqkbnr/1p2pp1p/6p1/p1pp1P2/4P3/8/PPPP2PP/RNBQKBNR w KQkq - 0 6,0
r1bqkb1r/pppppp1p/n5p1/7n/6P1/3P4/PPP1PP1P/RNBQKBNR w KQkq - 0 5,1
rnb1kbnr/pppp1pp1/4pq1p/8/P7/6P1/1PPPPP1P/RNBQKBNR w KQkq - 1 4,0
1rbqkbnr/p1ppp1pp/1p6/5p2/Pn5P/2P2P1R/1P1PP1P1/RNBQKBN1 b Qk - 0 6,0
rnbqkbnr/pppp1ppp/8/4p3/PP6/2P3P1/3PPP1P/RNBQKBNR b KQkq - 0 4,0
1nbqk1nr/r1pp1ppp/pp1bp3/8/P4P2/4P3/1PPPB1PP/RNBQK1NR w KQk - 2 6,0
rnbqkbnr/1pp1pppp/3p4/p7/P7/6PN/1PPPPP1P/RNBQKB1R b KQkq - 0 3,0
r1bqkbnr/p3pppp/n1p5/3p4/1Pp2PP1/P2P4/4P2P/RNBQKBNR b KQkq - 0 6,1
rnbqkbnr/ppp1pp1p/3p4/4N1p1/1P6/8/P1PPPPPP/RNBQKB1R b KQkq - 1 3,1
1rbqkb1r/pppppppp/n6n/8/3P4/1P6/PBPKPPPP/RN1Q1BNR b k - 4 4,0
rnbqkbnr/2pp1pp1/1p2p2p/p7/3P4/PP3N1P/2P1PPP1/RNBQKB1R b KQkq - 0 5,0
r1bqkbnr/1pppppBp/2n5/p7/8/3P4/PPP1PPPP/RN1QKBNR b KQkq - 0 3,1
rnbqkbnr/p1ppp1p1/5p1p/1p6/6PP/7N/PPPPPP2/RNBQKB1R w KQkq - 0 4,1
rnbqk1nr/pp1pb1pp/2p5/4pp2/5P2/N6N/PPPPPKPP/R1BQ1BR1 w kq - 0 6,1
rnbqkbr1/pp1ppppp/2p4n/8/7P/2P4N/PPQPPPP1/RNB1KB1R b KQq - 2 4,0
rn1qkbnr/1pp1pppp/p2pb3/3P4/1P1Q4/B7/P1P1PPPP/RN2KBNR w KQkq - 3 6,1
r1bqkbnr/1ppp2pp/2n1pp2/p7/3P4/2N4P/PPPKPPP1/R1BQ1BNR w kq - 1 5,0
rnbqk1nr/pp1pp1bp/2p2p2/6p1/P6P/RP6/2PPPPP1/1NBQKBNR w Kkq - 2 5,1
rn1qkbnr/2p1pppp/p2pb3/1p6/7P/5NPB/PPPPPP2/RNBQK2R w KQkq - 2 5,1
rnbqkb1r/1pp2p2/4p1pn/p2P3p/5P2/P2P3N/1PP3PP/RNBQKB1R w KQkq - 0 7,0
rnbqkb1r/p1pppp1p/8/6p1/6Pn/2P2B2/PP1PPP1P/RNBQK1NR b KQkq - 2 6,0
rnbqkbnr/1pppp1p1/8/p4p1p/1P6/7P/PBPPPPPR/RN1QKBN1 w Qkq - 0 5,0
r1bqkbnr/1ppppppp/p1n5/8/2P5/PQ6/1P1PPPPP/RNB1KBNR b KQkq - 2 3,0
rnbqkbnr/pp1pppp1/2p4p/8/5P2/N6P/PPPPP1P1/R1BQKBNR b KQkq - 1 3,1
1n1qkbnr/rpp1pppp/p2p4/8/b1P1N3/3P4/PP2PPPP/R1BQKBNR w KQk - 5 6,1
r1bqkb1r/p1p1pnpp/2np4/1p3pN1/3P4/2N3P1/PPPQPP1P/R1B1KB1R w KQkq - 0 7,1
rnbqk1nr/1ppp3p/p3ppp1/8/PbPP4/2N5/1P1KPPPP/R1BQ1BNR w kq - 2 6,0
rnbqkb1r/pp2pppp/2pp3n/8/5PP1/8/PPPPPK1P/RNBQ1BNR w kq - 0 4,0
rnbqkbnr/1p2pppp/2pp4/p7/8/P3P1P1/1PPPNP1P/RNBQKB1R b KQkq - 1 4,0
r1bqkbnr/p1p1pp1p/1p1p4/4n1p1/P2P2PP/N7/1PP1PP2/R1BQKBNR b KQkq - 0 6,1
rnbqkbnr/2pppppp/1p6/p7/3P1P2/4B3/PPP1P1PP/RN1QKBNR b KQkq - 1 3,0
1rbq1knr/pppppp1p/2n4b/8/6p1/PPN2PPP/2PPP3/R1BQKBNR w KQ - 0 7,1
rnb1kb1r/pp1pppp1/1q3n2/2p4p/2P1P3/P4Q2/1P1P1PPP/RNB1KBNR w KQkq - 1 5,0
rnbqkbnr/1pppp2p/4Q3/p4pp1/8/2P2N2/PP1PPPPP/RNB1KB1R b KQkq - 1 4,1
rnb1k1nr/pppp1p1p/6p1/2b5/PP2p3/5q2/3PPPPP/RNBQKBNR w KQkq - 0 7,1
rn1qkbnr/ppp2ppp/8/3pp3/5P2/7b/PPPPP1PR/RNBQKBN1 w Qkq - 0 4,1
rnbqkbnr/ppppp2p/5p2/6p1/P3P3/7N/1PPP1PPP/RNBQKB1R b KQkq - 0 3,1
rnbqkb1r/ppppppp1/5n1p/1B6/1P2P3/8/P1PP1PPP/RNBQK1NR w KQkq - 1 5,0
rnbqkbnr/1pppppp1/p7/7p/1P6/B1P4N/P2PPPPP/RN1QKB1R w KQk - 1 5,0
rnbqkbnr/1pp1ppp1/p6p/3p4/1P3PP1/8/P1PPP2P/RNBQKBNR w KQkq - 0 4,1
rnbqk1nr/pppp2p1/8/2b1p2p/P1P3pP/8/1P1PPPB1/RNBQK1NR w KQkq - 0 6,1
r1bqkbnr/ppppp1pp/n4p2/8/8/P1N2N2/1PPPPPPP/R1BQKB1R b KQkq - 0 3,1
r1q1kb1r/pppbppp1/2n2n2/1B1p3p/P7/3PPN2/1PP2PPP/RNBQ1K1R w kq - 3 7,0
rnbqkbnr/1pp1pppp/p2p4/8/N7/4PN2/PPPP1PPP/R1BQKB1R w KQkq - 0 5,0
r1bqkbnr/ppp1p2p/2np4/1N3ppP/2P5/8/PP1PPPP1/R1BQKBNR w KQkq - 0 6,0
r1bqkb1r/ppp1ppp1/n2p3n/7p/8/N1P2N2/PP1PPPPP/1RBQKB1R w Kkq - 3 5,1
rnbqkbnr/2p2ppp/1p6/p2pp3/P6P/NP6/2PPPPPR/R1BQKBN1 b Qkq - 1 5,1
rnbqkb1r/pppnpppp/8/3p4/Q5P1/2PP4/PP2PP1P/RNB1KBNR b KQkq - 2 4,1
rnbqkb1r/p1pppp2/5n1p/1p4p1/8/3PP3/PPP2PPP/RNBQKBNR w KQkq - 0 5,0
rnbqkbnr/2pp1p1p/4p2p/pp6/8/1PPP4/P3PPPP/RN1QKBNR w KQkq - 0 5,1
rnb1kbnr/2pp1pp1/pp6/4p2p/3P2Pq/NP3N2/P1P1PP1P/R1BQKB1R b KQkq - 0 6,1
rnbqkbnr/pp1pp1p1/2p5/5p1p/2P1P3/6P1/PP1P1P1P/RNBQKBNR b KQkq - 0 4,0
r1bqkb1r/ppppppp1/2n2n2/7p/8/P1N1PN2/1PPP1PPP/R1BQKB1R b KQkq - 2 4,0
rnbqkb1r/1p1pp1pp/7n/p1p2p2/4P3/P1BP4/1PP2PPP/RN1QKBNR b KQkq - 0 5,0
rn1qkbnr/p1p1p1pp/1p1pb3/5p2/1P4P1/5N1B/P1PPPP1P/RNBQK2R b KQkq - 1 5,1
rnbqkbn1/p1p1pp2/1p1p3r/6pp/5P1P/PP5R/2PPP1P1/RNBQKBN1 w Qq - 2 6,1
rnbqkbnr/ppp1pp1p/3p4/6p1/5P2/5K2/PPPPP1PP/RNBQ1BNR b kq - 1 3,1
rnbqk1nr/pp1ppp2/2p4b/6pp/2N2P2/6P1/PPPPP2P/R1BQKBNR w KQkq - 2 5,0
rnbqk1nr/p2pp2p/5ppb/1p6/1p1B2P1/4P2N/P1PP1P1P/RN1QKB1R w KQkq - 0 7,0
rnbqkbnr/pp1pppp1/8/2p4p/8/2NPB3/PPPKPPPP/R2Q1BNR b kq - 1 5,1
r1bqk1nr/p1p2ppp/1p2p3/3p4/1b1nP2P/5QP1/PPPP1PB1/RNB1K1NR w KQkq - 0 7,0
rnbqkbnr/ppppp1p1/8/5p1p/5PP1/2P5/PP1PP2P/RNBQKBNR b KQkq - 0 3,1
1nb1kbnr/rpq1pppp/p7/2pp4/2B3PP/4P3/PPPP1P1R/RNBQK1N1 b Qk - 2 6,1
rn1qk1nr/p1pppp1p/b5pb/1p1P4/5Q2/P7/1PP1PPPP/RNB1KBNR w KQkq - 5 6,1
rnb1kb1r/1p1ppppp/p1p4n/8/P7/1Pq2R2/2PPPPPP/1NBQKBNR w Kkq - 1 6,1
rnbqk1nr/2p2ppp/pp1b4/3pp1N1/7P/P1P4R/1P1PPPP1/RNBQKB2 b Qkq - 0 6,1
r1b1kbnr/pppqpppp/3p4/8/Pn2P3/2P5/1P1P1PPP/RNBQKBNR w KQkq - 1 5,1
rnbqkb1r/pp1p1ppp/2p2n2/4pP2/8/2P1P3/PP1P2PP/RNBQKBNR b KQkq - 0 4,1
rnbqkb1r/pppppp1p/6p1/5n2/8/P4P2/RPPPP1PP/1NBQKBNR w Kkq - 0 4,0
r3kbnr/pbp1Nppp/np1p4/1P2p3/8/8/P1PPPPPP/1RBQKBNR w Kkq - 2 7,1
rnbqkbnr/2ppp1pp/1p6/p3Pp2/3P4/P7/1PPBNPPP/RN1QKB1R b KQkq - 1 6,1
rnbqkb1r/p1p1p2p/1p1p1p1n/6p1/P1B1P3/1PP5/3P1PPP/RNBQK1NR w KQkq - 0 6,1
r1bqkbnr/pp1ppp2/n1p5/6p1/2P4p/PPN1P3/3PKPPP/R1BQ1BNR b kq - 1 6,0
r1bqkbnr/p1pppppp/n7/1p6/P7/6PN/1PPPPP1P/RNBQKB1R w KQkq - 1 5,1
rnbqkbnr/1pp1ppp1/7p/p2p4/5P1P/7N/PPPPP1P1/RNBQKB1R b KQkq - 0 4,1
rnbqkbnr/2pp1ppp/p3p3/1p6/8/NP3N1P/P1PPPPP1/R1BQKB1R b KQkq - 1 4,0
rnbqkbnr/p3pppp/8/1ppp4/Q1P4P/5P2/PP1PP1P1/RNB1KBNR b KQkq - 0 4,1
r1bqkb1r/pppppppp/n4n2/8/2B5/2P1P3/PP1P1PPP/RNBQK1NR b KQkq - 2 3,0
rnbqkbnr/3ppppp/pp6/2p3B1/8/2PP4/PP2PPPP/RN1QKBNR w KQkq - 0 4,0
r1bqkbnr/p1p3pp/n3p3/1P1p1p2/1P6/3P2P1/P3PP1P/RNBQKBNR b KQkq - 0 6,0
rnbq1bnr/pp1ppk1p/2p3p1/5p2/8/P1PP4/1P1NPPPP/RNBQKB1R b KQ - 0 5,0
rnbqkbnr/2ppp1pp/1p3p2/p7/3P3P/P6N/1PP1PPP1/RNBQKB1R b KQkq - 0 4,1
rnbqkbnr/ppppp1p1/5p1p/8/4P3/2P4P/PP1P1PP1/RNBQKBNR b KQkq - 0 3,1
1rbqkbnr/pppppppp/2n5/8/6P1/2P4N/PP1PPP1P/RNBQKB1R b KQk - 2 3,1
r1bqkbnr/1ppppppp/2n5/pN6/8/1P6/P1PPPPPP/R1BQKBNR b KQkq - 1 3,0
rnbqkbnr/pp1ppppp/8/2p5/P7/4PN2/1PPPKPPP/RNBQ1B1R b kq - 0 4,0
rnbqkbnr/p2pp1pp/2p5/1p3p2/4P3/2P2Q2/PP1P1PPP/RNB1KBNR w KQkq - 1 6,1
rnb1kb1r/ppppqppp/4p3/7n/P7/2R1P2P/1PPP1PP1/1NBQKBNR b Kkq - 0 5,0
rn1qkbnr/p2pp1pp/bp3p2/2p3N1/2PP4/2N5/PP2PPPP/R1BQKB1R b KQkq - 2 5,1
rnbqkbnr/ppppp3/5p1p/6p1/2P4P/6P1/PP1PPP2/RNBQKBNR w KQkq - 0 4,1
r1bqkb1r/pp1pn1pp/n7/2p1pp2/8/N2PB3/PPPKPPPP/R1Q2BNR w kq - 4 6,1
rnbqkbnr/2ppp3/1p4p1/1p3p1p/1PP5/5P1N/P2PP1PP/R1BQKB1R w KQkq - 0 7,1
rnbqkbnr/1p1pppp1/p1p5/7p/P1P2P2/8/1P1PP1PP/RNBQKBNR w KQkq - 0 4,0
rnbqkbnr/p1ppp2p/1p4p1/8/5pQ1/2NPP3/PPP2PPP/R1B1KBNR w KQkq - 0 5,1
rnbq1b1r/1p1pkppp/p1p4n/4P3/1P1P4/4B3/P1P1P1PP/RNQ1KBNR w KQ - 1 7,1
r1bqk1nr/pp1p1pp1/n3p2p/2p5/1bP3PP/P7/3PPP2/RNBQKBNR w KQkq - 0 6,1
rnbqkbnr/1p1ppppp/p1p5/8/8/3P2PP/PPP1PP2/RNBQKBNR b KQkq - 0 3,0
rnb1kbnr/1p1ppppp/2p5/p1q5/N7/5PPB/PPPPP2P/R1BQK1NR b KQkq - 2 5,0
rnbqk1nr/1ppp1ppp/3bp3/P7/1p6/7P/2PPPPP1/RNBQKBNR w KQkq - 1 5,1
rnbqkbnr/pppppp1p/8/6p1/3P2P1/N7/PPP1PP1P/R1BQKBNR w KQkq - 0 4,1
rnbqkbr1/pppppppn/8/7p/P1P5/7P/RP1PPPP1/1NBQKBNR b Kq - 0 5,0
rnbqkbnr/1pp1pppp/8/p2p4/6P1/P1N4P/1PPPPPB1/R1BQK1NR b KQk - 1 5,0
rnb1kb1r/pp1ppppp/7n/q1p5/6P1/1P5N/P1PPPP1P/RNBQKB1R w KQkq - 1 4,0
rn1qkbnr/ppp1p1p1/5p1p/8/P5b1/N2pP2P/RPPP1PPR/2BQKBN1 w kq - 0 7,1
rnbqkbnr/pppppppp/8/8/4P3/1P6/P1PP1PPP/RNBQKBNR b KQkq - 0 3,0
rn1qkbnr/pppbpppp/3p4/8/P7/5N1P/1PPPPPP1/RNBQKB1R b KQkq - 0 3,0
rnbqkbr1/1p1p1ppN/2p1pn1p/p7/6P1/4P3/PPPPKP1P/RNBQ1B1R w q - 1 7,0
rnbqkb2/pppppp1r/5np1/4N3/2N4p/1P6/P1PPPPPP/R1BQKB1R w KQq - 0 6,0
rn1qkbnr/2pp2p1/bp2pp1p/p7/2P4P/NP6/PB1PPPP1/R2QKBNR w KQkq - 0 7,1
r1bqkbnr/pppppp1p/2n5/3P2p1/8/2N5/PPP1PPPP/R1BQKBNR b KQkq - 0 3,1
r1bqkb1r/pppppp1p/n4np1/8/3P4/8/PPP1PPPP/RNBQKBNR w KQkq - 0 4,0
rnbqkb1r/1pp1pppp/5n2/p2p4/2P3P1/8/PPNPPP1P/R1BQKBNR b KQkq - 2 4,1
1rb1kbnr/pp2pppp/n7/q1pp2N1/4P1P1/N7/PPPP1P1P/R1BQKB1R w KQk - 5 6,1
rnbq1bnr/ppp1pkpp/8/3p1p2/5P2/3P4/PPP1P1PP/RNBQKBNR w KQ - 1 4,0
rnbqkbnr/p1pp1p1p/4p3/1p4p1/8/1PNBP3/P1PP1PPP/1RBQK1NR w Kkq - 2 6,1
rnbqk1nr/pppp1p1p/8/4p1p1/1b5P/P6N/RPPPPPP1/1NBQKB1R b Kkq - 1 5,0
rnq1kbnr/ppp1pp1p/3p4/5bp1/7P/N3PQ2/PPPP1PPR/R1B1KBN1 b Qkq - 2 6,1
r1bqkbnr/ppppp1p1/n4p2/7p/5PP1/N7/PPPPP2P/1RBQKBNR b Kkq - 0 4,1
rnbqk1nr/pp1p2p1/2p2p2/4p2p/4P3/bQP2PP1/PP1P3P/RNB1KBNR w KQkq - 1 6,1
rnbqkbr1/2pp1ppp/p4n2/1p2p3/P7/4PN2/1PPP1PPP/RNBQKB1R w Qq - 3 6,1
r1bqkbnr/pppp1ppp/n7/4p3/3P4/P4N2/1PP1PPPP/RNBQKB1R w KQkq - 0 4,1
rnb1kbnr/pppqpppp/3p4/8/1P6/P7/1BPPPPPP/RN1QKBNR b KQkq - 2 3,0
rnbq1bnr/pp1ppkpp/2p2p2/8/7Q/4P2P/PPPP1PP1/RNB1KBNR b KQ - 3 4,0
rnbqkbnr/pppppp2/6p1/7p/8/NP3N2/P1PPPPPP/R1BQKB1R b KQkq - 0 3,0
rnbqkbnr/1p1p2p1/2p1p3/pN3p1p/P7/2R4P/1PPPPPP1/2BQKBNR b Kkq - 1 6,1
rnbqkbnr/2ppppp1/8/pp5p/2N2P2/8/PPPPP1PP/R1BQKBNR w KQkq - 0 4,0
rnbqk1nr/pppp1ppp/3b4/4p3/3P2P1/4P3/PPP2P1P/RNBQKBNR b KQkq - 0 3,0
r1bqkbr1/ppp1pnpp/2n2p2/3p4/6P1/PPN4P/2PPPP2/1RBQKBNR w Kq - 0 7,0
rnbq1bnr/3ppk1p/2p1Npp1/pp6/3P4/6P1/PPP1PP1P/RNBQKB1R w KQ - 0 7,1
r1bqkbnr/pppp2p1/2n4p/4pP2/1P6/2P2P1P/P2PP3/RNBQKBNR w KQ - 1 7,0
rnbqkbnr/p1p1pppp/3p4/8/1p6/P4N2/1PPPPPPP/RNBQKBR1 w Qkq - 0 4,1
r1bqkbnr/p1ppp1p1/n7/1p4Np/5Q2/2PP4/PP2PPPP/RNB1KB1R b KQkq - 0 6,1
rnb1kbnr/1p1ppp2/p6p/q1p3PP/8/3P4/PPP1PKP1/RNBQ1BNR b kq - 0 6,0
rnbqkbnr/ppp1p1p1/5p1p/3p4/P7/4P1P1/1PPP1P1P/RNBQKBNR w KQkq - 0 4,1
rn1qkbnr/pb1pppp1/2p4p/1N6/8/1P2P3/P1PP1PPP/R1BQKBNR w KQkq - 1 5,1
rnbqk1nr/1p1p1ppp/p1pbp3/8/P1B1P3/5P2/1PPP2PP/RNBQK1NR w KQkq - 0 5,0
r1bqk1nr/ppppp2p/2n4b/5pp1/7P/P1N5/1PPPPPP1/R1BQKBNR b Qkq - 1 5,0
rnbqkbnr/p1p1p1p1/5p1p/1p1p4/7P/P1P3P1/RP1PPP2/1NBQKBNR b Kkq - 1 5,0
rnb1kbnr/pp1p1p1p/1q2p1p1/2p5/4PPPP/8/PPPPN3/RNBQKB1R w KQkq - 3 7,0
r1bqkbnr/1pp1p2p/n2p2P1/p4p2/PP6/B7/2PPP1PP/RN1QKBNR b KQkq - 0 6,1
rn1qkb1r/p3pppp/b2p3n/1Np5/8/3P1PPB/PPP1P2P/R1BQK1NR w KQkq - 0 7,1
rnbqkbnr/1p1ppppp/2p5/p7/4P1P1/P7/1PPP1P1P/RNBQKBNR b KQkq - 0 3,0
rnbqk1nr/pppp1ppp/8/2b1p3/P7/R6N/1PPPPPPP/1NBQKB1R b Kkq - 3 3,1
rnbqkb1r/pppppppp/7n/8/8/NP6/P1PPPPPP/R1BQKBNR b KQkq - 6 4,0
rnbqkb1r/1pp1pppp/p2p4/8/P1P1n3/7R/1P1PPPPP/1NBQKBNR w Kkq - 1 5,0
rnbqkbnr/pppp1pp1/8/2P4p/4pP2/5N2/PP1PP1PP/RNBQKB1R b KQkq - 0 4,1
rnbqkbnr/pp1pp1p1/2p2p2/7p/2PP4/7N/PP2PPPP/RNBQKB1R w KQkq - 0 4,1
rnb2bnr/pp1qkppp/4p3/2pp4/5PP1/1B2P3/PPPP3P/RNBQK1NR w KQ - 0 6,0
rnbq1bnr/pp1kp1pp/8/2p2p2/1P1p2P1/5P1N/P1PPP2P/RNBQKB1R w KQ - 0 7,0
r1bqkb1r/pppp3p/n3p1pn/5p2/2PP4/1P3N2/P3PPPP/RNBQKB1R b KQkq - 1 6,0
rnb1kbnr/1p1ppppQ/pq6/2p5/P3P3/8/1PPP1PPP/RNB1KBNR b KQkq - 0 5,1
1nbqkbnr/rpp2pp1/4p2p/3p4/p3P3/2N2P2/PPPPQ1PP/R1B1KBNR w KQk - 2 7,0
rnbqkb1r/pp1pppp1/2p4p/7n/1P2P3/P5PB/2PP1P1P/RNBQK1NR b KQkq - 0 5,0
rnb1kbnr/pp1pp2p/2p2pp1/q7/P5P1/3BP3/1PPP1P1P/RNBQK1NR w KQkq - 1 5,0
rnbqkbnr/1pppppp1/7p/8/p2PP3/5P1P/PPP3P1/RNBQKBNR b KQkq - 0 4,0
rnbqkb1r/ppp1pppp/3p1n2/8/2PP4/2N2N1P/PP2PPP1/R1BQKB1R b KQkq - 1 5,1
rnbqkbnr/1pp1p1p1/8/p2p1p1p/3P2PB/N6P/PPP1PP2/R2QKBNR b KQkq - 1 6,0
r1bqkbnr/ppp1pppp/1n6/3p4/3P3P/4P3/PPP2PP1/RNBQKBNR w KQkq - 1 4,0
1nbqkb1r/1pppp2p/r4ppB/p7/P7/1P1P4/2P1PPPP/RN1QKBNR w KQk - 1 6,1
rnbqkbnr/pp1pp2p/2p2p2/6p1/2Q5/2N1P3/PPPP1PPP/R1B1KBNR b KQkq - 1 4,0
rnb1kbnr/ppppqppp/4p3/8/8/4P2P/PPPPNPP1/RNBQKB1R b KQkq - 2 3,0
r1bqkbnr/2p3pp/1pnpp3/p4p2/P5P1/1P1P3P/2PBPP2/RN1QKBNR w KQkq - 0 7,0
r1bqkbnr/pppppppp/8/2n5/5P2/6PN/PPPPP2P/RNBQKB1R b KQkq - 0 3,0
r2qkbnr/p1pppppp/b1n3B1/1p6/8/2N1P3/PPPP1PPP/R1BQK1NR b KQkq - 5 4,1
r1Q1kb1r/ppp1ppp1/n2q3n/3pP2p/8/NP6/P1PP1PPP/R1B1KBNR b KQkq - 0 6,1
rnbqkb1r/ppppp1p1/5p1n/7p/4P3/2PP4/PP3PPP/RNBQKBNR w KQkq - 1 4,1
rnbqkbnr/pp1pp1p1/7p/2p3N1/6pP/7B/PPPPPP1R/RNBQK3 w Qkq - 4 7,1
rn1qkbn1/p1p1pppr/3p4/1p2Nb1p/7P/8/PPPPPPPR/RNBQKB2 b Qq - 3 6,1
r1bqkbnr/pppppppp/8/8/1n2P3/7N/PPPP1PPP/RNBQKB1R b KQkq - 0 3,0
rnbqkbnr/1pppp1p1/p6p/5p2/2P5/6P1/PP1PPP1P/RNBQKBNR b KQkq - 1 4,0
rnbqk1nr/pppp1pp1/4p3/7p/1b1P4/2P2PPP/PP2P2R/RNBQKBN1 b Qkq - 2 6,0
r1bqk1nr/ppppppb1/2n5/6pp/4P3/N4PP1/PPPPK2P/R1BQ1BNR b kq - 0 5,1
rnbqkbn1/ppppp2r/8/6pp/5p2/PPP2N2/R2PPPPP/1NBQKB1R w Kq - 1 6,1
r1bqkbnr/1pppppp1/B7/n6p/5P2/2P1PN2/PP1P2PP/RNBQK2R b KQkq - 0 5,1
r1bqkb1r/p1ppnppp/2n5/1p2p3/P7/4P1PP/1PPP1P2/RNBQKBNR w KQkq - 1 5,1
rnbqkbnr/1pppp2p/p7/5pp1/2P1P3/8/PP1PBPPP/RNBQK1NR w KQkq - 0 4,0
rnb1k1nr/pp2pp1p/1q1p3b/2p2Bp1/4P3/2N5/PPPP1PPP/1RBQK1NR b Kkq - 3 6,0
rnbqkbnr/pppp1p2/4p2p/6p1/1PP5/4P2P/P2P1PP1/RNBQKBNR b KQkq - 0 4,0
r1bqkbnr/pppppppp/2n5/8/8/3P1N1P/PPPNPPP1/R1BQKB1R b KQkq - 4 4,0
rnb1kbnr/ppp2ppp/3pp3/6q1/P7/R4P1P/1PPPP1P1/1NBQKBNR b Kkq - 0 4,0
rnbqk2r/p2pbppp/1p5n/2p1p3/P3N3/5PP1/1PPPP2P/R1BQKBNR b KQkq - 2 6,1
r1bqkb1r/p1pppppp/1pn5/5n2/1P1P1P2/8/P1PQPKPP/RNB2BNR b kq - 2 5,1
rnbqkbnr/ppppp1p1/5p2/7p/8/PP3N2/2PPPPPP/RNBQKB1R w KQkq - 0 4,1
rnbqkbnr/p2pppp1/1pp4p/5P2/8/P7/1PPPP1PP/RNBQKBNR w KQkq - 0 4,0
r1bqkb1r/p1pppp1p/1p5n/1P4p1/1nP1P3/8/P2P1PPP/RNBQKBNR w KQkq - 0 6,1
r1bqkbnr/pp1ppp1p/2n5/6p1/2p1P2N/5P1P/PPPP2P1/RNBQKB1R b KQkq - 0 5,1
rnbqk2r/pppp1ppp/3bpn2/8/5PP1/5N2/PPPPP2P/RNBQKB1R w KQkq - 3 4,0
rn1qkbnr/1b1pppp1/ppp4p/1PP5/Q7/4P3/P2P1PPP/RNB1KBNR b KQkq - 0 6,1
rn1qkbnr/ppp1pppp/8/3p4/2P2Bb1/1P1P4/P3PPPP/RN1QKBNR w KQkq - 2 5,0
rnbqkbnr/2p1pppp/1p6/p2p4/7P/2P2P2/PP1PP1P1/RNBQKBNR w KQkq - 0 4,0
rn1qkb1r/p1pppp1p/b5pn/1p6/1PP5/P6P/3PPPP1/RNBQKBNR b KQkq - 0 5,0
r1b1kbnr/ppp2pp1/n2pp2p/8/8/3P1P1N/PPP1PKPP/RNqQ1B1R w kq - 0 7,1
r1b1kbnr/1pppnp1p/5q2/p3pPp1/3PP1P1/8/PPP4P/RNBQKBNR w KQkq - 1 7,1
rnbqkbnr/1pp1p1pp/8/p2p1p2/3PP3/8/PPPQ1PPP/RNBK1BNR b kq - 0 5,1
rnbqkbnr/1ppp1ppp/8/p3p3/2P3P1/8/PP1PPPBP/RNBQK1NR b KQkq - 1 3,0
1rbqkbnr/pppppp1p/n5p1/8/1P6/P4P2/R1PPP1PP/1NBQKBNR b Kk - 0 4,0
r2qkbnr/ppp1ppp1/2np4/4Nb1p/P6P/2N5/1PPPPPP1/R1BQKB1R b KQkq - 4 6,1
r1bqkbnr/ppppp1pp/n4p2/8/8/4P1PN/PPPP1P1P/RNBQKB1R b KQkq - 2 3,0
rnbqkb1r/1ppppppp/8/5n2/Q1P2P2/3P4/PP2P1PP/RNB1KBNR w KQk - 1 7,1
r1bqkbnr/p1ppp1pp/5p2/1p6/1n4P1/3PP3/PPPK1P1P/RNBQ1BNR w kq - 3 5,0
rnbqk1nr/pppp2pp/3b4/4pp2/R7/1PN2P2/2PPP1PP/2BQKBNR b Kkq - 3 5,1
rnbqk1nr/p1ppb1pp/1p2pp2/P7/5P2/1P5P/2PPP1P1/RNBQKBNR b KQkq - 0 5,1
rnbqkbnr/1pppp3/p4ppp/6N1/8/P7/1PPPPPPP/RNBQKBR1 w Qkq - 0 5,0
r1bqkbnr/ppppp2p/2n3p1/5p2/5P2/2N4P/PPPPP1P1/R1BQKBNR w KQkq - 1 4,0
rnbqkbnr/ppp1p1p1/3p3p/4Np2/3P4/8/PPP1PPPP/RNBQKB1R w KQkq - 0 4,1
rnbqkbnr/pppp1pp1/4p3/8/7p/P5P1/1PPPPPBP/RNBQK1NR w KQkq - 0 4,0
rnbqkbn1/1pp1p1pr/p4p2/3p3p/2PP1P2/PQ3N2/1P2P1PP/RNB1KB1R b KQq - 1 6,1
rnbq1b1r/ppppk1p1/8/5p1p/4n3/2P3PN/PP1PPP1P/RNB1KB1R w KQ - 0 7,1
rnbqkbnr/1p2pppp/3p4/p1p5/P3P1P1/8/1PPP1P1P/RNBQKBNR w KQkq - 0 4,0
rnbqkbnr/p1p1pppp/3p4/1p6/4P3/P2P4/1PP2PPP/RNBQKBNR b KQkq - 0 3,0
r1b1kbnr/ppqpppp1/8/4n2p/8/5P2/PPPPP1PP/R1BQKBNR w KQkq - 0 5,1
rnbqkb1r/ppp1ppp1/3p1n1p/8/4P3/N1P5/PP1P1PPP/R1BQKBNR w KQkq - 0 4,0
rnbqkb1r/p1pppppp/1p3n2/8/2P5/P4P2/1P1PP1PP/RNBQKBNR b KQkq - 0 3,0
rnbqkbnr/pppp2pp/4p3/5p2/8/4P3/PPPP1PPP/RNBQKBNR b KQkq - 1 3,0
rnb1kbnr/1pq1p1pp/p1ppB3/5p1P/4P3/P7/1PPP1PP1/RNBQK1NR b KQkq - 0 6,1
rnbq1bnr/p1pppkpp/5p2/1p1N4/6Q1/4P3/PPPP1PPP/R1B1KBNR b KQ - 3 4,0
rnbqkbnr/p1pp2pp/1p2p3/8/5pP1/NP3P1P/P1PPP3/R1BQKBNR b KQkq - 0 5,0
1nbqkb1r/rp1ppppp/2p4B/p4P2/3P4/3Q3P/PPP1P1P1/RN2KBNR b KQk - 0 6,1
rn1q1b1r/pppkpppp/5nb1/3p4/P3PP2/5N2/RPPP1KPP/1NBQ1B1R b - - 0 6,1
rnbqkbnr/pppppppp/8/8/1P5P/P7/2PPPPP1/RNBQKBNR b KQkq - 0 3,0
rnbqkbnr/p3pppp/2p5/1p1p4/3P4/1P3P1P/P1P1P1P1/RNBQKBNR b KQkq - 0 4,1
r1bqkbnr/pppnppp1/7p/1Q1p4/5P2/4P3/PPPP2PP/RNB1KBNR b KQkq - 0 4,1
rnbqkbnr/1ppppp2/7p/6p1/8/P1N2N1P/2pPPPP1/1RBQKB1R w Kkq - 0 7,0
r1bqkbnr/p1p1pppp/8/1pnp4/5NP1/4P3/PPPP1P1P/RNBQKB1R w KQkq - 1 5,1
rnbqkb1r/ppppppp1/7p/8/4n3/NQP3P1/PP1PPP1P/R1B1KBNR b KQkq - 2 4,0
rnbqkbnr/ppp1pppp/8/3p4/5P2/8/PPPPPNPP/RNBQKB1R b KQkq - 1 3,0
r2qkbnr/1ppnp1pp/p2pbp2/1N6/3P4/2Q5/PPP1PPPP/1RB1KBNR b Kkq - 3 6,1
rnb1kbnr/p1pq1p2/3pp2p/1p4p1/3PN1P1/6Q1/PPP1PP1P/R1B1KBNR w KQkq - 2 7,0
1nbqkbnr/1pp1pppp/r2p4/p7/1P1P2P1/7B/P1P1PP1P/RNBQK1NR b KQk - 0 4,1
r1bqkbnr/ppp1p1pp/nN1p4/5p2/8/1P6/P1PPPPPP/R1BQKBNR b KQkq - 1 4,1
r1bq2nr/ppppbkpp/2n5/4pp2/2P3P1/NP3P2/P2PP2P/R1BQKBNR b KQ - 0 6,0
1nbqkbnr/rppppppp/8/p7/2P1P3/7N/PP1P1PPP/RNBQKB1R w KQk - 3 4,1
rnbqkbnr/pp1pppp1/2p5/7p/8/P1N5/1PPPPPPP/1RBQKBNR b Kkq - 0 3,0
rnbqkbnr/p1ppppp1/1p5p/8/P7/2N4P/1PPPPPP1/R1BQKBNR b KQkq - 1 3,0
rnbqkb1r/ppppp1pp/7n/5p2/8/2NPB3/PPP1PPPP/R2QKBNR b KQkq - 1 3,0
r1bqkb1r/p1ppp1pp/n7/1p3p2/1n6/2P2PPP/PPQPP2R/RNB1KBN1 w Qkq - 2 7,1
rnbqk1nr/1ppp2pp/4p3/p3p3/8/b1P5/PP1PPPPP/RNB1KBNR w KQkq - 0 5,1
rnbqkbr1/p1p1p1pp/7n/1p1p1p2/1P5P/NN6/P1PPPPP1/R1BQKB1R b KQq - 1 6,0
rnbqkbnr/p1p1pppp/3p4/1p6/4P3/P1N5/1PPP1PPP/R1BQKBNR b KQkq - 0 3,0
r1bqkbnr/1ppppppp/8/p1n5/4PPPP/8/PPPP4/RNBQKBNR b KQkq - 0 4,1
r1bqkbnr/pppppppp/8/n4P2/8/1P6/P1PPP1PP/RNBQKBNR b KQkq - 0 3,1
r1bqkb1r/pppppppp/2n4n/8/2B5/2P1PP2/PPQP2PP/RNB1K1NR b KQkq - 4 5,0
rnbqkbnr/pp1p2pp/2p1pp2/8/1PP5/3P3N/P3PPPP/RNBQKB1R b KQkq - 0 4,1
rnb1kbnr/1pppqppp/p7/4p3/4P3/3B1N2/PPPP1PPP/RNBQK2R b KQkq - 1 5,0
rnbqkbnr/ppppp2p/5p2/6p1/4P1Q1/8/PPPPBPPP/RNB1K1NR b KQkq - 1 3,1
r1bqkbnr/ppp1pppp/2n5/3p4/6P1/P1N5/1PPPPP1P/R1BQKBNR b KQkq - 0 3,1
rnb1kbnr/1p1pp2p/p1p3p1/q4p2/8/Q1P1P2P/PP1P1PP1/RNB1KBNR w KQkq - 2 6,1
rnbqkb1r/ppppppp1/5n2/7p/8/P1N3P1/1PPPPP1P/R1BQKBNR b KQkq - 0 3,0
rnbqkbnr/p1ppp3/1p4pp/5p2/P4P2/2P5/1P1PPNPP/RNBQKB1R b KQkq - 1 5,0
r2qkb1r/p1pppppp/b1n4n/1p6/3P2PN/7B/PPP1PP1P/RNBQK2R b KQkq - 5 5,0
r1bqkbnr/ppn1pp1p/6p1/2pp4/2B1P3/P4PPP/1PPP4/RNBQK1NR b KQkq - 2 6,1
rnbqkbnr/1ppp2p1/4pp1B/p6p/3N4/3P4/PPP1PPPP/RN1QKBR1 b Qkq - 1 5,1
rnbqkbnr/p2ppp2/2p3p1/1p5p/7P/N2P4/PPP1PPP1/1RBQKBNR w Kkq - 0 5,0
rnbqk1nr/pppp1ppp/3bp3/8/P7/5P1P/1PPPP1P1/RNBQKBNR b KQkq - 0 3,0
rnbqkbnr/ppppp1p1/B4p1p/8/4P2P/8/PPPP1PP1/RNBQK1NR b KQkq - 1 3,1
rnb1k1nr/pppp1ppp/3b4/4p1q1/6P1/3P4/PPPBPP1P/RN1QKBNR w KQkq - 3 4,1
rnbqkbnr/p1pp1ppp/4p3/1p6/1P3P2/8/P1PPP1PP/RNBQKBNR b KQkq - 0 3,1
rn2kb1r/ppq1pppp/2pp1n2/8/P5b1/2PPP2P/1P3PP1/RNBQKBNR w KQkq - 1 6,1
rnb1kbnr/pp2pp1p/2pp4/6p1/4N3/3PBN1q/PPP1PPPP/R2QKB1R w KQkq - 4 6,1
rnbqk1nr/1pp1p1bp/3p1p2/P5p1/P7/8/RBPPPPPP/1N1QKBNR b Kkq - 0 6,0
rnbqkb1r/ppp1p1pp/3p3n/5p2/5P2/BP6/P1PPP1PP/RN1QKBNR b KQkq - 2 4,0
rnbqkbnr/pppp1ppp/8/4p3/1P6/4P2N/P1PP1PPP/RNBQKB1R w KQ - 1 4,0
rnbqkb1r/ppp1pppp/5n2/3p4/8/2N2N1P/PPPPPPP1/R1BQKB1R w KQkq - 0 4,0
rnbqk1nr/pppp2pp/4pp2/7P/3P1b2/3Q4/PPP1PPP1/RN2KBNR b KQkq - 1 5,1
1rbqkbnr/ppppppp1/7p/8/3nP3/7P/PPP2PPR/RNBQKBN1 w Qk - 0 5,1
rn2kbnr/pp1bppp1/3p3B/q1p5/6PP/3P3N/PPP1PP2/RN1QKB1R w KQkq - 3 6,1
rnbqkbnr/1p1pp1pp/p7/2p2p2/1P3N2/8/P1PPPPPP/RNBQKB1R b KQkq - 1 4,0
1nbqkb1r/r1pp2pp/p3pp1n/1p5N/8/P2P4/1PP1PPPP/R1BQKBNR w KQk - 0 7,1
rnbqkbnr/pp2ppp1/3p3p/8/2p2PP1/3P4/PPP1P2P/RNBQKBNR w KQkq - 0 5,0
1rbqkb1r/ppnppp1p/5np1/2p5/1P1P4/4PN2/P1P1KPPP/RNBQ1BR1 w k - 1 7,0
rn1qkb1r/pbpp1ppp/1p3n2/4p3/2P5/2N4N/PP1PPPPP/1RBQKB1R w Kkq - 0 5,0
rnbqkbnr/2ppp3/Bp4pp/5p1Q/4P2P/8/PPPP1PP1/RNB1K1NR w KQkq - 0 6,0
1nbqkbnr/rppppp1p/7p/p7/3P2P1/8/PPP1PP1P/RN1QKBNR w KQk - 1 4,1
rnbqkbnr/ppp1p1pp/8/3p1p2/8/N1P4N/PP1PPPPP/R1BQKB1R b KQkq - 1 3,0
r1bqkbnr/ppp1p1pp/3p4/n1P2p2/3P1B2/3Q4/PP2PPPP/RN2KBNR b KQkq - 0 5,0
rn1qkbnr/p1ppp1pp/5p2/1p1b4/3P4/1P3P2/P1P1PKPP/RNBQ1BNR w kq - 1 5,1
r1bqkb1r/p1pppppp/1pn4n/8/2P1P3/5N2/PP1P1PPP/RNBQKB1R w KQkq - 2 4,1
rnbqk1nr/pp1pbpp1/8/2p1p2p/2P5/3P3N/PP1QPPPP/RNB1KB1R w KQkq - 2 5,0
rnbqkbnr/pp2pppp/2p5/3p4/2N3P1/8/PPPPPP1P/R1BQKBNR b KQkq - 1 3,1
r1bqkb1r/pppp1ppp/2n5/P3pn2/8/1P1P4/2P1PPPP/RNBQKBNR w KQkq - 1 5,0
r1bqkbnr/1pp1p1pp/2n2p2/p7/2PpP1P1/N6B/PP1P1P1P/R1BQK1NR w KQkq - 0 6,1
rnbqkbnr/p1pp2p1/1p2pp2/7p/8/N2P4/PPP1PPPP/R1BQKBNR w KQkq - 0 5,0
1rbqkbnr/pB1pp1p1/7p/2p5/4Pp2/N7/PPPP1PPP/R1BQK1NR w KQk - 0 7,0
rnb1kbnr/pp1pp1pp/1q3p2/2p3B1/1P1P4/P5P1/R1P1PP1P/1N1QKBNR b Kkq - 2 6,1
rnbqk2r/pppp1ppp/4pn2/8/1bP5/3P1P2/PP2P1PP/RNBQKBNR w KQkq - 1 4,1
rn1qkbnr/pb1ppp1p/2p3p1/1B6/4PP2/8/PPPPK1PP/RNBQ2NR b kq - 2 5,1
rnbqkbnr/ppp1pp2/6p1/7p/1P1pP2P/5N2/P1PP1PP1/RNBQKB1R w KQkq - 0 5,0
1nbqkbnr/rpp1pppp/p2p4/6B1/8/3P4/PPPQPPPP/RN2KBNR b KQk - 3 4,0
rnbqkbnr/p1pp1p1p/8/1p2p1p1/4P1P1/1P6/P1PP1P1P/RNBQKBNR w KQkq - 0 4,1
rnbqkb1r/pppppp1p/5n2/6p1/2PP1B2/8/PP2PPPP/RN1QKBNR b KQkq - 2 3,1
rnbqkbnr/1pp1pp1p/6p1/8/1pp1P3/5P2/PP1P2PP/RNB1KBNR b KQkq - 0 6,1
rnbqkb1r/ppp1ppp1/7n/3p3p/6PP/1PP5/P2PPP2/RNBQKBNR b KQkq - 0 4,1
r1bqkbnr/1pp1p1p1/2np1p2/p2P3p/6P1/1P3N2/P1P1PP1P/RNBQKBR1 b Qkq - 0 6,0
rnbqkbnr/pp2pppp/3p4/2p5/6P1/P4N2/1PPPPP1P/RNBQKB1R b KQkq - 1 3,1
rnbqk2r/ppppppbp/5n2/6p1/5P2/7P/PPPPPKP1/RNBQ1BNR w kq - 3 4,1
rnbqkb1r/pppp1p1p/4p2n/6p1/1Q6/4P3/PPPP1PPP/RNB1KBNR w KQkq - 0 4,0
rnbqkb1r/p2ppppp/1p3n2/8/2p2P2/7P/PPPPP1PR/RNBQKBN1 b Qkq - 1 5,1
rnbqkbnr/ppp1p1pp/3p4/5p2/2P5/4P3/PPQP1PPP/RNB1KBNR b KQkq - 0 3,0
rnbq1bnr/p3kppQ/1p6/2ppp3/P1P1P3/8/1P1P1PPP/RNB1KBNR b KQ - 0 6,1
rnbqkb1r/ppppppp1/5n1p/8/2P5/5N1P/PP1PPPP1/RNBQKB1R b KQkq - 2 3,0
rnbqkb1r/3pn1pp/1p3p2/p1p1p3/Q1P1P3/5N2/PPBP1PPP/RNB1K2R w KQkq - 0 7,0
rnbqkbnr/1pp1pp1p/6p1/p2p4/7P/P5P1/1PPPPP2/RNBQKBNR w KQkq - 0 4,0
rnbqkb1r/p1p1pppp/1p1p1n2/8/1P2P3/2N5/P1PP1PPP/R1BQKBNR w KQkq - 0 4,0
rnq1kbnr/N1pppppp/bp6/8/8/8/PPPPPPPP/R1BQKBNR w KQkq - 1 4,1
r1bqkbnr/pppp1ppp/2n5/4p3/2P5/1PN5/P2PPPPP/R1BQKBNR b KQkq - 1 3,0
rnbqkb1r/pp1ppppp/5n2/2p5/8/P3PN1P/1PPP1PP1/RNBQKB1R b KQkq - 0 4,0
r1bqkb1r/p1pp2p1/1pn1pn2/5p1p/P7/BP1PP1P1/2P2P1P/RN1QKBNR w KQkq - 0 7,0
rnbqkbnr/3pppp1/1p5p/p1p5/3P4/P1N4P/1PP1PPP1/R1BQKBNR w KQkq - 0 5,1
rnbq1b1r/ppppkppp/4p2n/1Q6/8/2P5/PP1PPPPP/RNBK1BNR b - - 3 4,0
r1bqkbnr/p1ppppp1/1pn5/7p/6P1/7N/PPPPPPBP/RNBQK2R w KQkq - 0 4,0
rnbqkb1r/1ppppppp/p7/8/4n3/4P3/PPPPNPPP/RNBQKB1R b KQkq - 4 4,0
r1bqkbnr/1ppp1ppp/p3p3/5P2/8/8/PBQPP1PP/RN2KBNR b KQkq - 0 6,1
rn1qkbnr/p2ppppp/bpp5/8/3P1P2/2N1B3/PPP1P1PP/R2QKBNR b KQkq - 2 4,0
rnbqkbnr/pp2pppp/2p5/3p4/3P4/2N5/PPP1PPPP/1RBQKBNR b Kkq - 0 3,0
rnbqkbnr/p2pp3/2p3p1/1p3p2/1P2P1p1/2N4N/P1PP1P1P/R1BQKB1R w KQkq - 0 7,0
rnbqkb1r/pppp1n1p/5p2/4p1p1/2P4P/5N1R/PP1PPPP1/RNBQKB2 w Qkq - 4 6,0
rnb1kbnr/pp1pp2p/1qp3p1/8/1PP1PpP1/3B4/P2P1P1P/RNBQK1NR w KQkq - 2 6,1
rnbqkbnr/pp1p1p1p/2p5/4p1p1/P7/3PB3/1PP1PPPP/RN1QKBNR w KQkq - 0 5,0
r1bqkbnr/pp4pp/n7/2pppp2/6Q1/1P2P2P/PBPP1PP1/RN2KBNR b KQkq - 0 6,1
r1bqk1nr/pppppp2/n6p/4b3/6PP/8/PPPPPKP1/RNB1QBNR w kq - 3 7,0
rnbqkb1r/pp2pppp/3p3n/2p5/7P/3P4/PPPBPPP1/RN1QKBNR w KQkq - 2 4,0
r1bqkbnr/ppp1pppp/2n5/3p4/P4P2/4P1P1/1PPP2BP/RNBQK1NR b KQkq - 2 5,0
r1bqkbr1/pp1ppp1p/n1p2n2/6p1/QPP2P2/7P/P2PP1P1/RNB1KBNR b KQq - 0 6,1
rnbqkbnr/p2ppp2/1p6/2p3pp/4P3/N6N/PPPP1PPP/R1BQKB1R b KQkq - 0 5,0
r1bqkbr1/ppppp1pp/n6n/5p2/2P3P1/3P1P1N/PP2P2P/RNBQKB1R b KQq - 0 5,0
rnb1kb1r/pp1p1ppp/5q2/2p1p3/P5n1/1P3P2/1BPPPKPP/RN1Q1BNR w kq - 3 6,1
rnbqkbnr/1p1pppp1/2p5/p6p/4P3/3P4/PPP2PPP/RNBQKBNR b KQkq - 0 4,0
r1bqk1nr/p1ppp1bp/np6/5pp1/5P2/1P1P2PP/P1P1P3/RNBQKBNR w KQkq - 1 6,0
rn1qkbnr/pp2pppp/8/2pb4/8/4P3/PPPPQP1P/R1B1KBNR w KQkq - 0 6,1
rnbqkb1r/p1p1pppp/1p1p1n2/8/7P/3PP1P1/PPP2P2/RNBQKBNR b KQkq - 0 4,0
r1bqkbr1/ppppppp1/n7/5n1p/1P3P2/B5PN/P1PPPK1P/RN1Q1B1R b q - 1 6,0
r1bqkbnr/1ppppp1p/p1n3p1/8/P3P2P/8/1PPP1PP1/RNBQKBNR w KQkq - 1 4,0
rnbqkbnr/p1p2pp1/1p1p4/4p2p/6P1/3P1P1N/PPPQP2P/RNB1KB1R b KQkq - 1 5,1
rn1qkbnr/p1ppp1pp/b7/1p3p1N/1P4P1/8/P1PPPP1P/RNBQKB1R b KQkq - 3 6,0
rnbqk1nr/p1ppppb1/1p6/6pp/2NP4/4PP2/PPP3PP/R1BQKBNR b KQkq - 0 5,0
rnbqkbnr/pp1p1p1p/4p3/2p3p1/1P1B4/7N/P1PPPPPP/RN1QKB1R b KQkq - 1 4,1
rnbqkb1r/pppppppp/8/8/5Pn1/1P5P/P1PPP1P1/RNBQKBNR b KQkq - 0 3,0
rnbqkbnr/pppppp2/6pp/8/8/1PP4P/P2PPPP1/RNBQKBNR b KQkq - 0 3,0
rnbqkbnr/2ppppp1/B7/pp5p/4P3/N7/PPPP1PPP/R1BQK1NR w KQkq - 0 4,1
r1bqkbnr/ppp1p1pp/n2p4/5p2/7P/P2P4/1PPNPPP1/R1BQKBNR b KQkq - 1 4,0
rnbqkbnr/p1pp1p1p/8/4p1p1/2p5/2N3P1/PP1PPP1P/1RBQKBNR w Kkq - 0 5,1
rnbqkb1r/pppppp1p/5n2/6p1/2P5/4P2N/PP1P1PPP/RNBQKB1R b KQkq - 0 3,0
rnbqkbnr/p1p1pppp/1p6/3p4/8/1P1PB2P/P1P1PPP1/RN1QKBNR w KQkq - 2 5,0
r1bqk1nr/ppppppbp/n7/6p1/2P2P2/5N1P/PP1PP1P1/RNBQKB1R b KQkq - 2 4,0
rnbqkbnr/2p1p1pp/pp3p2/3p1Q2/8/2N1P3/PPPP1PPP/R1B1KBNR w KQkq - 0 5,1
rnb1kb1r/p1p1pppp/2q4n/1p1p4/1PP2N2/3P4/P2QPPPP/RNB1KB1R b KQkq - 2 6,0
rnbqkb1r/2pp1p1p/1p3np1/p3p3/P6P/1PN3P1/R1PPPP2/2BQKBNR b Kkq - 0 6,1
r1bqkbnr/1ppp1ppp/p1n5/4p3/P2P4/7P/1PP1PPP1/RNBQKBNR w KQkq - 1 4,0
rnbqkbnr/p1p1pppp/3p4/1p6/8/1P4PP/P1PPPP2/RNBQKBNR b KQkq - 0 3,0
rnbqkbnr/p1p1pp1p/6p1/1p1p4/4N3/7P/PPPPPPP1/R1BQKBNR w KQkq - 0 4,0
rnbqkbnr/pp1ppp1p/2p3p1/8/3N1P2/1P6/P1PPP1PP/RNBQKB1R w KQkq - 0 5,0
r1b1kbnr/ppp2pp1/3qp2p/3p4/2Pn2P1/P7/1P1PPP1P/RNBQKBNR w KQkq - 1 7,0
r1bqkbnr/2pppppp/p1n5/1N6/2P5/7P/PP1PPPP1/R1BQKBNR b KQkq - 0 4,1
rnbqkbnr/p2p1p1p/4p3/1Pp3p1/3P4/N6P/1PP1PPP1/R1BQKBNR b KQkq - 1 5,1
rnbqkbnr/pppp2p1/4pp1p/8/PP6/2P5/R2PPPPP/1NBQKBNR b Kkq - 1 4,0
rn1qkbnr/ppp1pppp/8/8/P2p4/2P4b/1P1PPPP1/RNBQKBNR w KQkq - 0 4,1
r1bqk1nr/pppp2pp/n3p3/2b2p2/P1P2P2/R7/1P1PP1PP/1NBQKBNR w Kkq - 0 5,0
rnbqkb1r/ppppp1pp/5p2/8/6n1/1P6/P1PPPPPP/RNBQKBNR w KQkq - 0 4,1
rnbqkbnr/1p2pppp/p1pp4/8/8/1PN3P1/PBPPPP1P/R2QKBNR b KQkq - 1 4,0
r1bqkbr1/pppppppp/2n4n/8/P4P2/1P6/2PPP1PP/RNBQKBNR w KQq - 1 4,0
rn1qkbn1/pbppppp1/7r/1p6/PP3P1p/8/2PPPKPP/RNBQ1BNR w q - 2 7,0
rnbqkb1r/pp3ppp/3p1n2/2p1p3/3P4/PQ5N/1PP1PPPP/RNB1KB1R b KQkq - 1 5,1
rnbqkb1r/p1pp1pp1/8/1p2p2p/1P6/2nPPB2/P1PQ1PPP/RNB1K1NR w KQkq - 0 7,1
r1bqkbnr/2pp1pp1/1p2p2p/p7/2Pn4/4Q3/PP1PPPPP/RNB1KBNR w KQkq - 0 7,1
rnbqkb1r/pp1pnppp/8/2p5/2P1pPP1/5N1P/PP1PP3/RNBQKB1R b KQkq - 0 5,1
rnbqkbnr/2pppp1p/1p6/P5p1/6PP/2P5/P2PPP2/RNBQKBNR w KQkq - 0 6,1
rnbqkb1r/pp1ppp1p/5np1/2p5/4P3/2P4P/PP1P1PP1/RNBQKBNR w KQkq - 0 4,0
1nbqkbnr/1Qp3pp/3p4/p3pp2/4PP2/8/PPPP2PP/RNB1KBNR w KQk - 0 6,1
r1bqkbnr/2p1ppp1/B1n5/pp1p3p/1PP1P3/P7/3P1PPP/RNBQK1NR b KQkq - 0 6,1
rnbqkb1r/1ppppppp/7n/p7/P1P5/N6N/1P1PPPPP/R1BQKB1R w KQkq - 0 5,0
rnbqk2r/1pppnppp/p3p3/7Q/N7/4P3/PPPb1PPP/R1BK1BNR w kq - 0 6,1
rnbqkbnr/1ppppp1p/8/p5p1/P6P/8/1PPPPPPR/RNBQKBN1 b Qkq - 1 3,0
rnbqkb1r/pp1ppppp/5n2/2p5/8/Q1P5/PP1PPPPP/RNB1KBNR w KQkq - 6 5,0
rnbqkb1r/ppppppp1/8/6Bn/7p/P2P4/1PP1PPPP/RN1QKBNR b KQkq - 2 5,0
1nbqkbnr/2pppppp/r7/pp6/1P1P4/N4N2/P1PQPPPP/R1B1KB1R w KQk - 5 7,0
rnbqkbnr/ppp2pp1/4p2p/3p4/P6P/5PP1/2PPP3/RNBQKBNR w KQkq - 0 7,1
rnbqkbnr/pppppp2/6p1/7p/2P5/N7/PP1PPPPP/1RBQKBNR b Kkq - 1 3,0
rnbqkbnr/p2pp1pp/1p3p2/2p5/1P4P1/P4P2/2PPP2P/RNBQKBNR w KQkq - 0 5,0
r1bqkbnr/ppp1p1pp/2n5/3p1p2/8/1P6/P1PPPPPP/RNBQKBNR w KQkq - 0 4,0
rnbqk1nr/p1pp1p2/1p2pbp1/1B5p/4P1Q1/P6P/1PPP1PP1/RNB1K1NR w KQkq - 4 7,0
rnb1kbnr/p1p2ppp/3p2q1/1p2p3/P2P4/2P5/1PQ1PPPP/RNB1KBNR b KQkq - 1 6,1
rn2kbnr/p1pqpp1p/1p4p1/3p2N1/1P4b1/P1P3P1/3PPP1P/RNBQKB1R b KQkq - 0 6,0
rnbqk2r/pppp2pp/5p1n/4p3/1b4PP/4PP2/PPPP4/RNBQKBNR w KQkq - 1 5,0
rnb1qbnr/p1pppk2/6pp/1p6/4PP2/1P6/P1PPK1PP/RNBQ2NR b - - 0 6,1
rnbqkbnr/1ppppp2/6pp/p7/8/N3P3/PPPP1PPP/R1BQKBNR b KQkq - 1 4,0
r1bqkbnr/ppppppp1/2n4p/8/1P6/P1P5/3PPPPP/RNBQKBNR b KQkq - 0 3,0
r2qkb1r/pppbpppp/2n4n/3pN1P1/8/1PN5/P1PPPP1P/R1BQKB1R b KQkq - 0 6,1
r1bqkbnr/pppp1p2/4p2p/n5p1/2P2B1P/3P4/PP2PPPR/RN1QKBN1 w Qkq - 2 6,1
rnbqkb1r/p1ppppp1/5n2/1p5p/2P5/NP6/P2PPPPP/R1BQKBNR w KQkq - 0 4,1
rnbqkb1r/ppppppp1/8/5n1p/P7/2N3P1/1PPPPPBP/R1BQK1NR b KQkq - 1 4,0
rnbqkb1r/p1ppppp1/5n2/1p5p/7P/6R1/PPPPPPP1/RNBQKBN1 w Qkq - 0 4,0
rnb1kbnr/1ppq3p/4ppp1/p2p4/1P6/P3P2N/2PP1PPP/RNBQKB1R w Kkq - 1 7,0
r1bqkb1r/ppppp1pp/n4p1n/8/P1PN4/8/1P1PPPPP/RNBQKB1R b KQkq - 0 4,0
rn1qkbnr/pp2pppb/2p5/3p3p/7P/1P2PP1N/P1PP2P1/RNBQKB1R w KQkq - 0 6,0
r1bqkb1r/1ppppppp/2n4n/p7/8/P4P2/RPPPP1PP/1NBQKBNR w Kkq - 1 4,0
r1bqkbnr/1ppp2p1/p3p2p/n4p2/4B3/P1P3PP/1P1PPP2/RNBQK1NR w KQkq - 0 7,0
rnb1k1nr/1pqp1ppp/4p3/p1p3PB/4P3/5Nb1/PPPP1P1P/RNBQK2R w KQkq - 2 7,1
rnbqk2r/ppp1ppbp/3p3n/8/5Pp1/N2P3P/PPP1P1PR/R1BQKBN1 w Qkq - 1 6,0
rnbqkbnr/pppp1N2/4p3/8/7p/3P2P1/PPP1PP1P/RNBQKB1R w KQkq - 0 6,1
rnbqkbnr/ppppp3/7p/1P3pp1/1B6/8/P1PPPPPP/RN1QKBNR b KQkq - 1 4,0
r1bqkbnr/ppppp1pp/n4p2/8/P7/3P3N/1PP1PPPP/RNBQKB1R b KQkq - 0 3,0
r2qkbnr/p1pppppp/b1n5/1p6/6PP/2P2P2/PP1PP3/RNBQKBNR b KQkq - 0 4,0
rnbqkbnr/p1pp1ppp/1p2p3/8/2B4P/4PPP1/PPPP4/RNBQK1NR b KQkq - 0 5,1
rnbqkbnr/ppppp2p/6p1/8/5p2/2N3PP/PPPPPP2/1RBQKBNR b Kkq - 1 4,0
r1bqkbnr/p2ppp1p/np6/2p3p1/3P3P/3Q1P2/PPP1P1P1/RNB1KBNR w KQkq - 0 5,1
rnbqkbnr/1pp1p1pp/8/p2p1p2/2PP4/1P4P1/P3PP1P/RNBQKBNR b KQkq - 0 5,0
r1bqkb1r/pppp1ppp/n4n2/4p3/8/2PP1N1P/PP2PPP1/RNBQKB1R b KQkq - 0 4,0
rnbqkbnr/pp1pppp1/8/2p4p/8/N4P2/PPPPPKPP/R1BQ1BNR b kq - 1 3,1
rnbqkbnr/1ppp2pp/8/p3pp2/4PN2/8/PPPP1PPP/RNBQKB1R w KQkq - 0 4,1
rnb1kbnr/pp2ppp1/1q5p/3p4/1pP2P2/6P1/PB1PP2P/RN1QKBNR w KQkq - 2 6,0
rnbqkb1r/pppp1pp1/5n2/4p2p/4P1P1/3B4/PPPP1P1P/RNBQK1NR w KQkq - 0 4,0
rnb1kbnr/1pqppp1p/2p5/p5p1/2P5/4PK2/PP1P1PPP/RNBQ1BNR w kq - 2 5,0
rnbqkbnr/pppp1pp1/4p1N1/8/7p/N7/PPPPPPPP/R1BQKB1R b KQkq - 1 4,1
rnbqkbnr/p1pppppp/1p6/8/2P4N/8/PP1PPPPP/RNBQKB1R w KQkq - 1 4,0
rnbqkbnr/p3p1pp/1pp5/3p1p2/5B2/1P5P/P1PPPPP1/RN1QKBNR b KQkq - 1 5,0
rnbqkbnr/pp2pp1p/2p5/1B1p2p1/4P3/8/PPPPKPPP/RNB2QNR w kq - 0 5,1
r1bqkbnr/pppppp2/7p/1P4B1/P7/3P4/n1P1PPPP/RN1QKBNR b KQkq - 0 6,0
rnbqkbnr/p1pp1pp1/4p2p/8/1p2P2P/P2P4/1PP2PP1/RNBQKBNR b KQkq - 0 5,0
rnbqkb1r/ppp1pppp/3p3n/8/2P5/5N2/PP1PPPPP/RNBQKBR1 b Qkq - 2 3,0
rnbqkbnr/1p1p1ppp/p3p3/8/1Pp3PP/7N/P1PPPP2/RNBQKBR1 b Qkq - 0 5,1
r1bqkb1r/1pp2Qpp/2np1n2/p3p3/8/4P2P/PPPP1PP1/RNB1KBNR b KQkq - 0 6,1
rnbqkbnr/Npppp1p1/8/5p1p/P7/1P5P/2PPPPP1/R1BQKBNR w KQq - 0 7,1
rnbqkbnr/p3p3/1p4pp/2pp1p2/P2P1P2/3QP3/1PP3PP/RNB1KBNR w KQkq - 0 7,0
r1bqkbnr/1p1ppp1p/p1n3p1/2p5/4P3/2P3P1/PPNP1P1P/R1BQKBNR b KQkq - 1 5,0
rn1qkbnr/p1ppp3/bp4p1/3N1pPp/4P3/8/PPPP1P1P/R1BQKBNR w KQkq f6 0 6,1
r1bqkb1r/pppp1pp1/n4n1p/4p3/1P1PP1P1/8/P1P2P1P/RNBQKBNR w KQkq - 0 5,0
rnbqkbnr/p1ppp1pp/8/1p3p2/1P5P/2P5/P2PPPP1/RNBQKBNR b KQkq - 0 3,0
rnbqkb1r/1ppppppp/5n2/p7/Q4P2/2P5/PP1PP1PP/RNB1KBNR b KQkq - 1 3,0
rnbqkbnr/1pppppp1/p6p/1N6/1P6/8/PBPPPPPP/R2QKBNR w KQkq - 4 5,0
rnbq1bnr/pppkp1pp/5p2/3p4/6PP/4PQ2/PPPP1P2/RNB1KBNR w KQ - 1 5,1
1nb1kbnr/rpqppppp/p1p5/8/3P1P2/1P5N/P1PQP1PP/RNB1KB1R b KQk - 2 5,0
r1bqkbnr/1ppp1ppp/2n1p3/p7/2PP4/1P6/PB2PPPP/RN1QKBNR b KQkq - 1 4,0
r1bqkbnr/pp1n1ppp/8/2ppp3/8/1P3PP1/P1PPP1BP/RNBQK1NR w KQkq - 1 5,0
r1bqkbnr/pppp1ppp/2n1p3/8/8/1P2PN2/P1PP1PPP/RNBQKB1R b KQkq - 0 3,0
rnbq1br1/p1pkpppp/3p1n2/1p6/7P/2N1P3/PPPP1PP1/R1BQKBNR w KQ - 2 6,1
rnbqk1nr/ppp2ppp/3p4/2b1p3/2P4P/8/1PQPPPP1/RNB1KBNR b KQkq - 0 5,1
rnbqkbnr/1ppppppp/8/p7/2P5/N6P/PP1PPPP1/R1BQKBNR b KQkq - 1 3,0
rnbqkbn1/p1pp2pr/1p2pp1p/8/PP4P1/5P1B/2PPP2P/RNBQK1NR b KQq - 0 6,1
rnbqkb1r/p1pppppp/5n2/1N6/P7/8/1PPPPPPP/R1BQKBNR b KQkq - 0 3,0
rnbqkbnr/ppp2p2/3pp3/1P4pp/6P1/2N5/P1PPPPBP/R1BQK1NR b KQkq - 1 5,1
rnbqkbnr/pppp2pp/8/4p3/2PP1Pp1/8/PP2P2P/RNBQKBNR b KQkq f3 0 4,1
1nbqkb1r/rppppp1p/6pn/6N1/p7/3P2PP/PPP1PP2/RNBQKB1R w KQk - 1 6,0
r1bqkbnr/1ppnp2p/3p1p2/p4Qp1/8/2P4N/PP1PPPPP/RNB1KB1R w KQkq - 2 6,0
rnb1kbnr/p2ppppp/1q6/1pp5/4P3/2N3P1/PPPP1P1P/R1BQKBNR w KQkq - 1 4,1
rnb1k1nr/pppp1ppp/7q/4p3/6P1/b1NP4/RPP1PP1P/2BQKBNR b Kkq - 0 5,0
r1b1kbnr/ppqppppp/2n5/2p5/2N5/2P5/PP1PPPPP/R1BQKBNR w KQkq - 3 4,0
rnbqkbnr/ppp1pp1p/8/8/1P1p2p1/P1N2N2/2PPPPPP/R1BQKB1R w KQkq - 0 5,1
1nbqkbnr/rpppp2p/6p1/p4p2/6PP/P4P2/1PPPP3/RNBQKBNR b KQk - 0 5,0
2bqkbnr/rpppppp1/n6p/p4P2/P5P1/3P4/1PP1P2P/RNBQKBNR b KQk - 0 6,0
rnbqkb1r/pppp1ppp/7n/4p3/8/2N5/PPPPPPPP/R1BQKBNR b KQkq - 1 3,0
rnbqkb1r/p2p1ppp/1p6/2p1p3/1nN3P1/1PP4N/P2PPP1P/R1BQKB1R w KQkq - 0 7,1
rnbqkb1r/pp1p1npp/2p1pp2/8/2P4P/1Q1BP1P1/PP1P1P2/RNB1K1NR b KQkq - 1 6,0
rnbqkbr1/1pppp1pp/p7/5pP1/1P4n1/2N4B/P1PPPP1P/R1BQK1NR w KQq - 0 6,1
rn2kbnr/pppqpp2/7p/3p2p1/3PP1b1/8/PPPKNPPP/R1BQ1BNR b kq - 1 6,1
rnbqkbnr/p2ppp2/1p6/2p3p1/Q1P2P1p/3PP3/PP2B1PP/RNB1K1NR w KQkq - 0 7,1
rnbqkbnr/1pp2ppp/B2pp3/8/p4P2/2P1P3/PP1P2PP/RNBQK1NR w KQkq - 0 5,0
rnbqkbnr/1p1pppp1/7p/p1p5/2P5/7P/PP1PPPPN/RNBQKB1R b KQkq - 1 4,0
rnbqkbn1/3pppp1/1pp4r/2P4p/p2PP3/1P3N2/P4PPP/RNBQKB1R w KQq - 0 7,1
r1bqkbnr/pppp2pp/4n3/1Q2pp2/4P2P/1P4P1/P1PP1P2/RNB1KBNR w KQkq - 0 7,1
rnbqkbnr/2pppp2/p5p1/7p/1p3BP1/P2P4/1PP1PPBP/RN1QK1NR w KQkq - 0 7,1
rnbqkbnr/1pp1pppp/8/p2p4/PPPP2P1/8/4PP1P/RNBQKBNR b KQkq - 0 5,1
rnbqkbnr/pp2pppp/8/1Npp4/7P/8/PPPPPPP1/R1BQKBNR b KQkq - 1 3,1
rnbqkb1r/ppp1ppp1/3p1n1p/8/3P1B2/P7/1PP1PPPP/RN1QKBNR b KQkq - 1 4,0
rnb1kb1r/ppp1qppp/3p3n/4p3/5PPP/3PB3/PPP1P3/RN1QKBNR b KQkq - 0 5,1
r1bqkbnr/p1pppppp/n7/1p6/6P1/P2P4/1PP1PP1P/RNBQKBNR b KQkq - 0 3,0
r2qkbnr/ppp1pppp/2np4/3N4/8/PP5b/2PPPPPP/R1BQKBNR b KQkq - 2 4,0
rnbqk1nr/pppp3p/5p1b/4p1p1/8/2PPBN2/PP2PPPP/RNQ1KB1R b KQkq - 1 5,0
rnb1kbnr/pp1p1p1p/4p1p1/P1p5/7q/N3P3/RPPP1PPP/2BQKBNR b Kkq - 0 6,0
rn1qkbnr/2p1ppp1/p2p3p/1p4N1/3P1Pb1/NP6/P1P1P1PP/R1BQKB1R b KQkq - 0 6,1
rnbqk1nr/p1ppp1b1/1p4p1/5p1p/2P3P1/1Q1P1P2/PP2P2P/RNB1KBNR w KQkq - 1 6,0
rn1qkbnr/1pp2p1p/3p2p1/p3p3/b2P4/2P1P1P1/PP3P1P/RNBQKBNR w KQkq - 0 7,1
r2qkbnr/pp1npppp/8/2pp4/5P2/1P5b/P1PPP1PP/RNBQKBR1 b Qkq - 0 5,1
rnbqkbnr/pp2pppp/2p5/3p4/4P3/6N1/PPPP1PPP/RNBQKB1R b KQkq - 1 3,0
rnbqk1nr/pppp1p1p/3bp3/1P4p1/3B4/8/P1PPPPPP/RN1QKBNR b KQkq - 3 4,0
rnbqkbnr/p1ppp3/8/1p3ppp/1P2P3/7P/P1PPNPP1/RNBQKB1R w KQkq - 0 5,1
rnb1kbnr/1pp1ppp1/p7/3p3p/1P6/N5PP/PBPPNP2/R2QKB1R w KQkq - 0 7,1
1rbqkbnr/pp2p1pp/n2p4/2p2p2/1P5P/2B5/P1PPPPP1/RNQ1KBNR w KQk - 0 7,0
rnbqkbnr/pppp2pp/5p2/4p3/P4P2/8/1PPPPKPP/RNBQ1BNR b kq - 1 3,1
rnbqkb1r/1ppp1ppp/p6n/4p3/P4P2/N4N2/1PPPP1PP/R1BQKB1R b KQkq - 3 4,1
rnq1kbnr/1pp1pppp/p2p4/6P1/5P2/P1N4b/1PPPP2P/R1BQKBNR w KQkq - 1 6,1
1nbqk1nr/1ppp1pp1/r3p3/p1b4p/4P2P/4QP2/PPPP2P1/RNB1KBNR w KQk - 2 6,1
r1bqkbnr/pp1pp3/n1p2ppp/8/4P2P/P5P1/1PPP1PB1/RNBQ1KNR b kq - 0 6,0
rnbqkb1r/pp2pppp/2p2n2/3p4/8/1PP5/P1QPPPPP/RNB1KBNR w KQkq - 0 4,0
rn1qkbnr/1pp1pp1p/6p1/p2p4/3P4/P3B2N/1PPNbPPP/R2QKB1R w KQkq - 0 6,1
rnbqkbnr/ppppp3/5p2/5Ppp/P6P/8/1PPPP1P1/RNBQKBNR b KQkq - 0 4,0
rnbqkbnr/1pppp2p/6p1/p4p2/1P4P1/3P4/P1PQPP1P/RNB1KBNR b KQkq - 0 4,1
rnb1kb1r/ppp2ppp/3pp2n/8/3P2q1/2N1P3/PPPQ1P1P/R1B1KBNR w KQkq - 0 6,0
r2qkbn1/Nppbppp1/2np3r/7p/P1P5/7N/1P1PPPPP/R1BQKB1R b KQq - 0 6,1
rnbqkb2/ppppnpp1/r7/4p2p/4Q2P/P2PP3/1PP2PP1/RNB1KBNR b KQq - 0 6,0
rnbqkbnr/p1ppp1pp/5p2/8/Pp6/7N/1PPPPPPP/RNBQKB1R b KQkq a3 0 4,0
r1bqkbnr/ppppppp1/n7/1N5p/8/5N2/PPPPPPPP/R1BQKB1R b KQkq - 1 3,0
rnbqk1nr/1ppp1pp1/p3p3/7p/8/P1bP3N/1PPNPPPP/1RBQKB1R w Kkq - 0 6,1
rnbqkbr1/pp1pp2p/5pp1/2p5/3PP1n1/P4B2/1PP2P1P/RNBQK1NR w KQq - 0 7,1
rnbqkbnr/p1pp1ppp/1p2p3/8/1PP5/P7/3PPPPP/RNBQKBNR b KQkq - 0 3,0
rn1qkbnr/p1ppp1p1/bp3pp1/8/8/P1P2P2/1P1PP1PP/RNB1KBNR b KQkq - 0 5,1
rnbqkb1r/pp1ppppp/2p2n2/8/8/3P1N1P/PPP1PPP1/RNBQKB1R b KQkq - 0 3,0
r1bqkbnr/p1pp1p2/n3p2p/1p4p1/1P5P/3P4/P1P1PPP1/RNBQKBNR b Qkq - 0 6,0
r1bqkbnr/p1p1pppp/n2p4/1p6/6P1/5P2/PPPPP1BP/RNBQK1NR w KQkq - 2 4,0
rn1q1bnr/1pp1pppp/p1kp4/5b2/1PP5/N2PP3/P4PPP/R1BQKBNR w KQ - 1 6,1
rnbqkb1r/1p1ppp1p/5n2/p1p3p1/6P1/P4P2/1PPPP2P/RNBQKBNR w KQkq - 0 7,0
rnbqkb1r/p1p1pppp/1p3n2/3p4/1P4PP/2N2N2/P1PPPP2/R1BQKB1R w KQkq - 1 6,0
r1bqkbnr/p1pppppp/8/1p2N3/1n6/6P1/PPPPPP1P/R1BQKBNR b KQkq - 2 4,0
rnbqkbnr/pp1pp1pp/5p2/8/2pP4/2N5/PPPQPPPP/R1B1KBNR w KQkq - 0 4,1
rnbqkb1r/pp1p1Qpp/2p4n/4p3/8/2P4N/PP1PPPPP/RNB1KB1R b KQkq - 0 4,1
r1bqkbnr/p1ppppp1/1pn5/7p/7P/2NP3N/PPP1PPP1/R1BQKB1R b KQkq - 3 4,0
rnb1kbnr/pp1ppp1p/6p1/2p3P1/5P2/2N4P/RPPPP3/2BQKBNR b Kkq - 0 6,1
rnbqkbnr/1ppp1ppp/p7/8/3Pp2P/2N5/PPP1PPP1/R1BQKBNR w KQkq - 0 4,1
rnbqkbnr/2ppppp1/1p6/p6p/4P3/1PP5/P2P1PPP/RNBQKBNR w KQkq - 0 4,1
rnbqkb1r/1p1ppppp/2p2n2/p7/8/NP4P1/P1PPPP1P/R1BQKBNR w KQkq - 0 4,0
rnb1kbnr/1pqpp2p/p1p2p2/5Pp1/3P2P1/P6N/1PP1P2P/RNBQKB1R w KQkq - 1 7,1
r1bqkb1r/pppnppp1/5n2/3p3p/4PPP1/N7/PPPP3P/R1BQKBNR w KQkq - 1 5,1
r1bqkb1r/pp1pppp1/5n1p/1np5/P7/2PPP2P/RP3PP1/1NBQKBNR w Kkq - 0 7,1
rnb1kbnr/ppq1ppp1/2pp4/7p/1P2P3/5P1N/P1PPK1PP/RNBQ1B1R b kq - 0 5,1
rnbqk1nr/1ppppp1p/p5pb/2P5/3P4/6P1/PP2PP1P/RNBQKBNR b KQkq - 0 4,0
1nbqkbnr/rpppp1p1/p4p1p/8/QP6/2P5/P2PPPPP/RNB1KBNR b KQk - 3 5,0
rnb1kb1r/1ppqp1pp/p6n/3p1p2/4N3/P4P1P/1PPPPKP1/R1BQ1BNR b kq - 3 6,1
rnbqkbr1/1p1pp1pp/2p2p1n/p3N3/5PP1/8/PPPPP1BP/RNBQK1R1 b Qq - 1 6,1
rnb1kbnr/1Qpp1ppp/p7/4p1q1/2P5/7N/PP1PPPPP/RNB1KB1R b KQkq - 0 4,0
rnbqkbnr/p1pp1ppp/8/1p2p3/6P1/3P1N2/PPP1PP1P/RNBQKB1R b KQkq - 1 3,0
rnbq1bnr/p1pppkpp/1p6/5p2/1P1N4/3P4/P1P1PPPP/RNBQKB1R b KQ - 0 4,0
rnbqkbnr/p2p1ppp/1p2p3/2p5/4P3/1P5P/P1PP1PP1/RNBQKBNR w KQkq - 0 4,0
1rbqkbnr/pppp1ppp/2n1p3/8/2P4P/6P1/PP1PPP2/RNBQKBNR w KQk - 1 4,0
rnb2rk1/pppp1ppp/7n/1Bb1p1q1/4P3/7P/PPPP1PPN/RNBQK2R b KQ - 6 6,1
1rbqkbn1/pppppppr/2n4p/5Q2/2P5/1P3N2/P2PPPPP/RNB1KB1R w KQ - 6 7,1
r1bq1bnr/pppppkpp/8/4np2/2P1P3/5N1P/PP1PQPP1/RNB1KB1R b KQ - 0 5,1
1nbqkb1r/rppppp1p/7n/pB4p1/1P6/N3P3/P1PP1PPP/1RBQK1NR w Kk - 0 6,1
rnb1kbnr/p1pp1pp1/5q2/1p1Pp2p/Q3P3/2P5/PP3PPP/RNB1KBNR w KQkq - 2 6,1
rnbqkb1r/ppppppp1/5n2/7p/5P2/3N4/PPPPP1PP/RNBQKB1R w KQq - 4 5,0
rnbqkbnr/1pp1pp1p/6p1/p2p4/4PP2/5Q2/PPPP2PP/RNB1KBNR w KQkq - 0 4,0
r1bqkbnr/ppp3pp/n3p3/4pp2/4P3/8/PPPPKPPP/RNBQ2NR w kq - 0 5,1
rnbqkbn1/pp1p2pr/2p2p2/4p2p/5PP1/P3P2N/1PPP2BP/RNBQK2R b KQq - 2 6,0
r1bqkbnr/p1pp1ppp/2n1p3/1p6/3P4/2N3P1/PPP1PP1P/R1BQKBNR w KQkq - 0 4,1
rnb1kbnr/p1pp1ppp/q7/Pp2p3/8/1P5P/2PPPPP1/RNBQKBNR w KQkq - 1 5,0
rnbqk1nr/pp1pp2p/2p5/5pp1/P4P2/2bP4/1PP1P1PP/RNBQKBNR w KQkq - 1 6,1
rnbqk1n1/2pppp1r/p5pb/1p5p/3N1P2/2N5/PPPPPKPP/R1BQ1BR1 w q - 0 7,0
rnbqkbnr/ppppp3/6pp/5p2/1P5P/8/PBPPPPP1/RN1QKBNR w KQkq - 0 4,1
1rbqkb1r/ppppppp1/5n1p/6B1/P2P4/Nn6/1PP1PPPP/R2QKBNR w KQk - 3 7,0
rnbqkbnr/1ppppp1p/8/p5p1/PP2P3/2P4N/3P1PPP/RNBQKBR1 b Qkq - 0 6,0
rnbk1bnr/p1p1pppp/1p1q4/3p4/2P3PP/N4N2/PP1PPP2/R1BQKB1R b KQ - 4 5,1
rnbqkbn1/pppppppr/8/7p/1P6/2P4N/P2PPPPP/RNBQKB1R b KQq - 0 3,0
rnbqkbnr/pppp1p2/4p1p1/7p/5P2/2P5/PPQPP1PP/RNB1KBNR w KQkq - 0 4,0
rnbqkbnr/p1pppppp/8/8/1p6/P1N5/RPPPPPPP/2BQKBNR b Kkq - 1 3,1
r2qkbnr/ppp2pp1/3pb2p/n3N3/4P3/3P3N/PPP2PPP/R1BQKB1R w KQkq - 1 7,1
rnbqkbnr/1p1ppppp/p7/2p5/2PP1P2/8/PP2P1PP/RNBQKBNR b KQkq - 0 3,0
rnbqkb1r/pppp2pp/4p2n/8/4P1p1/2PP1P2/PP5P/RNBQKBNR b KQkq - 0 5,1
rnb1kb1r/1p1ppppp/pqp4n/4P2Q/8/8/PPPP1PPP/RNB1KBNR w KQkq - 1 5,0
rnbqkbnr/ppppp1p1/8/5p1p/P7/3R4/1PPPPPPP/1NBQKBNR w Kkq - 0 4,0
1nb1kbnr/rp1pp1pp/1qp2p2/p4P2/1P4P1/7P/P1PPP3/RNBQKBNR w KQk - 1 6,0
rnb1kbnr/pp1ppp1p/1q6/6p1/PPp5/5P2/2PPP1PP/RNBQKBNR w KQkq - 1 5,1
rnb1kbnr/pp1p1ppp/8/2p1p3/1P1q1P2/N2PPN2/P1P3PP/R1BQKB1R w KQkq - 1 7,1
rnbqkbnr/1pp1ppp1/p2p3p/8/5B2/3P1N1P/PPP1PPP1/RN1QKB1R b KQkq - 1 4,0
rnbqkbnr/ppp1pp1p/3p4/6p1/2P5/NP6/P2PPPPP/R1BQKBNR b KQkq - 0 3,0
1r1qkbnr/pppb1p1p/n2pp3/6p1/3B4/PP2P2P/2PP1PP1/RN1QKBNR w KQk - 2 7,1
rnbqkb1r/1ppp1ppp/4p2n/p7/7P/2P1P3/PP1PBPP1/RNBQK1NR b KQkq - 2 4,0
rnbqk3/pppp1pp1/4pn1r/2b4p/P7/2N2PP1/RPPPP2P/2BQKBNR w Kq - 4 7,1
rnbqkb1r/pppppp2/7n/6pp/8/4PPP1/PPPP2BP/RNBQK1NR b KQkq - 0 4,0
rnbqkb1r/pp1pppp1/2p5/3n4/6PN/N6P/PPPPPP2/R1BQKB1R w KQkq - 1 6,1
rnbqkbnr/ppppp2p/5p2/6p1/8/N1P4N/PP1PPPPP/R1BQKB1R b KQkq - 0 3,0
rn2kbnr/ppp1pppp/3qb3/3p4/P7/5PPB/1PPPP2P/RNBQK1NR b KQkq - 2 4,1
rnbqkbnr/p1pppp1p/8/1p4p1/6P1/N4N2/PPPPPP1P/R1BQKB1R b KQkq - 0 3,0
rnbqk2r/pppp1pbp/5n2/4p1p1/P1P5/N1Q4N/1P1PPPPP/R1B1KB1R b KQkq - 3 6,1
rnb1k1nr/1ppp1ppp/6N1/p1b1p3/7q/2NPB3/PPP1PPPP/R2QKB1R w KQkq - 4 7,1
rnbqkbnr/1pp1pppp/8/p2p4/8/P5PB/1PPPPP1P/RNBQK1NR w KQkq - 0 4,0
rB1qkb1r/pp2pppp/2p1b2n/3p4/3P4/P7/1PPQPPPP/RN2KBNR b KQkq - 0 5,0
r1bqkb1r/ppppp1pp/2n4n/5p2/6P1/2N4B/PPPPPP1P/R1BQK1NR w KQkq - 4 4,0
rnb1kbnr/p2qppp1/1p5p/2pp4/8/N3P2P/PPPPNPP1/R1BQKBR1 w Qkq - 2 6,1
rnbqkb1r/pp2pppp/2pp1n2/8/6P1/5N2/PPPPPPBP/RNBQKR2 b Qkq - 3 4,1
r2qkbnr/ppp2ppp/2n5/3ppb2/1P6/7P/P1PPPPP1/RNBQKBNR b KQkq - 0 5,1
1n1qkbnr/r1p1pppp/bp6/p2p4/N1P2P2/6P1/PP1PP2P/1RBQKBNR b Kk - 2 6,1
rnbqkbnr/1pp1pp1p/p5p1/1N1p4/3P4/8/PPP1PPPP/R1BQKBNR w KQkq - 0 4,0
r1bqkbnr/2p1pppp/1p6/p1np4/1PP5/P4NP1/3PPP1P/RNBQKB1R w KQkq - 1 6,1
rnbqkbnr/4pppp/1pp5/3p4/p2NP3/8/PPPP1PPP/R1BQKBNR w KQkq - 0 6,0
r1bqkbnr/1pp1pp1p/p1n5/3p2p1/P7/2P5/1P1PPPPP/RNBQKBNR b KQkq - 1 6,1
r1bqkbnr/pp1p1ppp/2p1p3/2P5/Qn2P3/8/PP1PNPPP/RNB1KB1R b KQkq - 0 5,1
1rbqkbnr/pp1pppp1/8/2p4p/Q1P5/5P2/N2PP1PP/R1B1KBNR w KQk - 0 7,1
rnbqkbnr/pp1p1ppp/2p1p3/8/P7/RP6/2PPPPPP/1NBQKBNR b Kkq - 0 3,1
rnbqkbnr/p3p1pp/1p6/2pp1p2/2P1P3/1Q4P1/PP1P1P1P/RNB1KBNR b KQkq - 0 5,1
rnbqkbn1/2pppppr/p7/1p5p/4P2P/N2P1N2/PPP1QPP1/R1B1KB1R b KQq - 0 6,1
r1bqkb1r/pppp1ppp/2n2n2/4p2Q/4P3/7P/PPPP1PP1/RNB1KBNR w KQkq - 0 4,1
rnbqkbnr/ppppp1p1/8/5p1p/2P5/NQ6/PP1PPPPP/R1B1KBNR b KQkq - 1 3,0
rnb1kbnr/ppp1ppp1/2q4p/8/3pPN2/1PP5/P2PQPPP/RNB1KB1R b KQkq - 0 6,0
rnbqkbr1/1pppp2p/p6n/5pp1/5P1P/PPP5/3PP1P1/RNBQKBNR w KQq - 1 6,1
r1bqk1nr/ppppbppp/n7/4p3/8/P3P2N/1PPP1PPP/RNBQKB1R w KQkq - 1 4,0
rnb1kb1r/1ppp1ppp/7n/p3p3/1P5q/4PN1P/P1PP1PP1/RNBQKB1R w KQkq - 1 5,1
rnbqkbnr/2pppp2/p6p/6p1/4P2P/1p1B2P1/PPPP1P2/RNB1KQNR w KQkq - 0 7,1
rnb1k1nr/p1pp1pp1/1p6/4p2p/QbP4q/N7/PP1PPPP1/R1B1KBNR w KQkq - 2 6,1
rnb1kbnr/pppp1ppp/4pB2/8/7q/1P6/P1PPPPPP/RN1QKBNR b KQkq - 3 3,1
1rbqkbnr/1pp1pppp/n2p4/8/p7/NP1P3N/P1P1PPPP/1RBQKBR1 b k - 0 6,1
rnbqkbnr/p1pp2pp/4p3/1B3p2/8/4P3/PPPP1PPP/RNBQK1NR w KQkq - 0 4,1
r2qkbnr/p1ppp1pp/bp3p2/8/1n2N3/P7/1PPPPPPP/R1BQKBNR w KQkq - 4 6,1
rn1qkbnr/1bp1p1p1/pp1p1p2/7p/3PP3/P4N1P/1PP2PPR/RNBQKB2 w Qkq - 0 7,1
rnbqkbnr/pppp1p2/7p/4p1p1/8/3PPN1P/PPP2PP1/RNBQKB1R b KQkq - 0 4,0
rnbqkbnr/1pppp1pp/p7/8/4Pp2/2NB4/PPPP1PPP/R1BQK1NR w KQkq - 0 4,1
rnbqk1nr/p1pp1pp1/1p5p/4p2B/Pb2PP2/2N5/1PPP2PP/R1BQK1NR w KQkq - 0 7,1
rnbqkbnr/pppp1ppp/8/8/4p2P/3P2P1/PPP1PP2/RNBQKBNR b KQkq - 0 3,0
r1bqkb1r/p1ppp1pp/2n5/1p3p2/1P1P2nN/N7/P1P1PPPP/R1BQKB1R w KQkq - 3 6,0
rnbqkbnr/pppppp1p/8/6p1/5P2/1P5N/P1PPP1PP/RNBQKB1R w KQkq - 2 4,1
r1bqkb1r/pppppp1p/2n2n2/B5p1/2PP4/2N5/PP2PPPP/R2QKBNR w KQkq - 2 6,1
r1bqkb1r/ppppp1pp/2n4n/5p2/8/P7/1PPPPPPP/RNBQKBNR w KQkq - 2 4,0
rnbqkbnr/3pp2p/p1p2p2/1p4p1/NP1P3P/8/P1P1PPP1/R1BQKBNR w KQkq - 0 6,1
rnbq1bnr/pp1ppkpp/2p5/8/2P1p2P/N7/PP1P1PP1/R1BQKBNR w KQ - 0 5,0
rnbq1bnr/pp1p1k1p/2p1p1p1/5p2/6P1/P3N3/1PPPPP1P/R1BQKBNR b KQ - 1 6,0
1rbqkbnr/2pppppp/p1n5/1p6/P3B3/3P2P1/1PP1PP1P/RNBQK1NR b KQk - 1 5,0
rnbqkbnr/pp1pppp1/7p/2p5/3P4/NP6/P1P1PPPP/R1BQKBNR b KQkq - 0 3,1
rnb1kbnr/ppp1p1pp/3N1p2/3p4/6q1/1PP5/P2PPPPP/R1BQKBNR b KQkq - 2 5,1
r1bqkb1r/ppppppp1/2n5/7p/3P2n1/5P2/PPP1P1PP/RNBQKBNR w kq - 4 5,1
rnbqkb1r/2ppp1pp/5n2/p2P1p2/p1P5/2N5/1P1QPPPP/R1B1KBNR b KQkq - 1 6,1
rnbqkbnr/ppp2ppp/4p3/3p4/3P4/N1P5/PP2PPPP/R1BQKBNR w KQkq - 0 4,0
rnb1kbnr/ppp2ppp/4p3/3p2q1/8/2P1P3/PP1PKPPP/RNBQ1BNR w kq - 2 4,0
rnbqkbr1/p1pppppp/1p6/3N4/2P3n1/1P6/P2PPPPP/R1BQKBNR w KQq - 1 5,1
rnbqkbnr/2pp2pp/5p2/1p2p3/p3P1P1/1P1P4/P1PN1P1P/R1BQKBNR w KQkq - 0 6,0
r1bqkb1r/2pppppp/p1n4n/1p5P/8/N1P2P2/PP1PPKP1/R1BQ1BNR w k - 1 7,0
rnbqkbnr/pp1pp2p/2p5/5pp1/N7/5PP1/PPPPP2P/R1BQKBNR b KQkq - 1 4,0
rnbqkb1r/pp2ppp1/2p4n/3pN2p/2B1P3/8/PPPPKPPP/RNBQ3R b kq - 3 5,1
r1bqkbnr/1pp1pppp/p7/3pn3/3P3P/P6R/1PP1PPP1/RNBQKBN1 w Qkq - 0 5,1
r1bqkbnr/1p2pppp/p1np4/2p5/2P5/PQ5P/1P1PPPPR/RNB1KBN1 b Qkq - 3 5,1
1rbqkbnr/1pppp1pp/p1n5/5p2/1P6/3P4/P1P1PPPP/RNBQKBNR w KQk - 0 5,0
r1bqkbnr/pp1ppp1p/2n5/2p3p1/6P1/1P6/P1PPPPBP/RNBQK1NR w KQkq - 2 4,0
r1bqkbnr/p1ppp1p1/np6/1P3p1p/8/P7/R1PPPPPP/1NBQKBNR w Kkq - 2 5,1
rnb1kb1r/1p1ppppp/p6n/q1p5/2P2P1P/3P4/PP2P1P1/RNBQKBNR w KQkq - 1 5,1
rnbqkbnr/pp2pppp/8/2pp4/6P1/4P3/PPPP1P1P/RNBQKBNR b KQkq - 0 3,1
r1bqkbnr/p2pppp1/npp5/7p/2P2P2/N7/PPQPP1PP/R1B1KBNR w KQkq - 0 5,0
r1bqkbnr/pp1npppp/8/2pp4/P7/5N1P/1PPPPPP1/RNBQKB1R w KQkq - 2 4,0
r1bqkbnr/pppppppp/8/8/1n2Q3/2P2N2/PP1PPPPP/RNB1KB1R w KQk - 7 5,1
rnbqkb1r/1ppppppp/p6n/8/4P3/P4Q2/1PPP1PPP/RNB1KBNR b KQkq - 2 3,0
rnb1k1nr/ppppq1p1/5p1p/4p3/PbP3PP/7B/1P1PPP2/RNBQK1NR b KQkq - 1 6,1
rnb1kbnr/1p2pppp/pq1p4/2p5/2P2P2/1P5N/P2PP1PP/RNBQKB1R b KQkq - 0 5,0
r1bqkbnr/pp1ppp2/n1p4p/6p1/P4B2/3P3P/1PP1PPP1/RN1QKBNR w KQkq - 1 5,0
r1bqkbnr/1pppp1pp/2n2p2/p7/P3PP1P/8/1PPP2P1/RNBQKBNR b KQkq - 0 4,0
rnbqkbnr/pp3ppp/3pp3/2p5/1P6/P1N2N2/2PPPPPP/R1BQKB1R b KQkq - 1 4,0
rn1qkbnr/ppp1ppp1/3p4/7p/6b1/5P1N/PPPPP1PP/RNBQKBR1 w Qkq - 0 4,1
rnbqk1nr/pp1p2pp/2p1pp2/8/P7/b1N1P2N/1PPPQPPP/R1B1KB1R b KQkq - 1 5,0
rnbqkbnr/p1ppppp1/7B/1p6/2PP4/8/PP2PPPP/RN1QKBNR b KQkq - 0 3,1
rnbq2nr/ppppb1pp/5k2/4pp2/2P3PP/5N1B/PP1PPP2/RNBQK2R w KQ - 3 6,1
rnb1kbnr/pp1ppppp/2p5/8/4P3/2NP4/PPP2PPq/R1BQKBNR w KQkq - 0 4,1
rnb1k1nr/1ppp1pp1/p2b4/4p1qp/8/1QP3PP/PP1PPP2/RNB1KBNR b KQkq - 5 6,0
rnbqkb1r/1p1pp2p/p1p4n/5pp1/6P1/PP5B/2PPPP1P/RNBQ1KNR w kq - 0 6,0
rnbqk1nr/2pppp1p/pp4pb/8/5PPP/2N5/PPPPP3/R1BQKBNR b KQkq - 0 5,0
rnbqkbn1/2ppppp1/1p5r/p6p/P2P4/NP2B2N/2P1PPPP/R2QKB1R w KQq - 1 7,1
rnbqkb1r/1p1p1ppp/p1p4n/4p3/1P5P/7N/PBPPPPP1/RN1QKB1R w KQkq - 0 5,0
rnbqkbnr/1ppppp2/8/p5p1/4P2p/N5P1/PPPPKP1P/R1BQ1BNR w kq - 0 5,0
rnbqkb1r/1p1pp2p/p4p1n/6p1/2p1P3/3P4/PPPQ1PPP/1RBNKBNR w Kkq - 0 7,1
rnbqkb1r/pp1ppppp/8/2p5/4n2P/5P1N/PPPPP1P1/RNBQKB1R w KQkq - 3 4,1
r1bqkbn1/ppppp3/2n2ppr/7p/2P2P2/7P/PP1PP1PN/RNBQKB1R w KQq - 0 6,1
r1bqkbnr/1p1pp1pp/2n5/p1p2p2/3P4/1P3PP1/P1P1P2P/RNBQKBNR w KQkq - 0 7,1
r1bqkbnr/ppppp1p1/n6p/5p2/7P/3P4/PPPBPPP1/RN1QKBNR b KQkq - 1 4,0
rn1qkbnr/p1p1pppp/b2p4/1p6/2PP2P1/8/PP2PP1P/RNBQKBNR w KQkq - 1 4,1
rnbqkbn1/pppppp1r/8/4P1p1/7p/N2B4/PPPP1PPP/R1BQK1NR w KQq - 2 5,1
rnbqkbr1/pp4pp/3p1p1n/2p1p3/2P5/PP1PBN2/4PPPP/RN1QKB1R w KQq - 0 7,1
3rkbnr/pppqpppp/n2p4/8/7P/N4N2/PPPPPPPR/1RBQKB2 b k - 4 6,1
r1bqkbnr/ppp2ppp/n7/3pp3/8/1PN5/P1PPPPPP/R1BQKBNR w KQkq - 0 5,0
rnbqkb1r/pppp1p1p/6pn/4p3/1P6/N7/PBPPPPPP/R2QKBNR w KQkq - 2 4,1
rnbqkbn1/1ppp2pr/p4p1p/2P1p3/8/BPN5/P1QPPPPP/R3KBNR w KQq - 0 7,1
rn1qkbnr/pppbpppp/8/3p4/2P3Q1/4P3/PP1P1PPP/RNB1KBNR b KQkq - 2 3,1
rnbqk1nr/pppp2pp/4p3/P4pN1/3P4/P7/2P1PPPP/RNBQKB1R b KQ - 0 6,1
rnb1kbnr/p1ppqp1p/8/4p1p1/1Pp2P2/N3P3/P2P2PP/R1BQKBNR w KQkq - 1 7,1
r1bqkbnr/ppppp1pp/n7/5p2/3P1P2/N7/PPP1P1PP/R1BQKBNR b KQkq - 0 3,0
r1bqkb1r/1pp1pppp/n4n2/p2P4/3P4/1P6/P2BPPPP/RN1QKBNR b KQkq - 2 5,0
rnbqkb1r/p1pppppp/7n/1p6/7P/4PP2/PPPP2P1/RNBQKBNR b KQkq - 0 3,0
rnbqk2r/ppppppbp/8/5np1/5PP1/N6P/PPPPP3/R1BQKBNR w KQkq - 1 5,1
rnbqkb1r/1pp1ppp1/3p1n1p/p2P4/8/2P4P/PP2PPP1/RNBQKBNR w KQkq - 0 5,0
r1bqkbnr/pppppp2/n6p/6p1/8/P3P2P/1PPP1PP1/RNBQKBNR w KQkq - 1 4,1
rnb1kbnr/pp1pp1pp/2p2p2/q7/8/1PNPP3/P1P1QPPP/R1B1KBNR b KQkq - 2 5,1
rnbqkbnr/1ppp2pp/8/p3pp2/1P6/N7/P1PPPPPP/1RBQKBNR b Kkq - 1 4,1
r1bqkb1r/pppn1ppp/3p1n2/4p3/P7/2P2N2/RP1PPPPP/1NBQKB1R b Kkq - 0 5,1
rnbqkbnr/4p1pp/ppp5/3p1p2/P1BPP3/7P/1PP2PP1/RNBQK1NR b KQkq - 0 6,1
rnbqk2r/pppp1ppp/5n2/1Bb1p3/P3P3/5P2/1PPP2PP/RNBQK1NR b KQkq - 0 4,1
rnbqkbnr/pppp2pp/4p3/5p2/P7/1PN2PP1/2PPP2P/R1BQKBNR b KQkq - 0 5,0
rnbqkb1r/pppppppp/8/1N3n2/8/6P1/PPPPPP1P/R1BQKBNR b KQkq - 2 3,0
r1bqkbnr/ppp1pppp/2np4/8/8/4P3/PPPPNPPP/RNBQKB1R w KQkq - 6 5,0
rnbqkbnr/p1pppppp/1p6/8/8/BPN1P3/P1PP1PPP/R2QKBNR b KQkq - 0 4,0
rnbqk1nr/pp1pb2p/5p2/2p1p1p1/1P3P2/2PP3N/P3P1PP/RNBQKB1R w KQkq - 2 6,1
rnbqkb1r/pppppp2/5np1/7p/6PP/1P1P4/P1P1PP2/RNBQKBNR b KQkq - 0 4,1
rnbk1bnr/ppNp1p1p/4p1p1/8/6P1/3P4/PPPBPP1q/R2QKBNR w KQ - 0 7,1
r1bqkbnr/p1pnpppp/3p4/1p6/P2P4/8/1PP1PPPP/RNBQKBNR b KQkq - 0 4,0
rnbqkbnr/pppp2pp/8/4pp2/2P5/6P1/PP1PPP1P/RNBQKBNR b KQkq - 0 3,0
rnb1kb1r/p2pp1pp/5p1n/qpp5/8/PQPP4/1P2PPPP/RNB1KBNR b KQkq - 1 6,0
rnbqkbr1/p1ppppp1/7n/1P5p/2P5/6P1/1P1PPP1P/RNBQKBNR w KQq - 1 5,1
rnb1kb1r/pp1ppppp/5n2/2p5/2NN4/6q1/PPPPPPP1/R1BQKBR1 w Qkq - 4 6,1
rnb1k1nr/pppp1ppp/3bp2q/8/8/NPP4N/P2PPPPP/R1BQKBR1 b Qkq - 2 5,0
r1bqkbnr/pppp1pp1/2n1p3/7p/7P/2N3PN/PPPPPP2/R1BQKB1R b KQkq - 3 4,0
rnbqk2r/ppppppbp/5n2/6p1/2P1P3/5PPP/PP1P4/RNBQKBNR b KQkq - 0 6,0
rnbqkb1r/pp1ppppp/2p4n/8/6P1/2P4P/PP1PPP2/RNBQKBNR b KQkq - 0 3,0
rnbqkb1r/pppppp1p/6pn/8/8/2P3P1/PPQPPP1P/RNB1KBNR b KQkq - 0 3,0
rnbqk1nr/1p1p2pp/p1p1p3/5p2/4N2P/b2P1P2/PPPKP1P1/R1BQ1BNR b kq - 1 6,1
rnbqkbnr/2pppppp/pp6/8/8/2P1P2P/PP1P1PP1/RNBQKBNR b KQkq - 0 3,0
1nbqkbnr/1p1ppp1p/r7/p1p3pQ/PP2P3/8/2PP1PPP/RNB1KBNR w KQk - 0 5,1
r1bqkb1r/p1pppp1p/1pn4n/6p1/3PPP2/8/PPP2KPP/RNBQ1BNR w kq - 0 5,1
rnb1kbnr/pp1ppppp/1qp5/8/3P4/1P6/P1P1PPPP/RNBQKBNR b KQkq - 0 3,0
rnb1kb1r/pp2pppp/5n2/2pp2N1/2P5/8/PP1NPPPP/R1BQKBR1 w Qkq - 0 6,1
r1bqkbnr/pp1pppp1/n1p5/5P1p/8/P3P3/1PPP2PP/RNBQKBNR b KQkq - 0 4,1
rnbqkb1r/p2ppppp/1p3n2/2p2P2/8/6P1/PPPPP2P/RNBQKBNR w KQkq - 0 4,0
rnbqkb1r/p1ppppp1/5n2/1P5p/8/1PP4P/3PPPP1/RNBQKBNR w KQkq - 1 6,1
r1bqkbnr/pp1ppp2/n1p3pp/2P5/8/PP5N/3PPPPP/RNBQKB1R b KQkq - 0 5,1
rnbqkbnr/1ppppp2/8/p5pp/6P1/2P5/PP1PPP1P/RNBQKBNR b KQkq - 0 4,1
rnb1kbnr/1pqppp1p/p5p1/2p5/2PP4/5P1P/PP2P1P1/RNBQKBNR w KQkq - 1 5,0
rnbqkbr1/3ppppp/8/pBp5/P5n1/1QP1PN2/1P1P1PPP/RNB1K2R w KQq - 0 7,1
rnbqk1nr/p1pp1ppp/1p6/4p1N1/1b6/8/PPPPPPPP/RNBQKBR1 w Qkq - 0 4,1
rn1qkbnr/pppbp1pp/5p2/3p4/8/NP5P/P1PPPPP1/R1BQKBNR w KQkq - 0 4,0
rnb1kbnr/p1p1p1p1/1p1q1p1p/3p4/P2P1P2/2N1P3/1PPB2PP/R2QKBNR b KQkq - 0 6,1
rnbqkbnr/p1pppppp/8/1p6/4P1Q1/7P/PPPP1PP1/RNB1KBNR b KQkq - 1 3,0
rnbqk2r/p1ppbppp/1p3n2/4p1N1/8/1P5N/P1PPPPPP/R1BQKB1R b KQkq - 3 5,1
rnb1kbnr/pp1ppp2/8/q1p3pp/1P2P3/B2P4/P1P2PPP/RN1QKBNR w KQkq - 1 5,1
rnbq1bnr/1p1k1ppp/p2p4/2p1p3/7P/2N2N2/PPPPPPP1/1RBQKBR1 w - - 2 6,0
r1bqkbnr/pp1ppppp/n7/2p5/P4P2/8/1PPPP1PP/RNBQKBNR w KQkq - 0 5,0
rnbqkbnr/p1p1p2p/1p4P1/3p1p2/2P5/1Q6/PP1PPPP1/RNB1KBNR b KQkq - 1 5,1
rnb1kbnr/pp1p2pp/3qpp2/2p5/Q1P5/1P3P2/P2PPKPP/RNB2BNR w kq - 1 6,0
r1b1k1nr/ppppqpp1/2n4p/4p3/1b1P4/1P2P2P/P1P1KPP1/RNBQ1BNR w kq - 1 7,0
rnbqkbnr/1pppp1pp/p4p2/8/4P3/P7/RPPP1PPP/1NBQKBNR b Kkq - 1 3,0
rnbq1bnr/1ppppk2/p5pp/5p2/1P3P2/4K1P1/P1PPP2P/RNBQ1BNR w - - 0 6,1
r1bqk1nr/p1p1p1bp/2np1p2/1p4p1/5PP1/3BP2N/PPPP3P/RNBQ1K1R w kq - 0 7,0
r1bqkbnr/1pp2pp1/7p/p1npp1B1/3P3P/N4P1R/PPP1P1P1/R2QKBN1 w Qkq - 0 7,1
rnbqkbnr/p1ppp1pp/8/1p3p2/7P/4P1P1/PPPP1P2/RNBQKBNR b KQkq - 0 3,0
r1bqkbnr/pp4pp/n4p2/2ppp2P/6P1/P7/1PPPPP2/RNBQKBNR b KQkq - 0 6,1
rnbqkb1r/2pppp1p/pp5n/1P4p1/2P3P1/4P3/PB1P1P1P/RN1QKBNR w KQkq - 1 7,1
rnbqkbnr/2pppppp/8/pp6/8/P5P1/RPPPPP1P/1NBQKBNR w Kkq - 0 4,0
rnbqkbnr/4p1pp/Qpp2p2/3p4/8/P1P2NP1/1P1PPP1P/RNB1KB1R b KQkq - 0 6,1
rn1qkbnr/p4ppp/1ppp4/4pb2/P2P1P1P/4P3/1PP1B1P1/RNBQK1NR b KQkq - 0 6,0
rnb1kb1r/pp2pppp/1qp5/3p4/1P2n2P/8/P1PP1PP1/RNBQKBNR b KQkq - 0 6,0
rnbqkb1r/p1pppp1p/1p3np1/8/4P3/5P2/PPPPK1PP/RNBQ1BNR w kq - 1 4,0
r1bqkbnr/ppp1p2p/2np2p1/5pB1/1P1P4/2P2N2/P3PPPP/RN1QKB1R b KQkq - 2 5,0
rnb1kbnr/pp1p1pp1/1qp1p3/7p/6P1/P4B1N/1PPPPP1P/RNBQ1K1R b kq - 1 6,1
rnbqkb1r/pp1p1ppp/5n2/2p1p3/1PP5/6P1/P2PPP1P/RNBQKBNR w KQkq - 1 4,0
rnb1kbnr/pp1pqppp/8/1Bp1p3/5P2/4P3/PPPP2PP/RNBQ1KNR b kq - 3 4,1
rnbqkbr1/ppppppp1/5n1p/2P5/8/N7/PP1PPPPP/R1BQKBNR w KQq - 2 4,0
1nbqkbnr/rp1pppp1/p1p5/7p/2P4P/4PP2/PP1P2P1/RNBQKBNR w KQk - 1 5,0
1nbqkbnr/1p1pppp1/8/r1p4p/pP4P1/B1P1P3/P2P1P1P/RN1QKBNR b KQk - 0 6,0
rnbqkbn1/1ppppp1r/p5p1/7p/P2P3P/1P6/2PNPPP1/R1BQKBNR b KQq - 0 5,0
rnbqkbnr/1pp1pppp/3p4/p7/8/PP5P/2PPPPP1/RNBQKBNR b KQkq - 0 3,0
r1bqkbnr/ppppppp1/7p/4N3/2Pn4/P7/1P1PPPPP/RNBQKB1R b KQkq - 2 4,0
rnb1kbnr/pp1ppppp/1q6/2p5/P1P1P3/1P6/3P1PPP/RNBQKBNR b KQkq - 0 4,0
rnbqkb1r/ppp1pppp/3p3n/8/1PP5/4PP2/P2P2PP/RNBQKBNR w KQq - 0 5,0
rnbqkbr1/1p1ppppp/5n2/p1p5/4PBP1/3P4/PPP2P1P/RN1QKBNR b KQq - 2 5,0
r1b1kbnr/p2qpppp/n2p4/1pp5/2NP4/4PNP1/PPP2P1P/R1BQKB1R b KQkq - 3 6,1
rnbqkbnr/2pppp1p/6p1/pp6/6P1/N4N1P/PPPPPP2/R1BQKB1R b KQkq - 0 4,0
r1bqkbnr/2ppp1pp/pp3p2/n7/Q7/2P2N1P/PP1PPPP1/RNB1KB1R b KQkq - 1 6,0
rnbqkbnr/4pppp/8/pppp2B1/2PP4/5P2/PP1NP1PP/R2QKBNR w KQkq - 0 7,0
rnbqkb1r/pppp1pp1/5n1p/4p3/5P2/2N3P1/PPPPP2P/R1BQKBNR w KQkq - 0 4,1
rnbqkbnr/pp1ppppp/2p5/8/1P1B4/6P1/P1PPPP1P/RN1QKBNR b KQkq - 1 4,0
rn1q1bnr/ppBkppp1/7p/3p4/6b1/N2P4/PPP1PP1P/R2QKBNR b KQ - 0 5,1
rnbqk1nr/p1pp1ppp/1p6/4p3/P7/1P4PB/2PbPP1P/RNBQ1KNR w kq - 0 6,1
2bqkb1r/rppppppp/p6n/8/1P1n2P1/4PN2/P1PP1PRP/RNBQKB2 b Qk - 4 6,0
r1b1kbnr/ppqpppp1/n7/2p4p/P2NP3/3B4/1PPP1PPP/RNBQK2R b KQkq - 0 5,1
rnbqkbnr/ppppp2p/6p1/1P3p2/8/7P/P1PPPPP1/RNBQKBNR b KQkq - 0 3,0
rnbqk2r/p1ppppbp/1p1n2p1/8/P2P4/4PPPN/1PP4P/RNBQKB1R w KQkq - 1 7,0
1nbqkbnr/rppppppp/8/5Q2/p7/2P1P3/PP1P1PPP/RNB1KBNR b KQk - 2 4,0
rnbqk1nr/pp1pppbp/8/2p3p1/2P5/4PP1P/PP1P2P1/RNBQKBNR b KQkq - 0 4,0
rnbqkbnr/pppp1p2/8/4p1pp/3P1P2/1PN5/P1PQP1PP/R1B1KBNR b KQkq - 1 5,0
rnbqkbnr/p2p3p/1p2pNp1/2p5/1P6/6P1/P1PPPP1P/RNBQKB1R b KQkq - 0 6,1
r1bqkbnr/p1pp1ppp/4p3/1p6/1n3PP1/8/PPPPP2P/RNBQKBNR b kq - 0 5,0
rnb1kb1r/p1qppppp/1pp2n2/8/2N5/6PP/PPPPPP2/R1BQKBNR w KQkq - 0 5,0
r1bqkbnr/p1ppp1p1/1p3p1p/n7/P7/4PPPP/1PPPN3/RNBQKB1R b KQkq - 0 6,0
rnbqk1nr/p1pp1p1p/1p2p1p1/8/1b1P1P2/N7/PPP1PKPP/R2Q1BNR b kq - 1 6,1
r1bqkbnr/p1pppp1p/8/4n1p1/1p1PN1P1/P6N/1PP1PP1P/R1BQKB1R b KQkq - 0 6,1
r1b1kbnr/p1pp1ppp/np2p3/2P5/7q/7N/PP1PPPP1/RNBQKB1R w KQkq - 0 5,1
r1bqkb1r/2ppppp1/1pn4n/p6p/4P1Q1/1P5P/PBPPKPP1/RN3BNR b kq - 3 6,1
rnbqk1nr/p1pp1ppp/8/1pb1p3/8/BPN3PN/P1PPPP1P/R2QKB1R b KQkq - 2 5,1
r1bqk1nr/pppnpp1p/3p3b/8/2N3pP/1QP5/PP1PPPP1/R1B1KBNR w KQkq - 3 6,0
rn1qkb1r/ppp1pppp/3p3n/8/2PP2b1/1P3N2/P3PPPP/RNBQKB1R b KQkq - 0 4,0
rnbqkbnr/pppp1p2/6pp/4p3/1P6/P5P1/2PPPP1P/RNBQKBNR b KQkq - 0 4,0
1rbqkbnr/p3pppp/n1pp4/1p6/3NP2P/6R1/PPPP1PP1/RNBQKB2 b Qk - 0 6,0
rnbq2nr/1pppkppp/8/p7/1b1PpP2/P7/2PNP1PP/R1BQKBNR w KQ - 1 6,1
rnbqk1nr/pppp1ppp/4p3/8/2P5/bP3N2/P2PPPPP/RNBQKB1R b KQkq - 0 3,0
r1bqkb1r/ppp1pppp/B4n2/P2p4/8/4PP2/1PPP2PP/RNBQK1NR b KQkq - 0 5,0
rnbqk1nr/1p1pbp2/p1p1p1pp/7P/8/PQP3P1/1P1PPP2/RNB1KBNR w KQkq - 0 7,1
rnbqkb1r/3ppp1p/ppp2n2/P5p1/8/2NP3P/1PP1PPP1/R1BQKBNR w KQkq - 2 6,1
rnbqkbnr/p2ppppp/1pp5/8/6QP/4P3/PPPP1PP1/RNB1KBNR b KQkq - 1 3,0
rn1qkbnr/1ppbpppp/8/p2p4/3P2P1/2P5/PP1KPP1P/RNBQ1BNR b kq - 0 4,1
rnbqkbnr/1p1ppppp/2p5/p7/3PP3/7N/PPP2PPP/RNBQKB1R b KQkq - 0 3,0
rnbqkbnr/1pppp2p/p5p1/5p2/1P6/4PQPN/P1PPKP1P/RNB2B1R b kq - 1 6,1
rnbqkbnr/1ppppppp/p7/8/4P1Q1/2N5/PPPP1PPP/1RB1KBNR b Kkq - 4 4,0
rnbqkbnr/p1ppp1pp/8/5pB1/1p1PP3/8/PPP2PPP/RN1QKBNR w KQkq - 0 4,1
rnbqkbnr/1pppp1p1/p7/1B3p1p/4P3/2P4P/PP1P1PP1/RNBQK1NR b KQkq - 1 4,1
r2qkb1r/pppbpppp/2np3n/8/2P1P2N/8/PP1PKPPP/RNBQ1B1R b kq - 4 5,1
r1bqkb1r/p1pppp1p/2n4n/1B6/3PPP2/1P4p1/P1P3PP/RNBQK1NR w KQkq - 0 7,1
r1bqkbnr/p1p1pp1p/2n3p1/1p1p4/2P3P1/N7/PP1PPP1P/R1BQKBNR w KQkq - 0 5,0
rnbq1bnr/3kpppp/p7/2pp4/3PP3/5P2/PPP3PP/RNBQK1NR w KQ - 0 6,1
rnbqk1nr/1ppppp1p/6pb/p6Q/4N3/4P3/PPPP1PPP/R1B1KBNR b KQkq - 2 4,1
r1bq1bnr/pp1ppkpp/n1p5/8/4P3/4K2P/PPPP1PP1/RNB2BNR b - - 0 6,1
rnbqkbnr/p1p1pppp/1p1p4/4N3/1P6/8/P1PPPPPP/RNBQKB1R b KQkq - 0 3,1
rnbqkbnr/ppp1pp1p/8/3p2p1/6PP/5N2/PPPPPP2/RNBQKB1R b KQkq - 0 3,0
rnbqk1nr/1ppppp1p/p6b/6p1/4P2P/P7/1PPP1PP1/RNBQKBNR w KQkq - 0 4,1
rnbqkb1r/1pppnppp/B3p3/p7/8/4P1P1/PPPP1P1P/RNBQK1NR w KQkq - 1 4,0
rn1qkbnr/1p2pppp/p1pp4/5b2/P3P2P/8/1PPP1PP1/RNBQKBNR w KQkq - 1 5,1
rnbqkbnr/ppppp3/5p1p/6p1/P5P1/1P6/2PPPP1P/RNBQKBNR w KQkq - 0 4,0
r1bqkb1r/pppp1ppp/2n2n2/2P1p3/8/6P1/PP1PPP1P/RNBQKBNR w KQkq - 1 4,1
rnbqkb1r/pp2pppp/2p5/3p4/2P3n1/1P2PP2/P2P2PP/RNBQKBNR w KQkq - 1 5,1
rn1q1bnr/pppkpp1p/3pb3/6p1/3P4/BPP5/P3PPPP/RN1QKBNR w KQ - 3 6,1
rnbqkbnr/p2ppppp/1pp5/8/8/2PP4/PP1QPPPP/RNB1KBNR b KQkq - 1 3,0
rnbqkbnr/pp1p1ppp/2p5/4p3/8/N2PP3/PPP1NPPP/R1BQKB1R w KQ - 2 7,0
rnb2bnr/pp1kppp1/1qp4p/1B1p4/8/4PNP1/PPPP1P1P/RNBQK1R1 w Q - 4 6,0
r1b1k1nr/pppp1pp1/2n1pq2/7p/Pb2P3/2NB1P2/1PPP2PP/RNBQK2R b KQkq - 3 6,1
rn1qkbnr/pbpp1p1p/4p3/1P4p1/3P4/2P5/RP2PPPP/1NBQKBNR b Kkq - 0 5,1
rnbqkbnr/pppppppp/8/8/8/3PP3/PPP1QPPP/RNB1KBNR b KQkq - 2 3,0
rn1qkb1r/pbppp1pp/5p1n/1p6/8/PP3P1P/2PPP1P1/RNBQKBNR w KQkq - 1 5,0
1nbqkbnr/r1pppp1p/6p1/p7/p4P2/1PP4P/3PP1P1/RNBQKBNR w KQk - 1 6,0
rnb1kbnr/pp1ppppp/1q6/8/2pP4/5N1P/PPP1PPP1/RNBQKB1R w KQkq - 1 4,1
rnbqkb1r/pppp1pp1/5n2/7p/Q1P1p3/5NP1/PP1PPP1P/RNB1KB1R w KQkq - 2 5,0
rnb1k1nr/p1pp1ppp/1p6/4p1q1/5PP1/P2P3P/P1PBP3/RN1QKBNR b KQkq - 0 6,0
rnb2bnr/pp1kp1pp/8/q1pp1p2/6P1/N2P3N/PPPBPPBP/R2QK2R b KQ - 1 6,1
rnb2knr/1pp2ppp/p3p3/3p1Qq1/1b5P/P3P2N/1PPP1PP1/RNB1KB1R w KQ - 0 7,1
r1bqkbnr/p1p2ppp/1pnp4/4p3/3P2PP/P6N/1PP1PP2/RNBQKB1R b KQkq - 0 5,1
r1bqkbnr/pp1p1pp1/7p/2p1p3/Pn1P1B2/2P5/1P2PPPP/RN1QKBNR w KQkq - 0 6,1
rn1qkbnr/1pp1pppp/8/p2p4/P2P4/2N4b/1PP1PPPP/R1BQKBNR w KQkq - 1 4,1
r1bqk1nr/p1pp2p1/2n1pp1p/1p6/1b4P1/1PN4B/P1PPPP1P/R1BQ1KNR w kq - 3 7,0
rnbqk1nr/pppp1ppp/8/4p3/7P/b6N/1PPPPPP1/RNBQKB1R b KQkq - 1 3,1
rn1qkbnr/p1ppppp1/1p5p/1b6/5P2/N4N2/PPPPP1PP/R1BQKB1R b KQkq - 5 5,0
r1bqkb1r/pppn1ppp/3p1n2/8/2B1p3/2PPP3/PP3PPP/RNBQK1NR w KQkq - 0 6,0
r1bqkbnr/1pppp1p1/2n2p1p/p7/8/2N1P2P/PPPP1PP1/1RBQKBNR w Kkq - 0 5,0
rnb1kb1r/ppp1pppp/5n2/3p4/PP6/8/R1PPPNPP/1NBQKB1R w Kkq - 1 6,1
rnb1kb1r/ppp1p1pp/7n/3pqp2/6P1/N2P1N1P/PPP1PP1R/R1BQKB2 b Qkq - 5 6,0
r2qkbnr/ppp1pp2/3p2pp/4B3/Pn6/7b/2PPPPPP/RN1QKBNR w KQkq - 0 7,1
rnbqkbnr/1p1p2p1/p1p1pp1p/7P/P7/2P5/1P1PPPPN/RNBQKB1R b KQkq - 0 6,0
rnbq1bnr/1pppkppp/p7/4p3/2B1P3/5P2/PPPP1KPP/RNBQ2NR b - - 2 4,0
rnbqkbnr/pp1p1p2/6pp/2p1p3/Q1P5/5N2/PP1PPPPP/RNB1KBR1 w Qkq - 0 5,0
rn1qkbnr/2ppp1pp/bp3p2/p7/P4P1P/1P6/2PPP1P1/RNBQKBNR b KQkq - 0 5,0
rnbqkbnr/2pppp1p/p7/1p4p1/1P2P3/6P1/P1PPQP1P/RNB1KBNR b KQkq - 1 4,0
rnbqkbnr/4p1pp/p7/Pppp1p2/4P3/2P5/RP1PBPPP/1NBQK1NR b Kkq - 0 6,1
r2qkbnr/p1pppp1p/b1n5/1p4p1/7P/1P1P3R/P1P1PPP1/RNBQKBN1 w Qkq - 2 5,1
r1bqkbnr/1pp1pppp/p1n5/5P2/P3p2P/1P6/2PP2P1/RNBQKBNR w KQkq - 1 7,1
r1bqkbnr/2pnpp1p/pp4p1/3p4/Q5P1/2P4P/PP1PPP1R/RNB1KBN1 w Qkq - 2 6,0
1nbqkbnr/r2ppppp/p1p5/8/1p6/1QN1P3/PPPPKPPP/R1B2BNR b k - 1 6,1
rnbqkb1r/pp1ppp1p/2p3p1/5n2/8/2N3P1/PPPPPP1P/R1BQKBNR w KQkq - 2 5,0
rnbqkbnr/1p1pp1pp/p1p1N3/5p2/P7/8/1PPPPPPP/RNBQKB1R b KQkq - 0 4,1
r1bqkbr1/p1p1p1pp/1pn2n2/3p1p2/1P6/N3PP2/P1PP1NPP/R1BQKB1R w KQq - 0 7,0
rnbqkbn1/ppppp1pr/8/5p2/3P4/8/PPP1PPPP/RNBQKBNR w KQq - 2 4,1
rnb1kbnr/p2ppp1p/2p5/1p4p1/3P4/4PP1N/PPPqQ1PP/RN2KB1R w KQkq - 0 7,1
r1bqkbnr/ppp1p1pp/2n2p2/3p4/8/2P1P2P/PP1PBPP1/RNBQK1NR b KQkq - 1 4,0
rnb1kbnr/1p1ppp1p/p1p5/1N4p1/6P1/1P6/P1PPPK1P/R1BQ1BNR w kq - 0 6,1
r1bqk1nr/pppp1ppp/8/n3p3/Pb3P2/3P4/1PPNP1PP/R1BQKBNR w KQkq - 3 5,1
rnbqkbn1/ppp1ppp1/3p3r/7p/2P2B2/3P4/PP2PPPP/RN1QKBNR w KQq - 0 4,1
rnbqkbnr/p1pppp1p/8/1p6/P4Pp1/8/1PPPP1PP/RNBQKBNR w KQkq - 0 4,1
rnbqkb1r/pppppppp/8/7n/P7/4P3/RPPP1PPP/1NBQKBNR b Kkq - 2 3,0
rnbqkbnr/1pp1p1pp/5p2/p7/4p2P/2NB4/PPPP1PP1/R1BQK1NR b KQkq - 0 5,1
r1bqk1nr/2p2ppp/ppnp4/4pP2/1bB5/4P3/PPPPK1PP/RNBQ2NR w kq - 0 7,1
rnbqkbnr/2pppppp/p7/1p6/8/P1P3P1/RP1PPP1P/1NBQKBNR b Kkq - 0 4,0
rnbqkbnr/1ppp1ppp/B7/p3p3/8/3PP3/PPP2PPP/RNBQK1NR w KQkq - 0 4,1
rnbqkb1r/p1pp2pp/1p2p2n/5p2/2P5/3PP3/PPQ1BPPP/RNB1K1NR b KQkq - 0 5,0
rnbqkbn1/pppp1p1r/6pp/4p3/P1P5/5PP1/1P1PP1BP/RNBQK1NR b KQq - 0 5,0
rnbqkb1r/pppp1ppp/5n2/4p3/2P4P/8/PPQPPPP1/RNB1KBNR b KQkq - 1 3,1
r1bqkbnr/p1pp1pp1/n3p2p/1p6/3PP3/P4P2/1PP1K1PP/RNBQ1BNR b kq - 1 5,0
r1bqkbnr/ppppp1p1/n3Q3/5p1p/8/2PP4/PP2PPPP/RNB1KBNR b KQkq - 3 4,1
rnb1kbnr/pp3ppp/2p1p3/q2p4/2B1PP2/P1P3P1/1P1P3P/RNBQK1NR b KQkq - 2 6,1
rnbqkbnr/p1pp1p1p/8/1P2p1p1/2P5/8/1P1PPPPP/RNBQKBNR w KQkq - 0 4,1
rnb1kbnr/1ppp1p1p/4pqp1/p7/5P2/2P3P1/PPQPPK1P/RNB2BNR b kq - 3 5,0
r1bqkbnr/ppppp3/n6p/5p2/P1P2Pp1/2N5/1P1PPKPP/R1BQ1BNR w kq - 2 6,0
rnb1kbnr/1p1pp1pp/2q5/p1p2p2/P7/1P5N/2PPPPPP/RNBQKB1R w KQkq - 1 6,1
r1bqkbr1/p1pppp1p/7n/1p2n1p1/6P1/1P1P3P/P1PKPP2/RNB1QBNR w q - 2 7,0
1rbqkbnr/ppp1pppp/8/3p4/Pn1P4/N7/1PPBPPPP/R2QKBNR w KQk - 0 5,1
rnb2b1r/1pNk1ppp/3ppn2/p7/3N3q/8/PPPPPPPP/R1BQKBR1 w Q - 3 7,1
2bqkb1r/1pppppp1/r1n4n/pN5p/8/4P2N/PPPP1PPP/1RBQKB1R w Kk - 1 6,1
r1bqkbnr/ppppp2p/n4p2/8/3PN1p1/3Q4/PPP1PPPP/1RB1KBNR b Kkq - 1 5,0
r1bqkbnr/ppp1pp1p/n2p2p1/8/1P6/N4N2/P1PPPPPP/R1BQKB1R w KQkq - 0 4,0
rnbqkb1r/1p1ppp2/p1p2np1/6Pp/7P/2N5/PPPPPPB1/R1BQK1NR w KQkq h6 0 6,1
rnbq1bnr/pppk2p1/3p1p2/4p2p/1P2P3/2NP3N/P1P2PPP/R1BQKB1R w KQ - 0 6,1
r1bqkbnr/p3pppp/4Bn2/1ppp1P2/1P6/4P3/P1PP2PP/RNBQK1NR w KQkq - 0 7,0
rnbqkbnr/ppp1pp2/8/3p2pp/3P4/6P1/PPPKPP1P/RNBQ1BNR w kq - 0 4,0
rnb1kbnr/pp1qpppp/3p4/2p5/3P2P1/P7/1PP1PP1P/RNBQKBNR w KQkq - 0 4,0
r1bqkb1r/pppppppp/n4n2/8/3P4/N6P/PPP1PPP1/R1BQKBNR b KQkq - 0 3,0
rnbqkbnr/1pppppp1/B7/7p/4PP2/2N5/PPPP2PP/R1BQK1NR b KQkq - 1 4,1
rnbqkb1r/pp1pp1pp/2p2p1n/8/N4P2/8/PPPPP1PP/R1BQKBNR w KQkq - 0 4,0
rnbqkb1r/p1p1ppp1/Bp2Qn2/3p3p/P3P3/8/1PPP1PPP/RNB1K1NR b KQkq - 0 5,1
1rbqkbnr/pp1ppppp/2p5/2n5/P2P4/6Q1/1PP1PPPP/RNB1KBNR w KQk - 3 5,1
1rbqkb1r/1ppppp1p/p1n2np1/8/5N2/1PNP4/P1P1PPPP/R1BQKB1R w KQk - 2 6,0
r1bqk1nr/ppp2ppp/n7/3pp3/1b6/PP1P3N/2PNPPPP/R1BQKBR1 b Qkq - 2 6,1
rn1qkbnr/ppp1pp1p/8/6p1/2PpKPb1/8/PP1PP1PP/RNBQ1BNR b kq - 1 5,1
r1bqkb1r/pppppppp/n6n/8/5P2/2P5/PP1PP1PP/RNBQKBNR b KQkq - 0 3,0
rnbqkbnr/ppp4p/3p1pp1/3p4/2P5/5P2/PP1PP1PP/R1BQKBNR b KQkq - 0 5,1
rnbqkbnr/1ppp1ppp/4p3/p7/5P2/4P2N/PPPP2PP/RNBQKB1R b KQkq - 0 3,0
rnbqkb1r/pppppp2/7n/5Ppp/P7/2P5/1P1PP1PP/RNBQKBNR b KQkq - 0 4,1
rnbqkbnr/pp1p1ppp/8/2p1p3/2P1P3/3P4/PP3PPP/RNBQKBNR b KQkq - 0 3,0
rnbqkb2/pppppp1n/6pr/7p/4P1PP/BP5B/P1PP1P2/RN1QK1NR b KQq - 0 6,0
rnbqk1nr/pp1pppbp/6p1/2p5/1P6/2N4P/P1PPPPP1/R1BQKBNR b KQkq - 2 4,1
rnbqk1nr/pp1pb1pp/4pp2/2p3B1/3P4/P7/1PP1PPPP/RN1QKBNR b KQkq - 1 5,1
rnbqkb1r/p2ppppp/1pp4n/8/1P1P1P2/N3PN2/P1P3PP/R1BQKB1R b KQkq - 1 6,0
rnbqkbnr/p1pppp2/1p5p/6p1/P4PP1/2NP4/1PP1P2P/R1BQKBNR w KQkq - 0 6,1
rnbqkb1r/1p1ppppp/2p4n/p5P1/8/2N5/PPPPPP1P/R1BQKBNR w KQkq - 0 4,1
rnb1kbnr/1p1p1ppp/p4q2/2p1p3/2P4P/NP6/P2PPPPR/R1BQKBN1 w Qkq - 0 6,0
rnbqkb1r/1pp1pppp/p2n4/3p2N1/P7/R4P2/1PPPP1PP/1NBQKB1R b Kkq - 3 6,1
rnbqkbnr/2ppp1p1/7p/pp3p2/4PP1P/3P4/PPP3P1/RNBQKBNR w KQkq - 0 5,0
r1bqk1nr/p1pppp1p/1p2n2b/3P2p1/P5P1/5N2/1PP1PPBP/RNBQK2R w KQkq - 0 7,1
rnbq1bnr/ppppk1pp/4pp2/8/P7/2N2P2/1PPPP1PP/R1BQKBNR b KQ - 0 4,0
rnbqkb1r/pppp3p/5p1n/4p1p1/8/3PPP2/PPP2KPP/RNBQ1BNR w kq - 1 5,0
rn1qkb1r/p2p1ppp/b1p1p2n/1p6/Q1P5/P6P/1P1PPPP1/RNB1KBNR w KQkq - 0 6,0
r1bqkb1r/p1pppppp/n6n/8/1pP4P/P2P4/1P2PPPR/RNBQKBN1 b Qkq - 2 5,0
rnbqkb1r/2pppppp/1p5n/p7/3P3P/8/PPP1PPP1/RN1QKBNR w KQkq - 0 4,1
rnbqkb1r/1ppppppp/p6n/8/5P2/2P3P1/PP1PP2P/RNBQKBNR b KQkq - 0 3,0
rnbq1bnr/3ppkpp/pp6/2p2p2/2P2PP1/1Q5P/PP1PP3/RNB1KBNR b KQ - 0 6,0
rnb1kbnr/ppp2p1p/3p2p1/4p3/1P2P3/N6P/PBPP1qP1/R2QKBNR w KQkq - 0 6,1
rnbqkbnr/ppppp1p1/7p/5p2/6P1/4P3/PPPP1P1P/RNBQKBNR b KQkq - 0 3,0
rnbqkbnr/1p2ppp1/2p4p/p2p4/1P2P3/5NP1/P1PP1P1P/RNBQKB1R w KQkq - 0 5,0
r1bqkb1r/pppppppp/n6n/8/6P1/N4N2/PPPPPP1P/R1BQKB1R b KQkq - 4 3,1
rnbk2nr/pp1p1pbp/1qp1p3/6p1/4P3/N1PP3P/PPQ2PP1/R1B1KBNR w KQ - 0 7,1
1rbqkbnr/pp1p1ppp/n3p3/2p5/6PP/2P2P2/PP1PP3/RNBQKBNR b KQk - 0 5,1
rnbqkbnr/2p1pp1p/1p1p4/P5p1/4PP1P/2P5/P2P2P1/RNBQKBNR w KQkq - 0 7,1
rnb1kbnr/pp1ppp1p/1qp3p1/8/7P/3P4/PPPBPPP1/RN1QKBNR w KQkq - 2 4,0
r1bqkb1r/p1Qpp1pp/np3p1n/8/4P3/8/PPPP1PPP/RNB1KBNR w KQkq - 1 5,1
rnbqkbnr/1p1p1ppp/4p3/p1p5/P7/3P3P/1PPKPPP1/RNBQ1BNR w kq - 0 5,0
rnbqkbnr/pp1ppp1p/8/2p3p1/P1P5/3P4/1P2PPPP/RNBQKBNR b KQkq - 0 3,0
rnbqkbnr/pp1ppp1p/2p5/6p1/2P5/P6N/1P1PPPPP/RNBQKB1R b KQkq - 0 3,0
rnbqkb1r/1pppp1pp/5p1n/p7/8/P4P2/1PPPP1PP/RNBQKBNR b kq - 2 4,0
r1bqkbnr/p1p1p1pp/1pn5/3p1p2/4P1P1/5Q2/PPPP1P1P/RNB1KBNR b KQkq - 1 5,1
rnbqkbnr/p1pp1ppp/8/1p2pP2/1P6/N7/P1PPP1PP/R1BQKBNR b KQkq - 1 4,1
rn1qkbnr/p3p1pp/1p2b3/2pp4/P1P2p2/5P1P/1P1PP1P1/RNBQKBNR w kq - 1 7,0
rnbqkbnr/ppppp2p/5p2/8/5p2/4P3/PPPP1KPP/RNBQ1BNR w kq - 0 4,0
rnbqkbnr/p1ppppp1/7p/1p6/7P/1P4P1/P1PPPP2/RNBQKBNR b KQkq - 0 3,0
rnbq1bnr/1ppkppp1/p7/3p3p/1P3PP1/8/PBPPP2P/RN1QKBNR w KQ - 0 5,0
rnb1kbnr/1p1p1p1p/1Bp1pqp1/p7/6P1/3P3P/PPP1PP2/RN1QKBNR b KQkq - 1 6,1
rn1qkb1r/pp2pp1p/2ppb2p/5n2/8/3P1PPN/PPPKP2P/RN1Q1B1R w kq - 2 7,1
r1bqkb1r/pp1p2pp/n6n/2p1pp2/8/4PPPP/PPPP1K2/RNBQ1BNR w kq - 2 7,0
rnbqkb1r/p1ppp2p/6pn/1P3p2/4PP2/8/PP1P2PP/RNBQKBNR w KQkq - 0 5,1
r1bqkbnr/p1pppp2/np5p/6p1/P5PQ/4P3/1PPP1P1P/RNB1KBNR b KQkq - 0 5,1
rnbqkb1r/p1p1pppp/3p3n/1p6/PP6/5P2/2PPP1PP/RNBQKBNR b KQkq - 0 4,0
rnbqkbnr/1pppppp1/8/p6p/8/5N2/PPPPPPPP/RNBQKB1R w KQkq - 0 4,1
rnb1k1nr/1ppp1ppp/3b4/p3p1q1/1P1P4/2N4P/P1P1PPP1/R1BQKBNR w KQkq - 0 6,1
rnbqkbnr/p2ppppp/2p5/1p6/6P1/P1P4P/1P1PPP2/RNBQKBNR b KQkq - 0 4,0
r1bqkb1r/ppp1pp1p/2n2n2/1B1p2p1/P5P1/4PP2/1PPP3P/RNBQK1NR b KQkq - 0 5,1
rnbqkbnr/2p1p1pp/8/pp1p4/5pP1/N4P1B/PPPPP2P/R1BQK1NR b KQkq - 1 6,1
rnbqkbnr/p1ppppp1/1p6/7p/6P1/7N/PPPPPP1P/RNBQKBR1 b Qkq - 1 3,1
r2qkbnr/ppp1ppp1/3p3p/n7/2P3b1/2N2PP1/PP1PP2P/R1BQKBNR b KQkq - 2 6,0
r2q1knr/pppnpp1p/7b/3p1bp1/1P1P2P1/N1P5/P3PP1P/R1BQKBNR w KQ - 1 7,1
rnbqkbnr/pp1ppp2/2p3pp/8/1PB5/4P3/PBPP1PPP/RN1QK1NR b KQkq - 1 4,0
rnb1kbnr/p1p1pppp/Bp1q4/3p4/N3P3/8/PPPP1PPP/R1BQK1NR w KQkq - 2 5,1
rnbqkbnr/p1ppppp1/1p6/7p/8/1PP4P/P2PPPP1/RNBQKBNR b KQkq - 0 3,0
rnbqkb1r/pppp1ppp/5n2/8/3Pp1P1/2P5/PP2PP1P/RNBQKBNR w KQkq - 0 4,0
rnbqkb1r/1pp1p1pp/5n2/p2p1p2/7P/P3P1P1/1PPP1P2/RNBQKBNR w KQkq - 1 5,0
r1bqkbr1/1pp1pppp/n6n/p2p4/6P1/1P3P1P/PBPPP3/RN1QKBNR w KQq - 2 6,0
r1bqkbnr/1pppp1pp/2n2p2/p7/4P3/2N4N/PPPP1PPP/R1BQKB1R w KQkq - 0 4,1
rn1qkb1r/2p1pppp/1p1p1n2/p4b2/1P3P1P/8/P1PPP1P1/RNBQKBNR w KQkq - 1 6,1
rnbqkb1r/ppp1ppp1/5n2/7p/3p2P1/N7/PPPPPP1P/R1BQKBNR w KQkq - 1 5,1
rnbqkbnr/1p2p1pp/2pp4/p4P2/3P4/2NB4/PPP2PPP/R1BQK1NR b KQkq - 0 5,1
rnbqk1nr/pppp1p1p/4p1p1/8/5P2/N2P4/PPP1P1PP/R1BQKBNR w KQkq - 0 4,1
rq2kbnr/ppp1pppp/2npb3/8/6P1/1PNP4/P1PKPP1P/R1BQ1BNR b kq - 4 5,1
2rqkbnr/pp1bpppp/2n5/3p4/2p5/NPPP1NP1/P3PP1P/R1BQKB1R w KQk - 1 7,1
rnbqkbnr/1p1ppppp/2p5/p7/4Q3/2P5/PP1PPPPP/RNB1KBNR w KQkq - 0 4,0
rnbqkbnr/1pppppp1/8/p6p/3P4/PP6/2P1PPPP/RNBQKBNR b KQkq - 0 3,0
rnbqkbnr/pp1p1ppp/2p5/4p3/4P3/8/PPPPNPPP/RNBQKB1R b KQkq - 1 3,0
rn1qkbnr/p4p1p/b1ppp1p1/1p2P3/2P5/7P/PPQP1PP1/RNB1KBNR w KQkq - 0 7,0
rnbqkbnr/pppp2pp/5p2/4p3/3N4/4P1P1/PPPP1P1P/RNBQKB1R b KQkq - 0 4,1
rnbqk1nr/1pp1bppp/p7/3p4/2P1p1P1/NP2P3/P1QP1P1P/R1B1KBNR w KQkq - 1 7,0
rn1qkbnr/ppp1ppp1/8/3p1b1p/P7/1P5P/2PPPPP1/RNBQKBNR w KQkq - 1 4,0
rnb1kbnr/pp2pp2/6pp/q1pp1P2/1P6/2N3P1/P1PPP2P/1RBQKBNR w Kkq - 1 7,1
r1bqkbnr/ppp1pppp/n2p4/8/8/NP4P1/P1PPPP1P/R1BQKBNR b KQkq - 0 3,0
rnbqk1nr/pppp1p1p/4p1p1/2b4P/7R/5P2/PPPPP1P1/RNBQKBN1 w Qkq - 3 6,0
rn2kbnr/p2ppppp/Bq6/2p5/1p1P4/1P2PQ1N/P1P2PPP/RNB1K2R b KQkq - 0 6,1
rnb3nr/pp1pkppp/4pq2/2p5/1b1P4/2N2P1P/PPP1P1P1/1RBQKBNR w K - 0 6,0
rn1q1bnr/p1pk1ppp/b7/Pp1pp3/8/N6N/RPPPPPPP/2BQKB1R w K - 2 6,0
rnbqkbnr/pp1p2pp/5p2/2p1p3/4P1P1/8/PPPP1P1P/RNBQKBNR w KQkq - 0 4,0
1rbqk1nr/p1pp1ppp/np6/4p3/P7/bPN4N/2PPPPPP/R1BQKBR1 w Qk - 1 6,1
r1b1kbnr/ppp2ppp/2np4/4p3/Q1P1P2q/8/PP1P1PPP/RNB1KBNR b KQkq - 0 5,1
rn1qkb1r/1bppppp1/1p5n/p6p/P6P/R1R5/1PPPPPP1/1NBQKBN1 w kq - 2 6,1
1nb1kbnr/r1pp1ppp/1p6/P3p3/6Pq/P2P4/2P1PP1P/RNBQKBNR w KQk - 1 6,1
rnbqkbnr/pp1pp1p1/2p5/4Pp1p/3P4/7P/PPP2PP1/RNBQKBNR b KQkq - 0 4,1
rnbq1bnr/ppp1pppp/3k4/3p4/6P1/P2P3N/1PP1PP1P/RNBQKB1R b KQ - 0 4,0
rnbqkb1r/ppp2ppp/3ppn2/8/1P6/2P2N2/P2PPPPP/RNBQKB1R w KQkq - 2 4,0
rnbqkb1r/p2p1p1p/2p4n/1p2p1p1/1P2P3/5QP1/P1PP1P1P/RNB1KBNR w KQkq - 0 7,0
1nbqkb1r/1p1ppppp/6rn/p1p5/5P2/1PPP4/P3P1PP/RNBQKBNR w KQk - 1 6,0
rnbqkb1r/ppp1pppp/3p4/3n4/2NP4/7P/PPP1PPP1/R2QKBNR w KQkq - 2 6,1
rnbqk1nr/pppp2b1/4p2p/5pp1/2PP2P1/3QPP2/PP5P/RNB1KBNR b KQkq - 0 6,0
r1bq1bnr/p1pkpppp/1pn5/3p4/7P/4P1P1/PPPPKP2/RNBQ1BNR w - - 1 5,0
r1bqkbnr/p2pp1p1/n4p1p/1pp2P2/4P3/2N4P/PPPP2PR/R1BQKBN1 w Qkq - 0 7,0
r1bqkbnr/pp1pp1pp/n7/2p2p2/5P2/1P5P/P1PPP1P1/RNBQKBNR w KQkq - 0 4,0
rn1qkbnr/pb1ppppp/1pp5/8/7P/1P6/P1PPPPP1/RNBQKBNR w KQkq - 1 4,0
rnbq1bnr/p1pk1pp1/4p3/1p1p2Np/1P6/B3P3/P1PP1PPP/RN1QKBR1 b Q - 3 6,1
rnbqkbnr/pp1ppp1p/Q1p3p1/8/8/4P3/PPPP1PPP/RNB1KBNR b KQkq - 1 3,1
rnbqk1nr/1pppp2p/7b/p4pB1/8/1P1P1P2/P1P1P1PP/RN1QKBNR w KQkq - 0 5,1
r1bqkb1r/pp1pp2p/n4ppB/2p5/3PP3/3Q1P2/PPP3PP/RN2KBNR b KQkq - 2 6,1
rnbqkbnr/pp1ppppp/2p5/8/1PP5/5P2/P2PP1PP/RNBQKBNR w KQkq - 1 4,0
r1bqkbnr/ppppp2p/2n5/6p1/P2P2p1/2P5/1P2PPBP/RNBQK1NR b KQkq - 0 5,0
rnbqkb1r/p2pp1pp/1pp5/5p2/QP3P1n/2PP4/P3P1PP/RNB1KBNR w KQkq - 0 7,1
rn1qkb1r/2p1pppp/pp1p3B/5b2/2PP4/5P2/PP2PKPP/RN1Q1BNR w kq - 2 6,1
rn2kbnr/pp2pppp/7B/2pp1b2/8/N2P2PP/PPP1PK2/R2Q1BNR w kq - 2 7,1
rnbqkb1r/pp3ppp/2p4n/1B1pp3/P2PP3/7N/1PP2PPP/RNBQK2R w KQkq - 0 6,0
rnbqkb1r/ppppp1pp/8/5p1n/3PP3/5P2/PPP3PP/RNBQKBNR w KQkq - 1 4,1
rn1qkbnr/p1ppp1pp/b4p2/8/P7/RPp4P/3PPPP1/1NBQKBNR b Kkq - 1 6,1
rnbqkbnr/pp1ppppp/8/2p5/P3P3/7P/1PPP1PP1/RNBQKBNR b KQkq - 0 3,0
rn2kbnr/p1p1ppp1/1pb4p/3q4/1P4P1/7P/P2PPP2/RNBQKBNR w KQkq - 0 7,0
r1bqkbr1/pppppp2/2n3pn/6Pp/2N1P3/8/PPPPNP1P/R1BQKB1R b KQq - 2 6,0
rnbqkb1r/p2ppp1p/1p3np1/2p5/8/NP4PN/P1PPPPBP/R1BQK2R b KQkq - 1 5,0
rnbqkbnr/p1p1ppp1/1p6/3p1P1p/P6P/3P4/1PPNP1P1/R1BQKBNR b KQkq - 1 6,1
rnbqkbnr/1p2pppp/8/p1pp4/4P3/1P3NPP/P1PP1P2/RNBQKB1R b KQkq - 0 5,0
rnbqkbr1/1ppppppp/7n/p7/5PP1/2N5/PPPPP2P/R1BQKBNR w KQq - 0 4,1
1nbqkb1r/1pp1pp2/r2p1B2/p5pp/1P3NP1/8/P1PPPP1P/RN1QKB1R w KQk - 0 7,1
r2qkbnr/ppp1pppp/3p4/5b2/3n2PP/2NBP3/PPPP1P2/R1BQK1NR b KQkq - 2 5,0
rnbqkbnr/1pppp1p1/5p2/p7/3P2P1/4B3/PPP1PP1P/RN1QKBNR b KQkq - 1 4,0
rnbqkbnr/p2ppppp/8/1p6/1Pp5/P6P/2PPPPP1/RNBQKBNR w KQkq - 0 4,0
rnbqkbnr/2ppppp1/1p5p/p7/6P1/P1N4P/1PPPPP2/R1BQKBNR b KQkq - 0 4,0
rnb1kbnr/ppppqppp/8/4p3/4P3/8/PPPP1PPP/RNBQKBNR b KQkq - 0 3,0
rnbqkbnr/1ppp2pp/8/p3pp2/8/N1P4P/PP1PPPP1/1RBQKBNR b Kkq - 0 4,1
rnb1kbnr/1pppq3/5p1p/p3p1p1/1PP5/P4N2/3PPPPP/RNBQKB1R w KQkq - 0 7,0
rn2kbnr/pp1bpppp/3q4/2pp2N1/Q7/P1P5/1P1PPPPP/RNB1KBR1 b Qkq - 6 6,1
rnb1kb1r/pppp2pp/4p2n/5pq1/7P/2PP4/PP1NPPP1/R1BQKBNR w KQkq - 0 5,1
rnbqkb1r/1pp1pppp/5n2/p2p4/3P4/P1N5/RPP1PPPP/2BQKBNR b Kkq - 1 4,0
rnbqkbnr/1ppp1p1p/p3p1p1/8/1P4P1/5N2/P1PPPP1P/RNBQKB1R w KQkq - 0 4,0
r1bqkbnr/pppp1p1p/2n1p1p1/8/8/2PP1N2/PP2PPPP/RNBQKB1R w KQkq - 1 4,0
r1bqkbnr/p1pppppp/np6/8/8/1P4PB/P1PPPP1P/RNBQK1NR b KQkq - 2 3,0
rnbqkb1r/p1pppp1p/1p4pn/8/NP6/P2P1N2/2P1PPPP/R1BQKB1R b KQkq - 2 6,0
rnb1kbnr/pppp1ppp/4pq2/8/4P3/N7/PPPPKPPP/R1BQ1BNR b kq - 3 3,1
rnbqkb1r/3ppppp/2p5/pp6/1PP1n2P/1Q3NP1/P2PPP2/RNB1KB1R b KQkq - 4 6,1
rnbqkb1r/1ppppppp/p4n2/8/3P4/5P2/PPP1PKPP/RNBQ1BNR b kq - 2 3,1
rnb1kbnr/pp1ppppp/1q6/2p5/2P1N3/8/PP1PPPPP/R1BQKBNR b KQkq - 0 3,0
rn1qkbnr/3ppppp/b1p5/pp2P3/6PP/8/PPPP1P2/RNBQKBNR b KQkq - 0 5,0
rnbqkbnr/pp1pppp1/8/2p4p/6P1/3PP3/PPP2P1P/RNBQKBNR b KQkq - 0 3,1
rnbqkbnr/pp2pp1p/3p2p1/2pP4/8/5P2/PPP1P1PP/RNBQKBNR w KQkq - 0 4,0
rnbqkbnr/pBpp3p/8/6p1/P3pp2/1P2P3/2PPNPPP/RNBQK2R b KQkq - 0 6,1
r1bqkbnr/p1pppppp/np6/8/2P2P2/1P6/P2PP1PP/RNBQKBNR b KQkq - 0 3,0
2bqkbnr/rpp1p1p1/n2p3p/pN3p2/5P2/6PP/PPPPP1B1/R1BQK1NR w KQk - 2 7,1
r1bqkbnr/pp1ppppp/n7/2p5/5P1P/2N3P1/PPPPP3/R1BQKBNR b KQkq - 1 4,0
rnbqkbnr/p1pp1ppp/1p6/4p3/Q2P4/2P5/PP2PPPP/RNBK1BNR w kq - 0 5,1
r1bqkbnr/p1ppp1pp/2n3p1/1p6/2P5/8/PP1PPPPP/RNB1KBNR w KQkq - 0 4,1
rnbq1b1r/1ppkpp1p/8/p1Pp2p1/6n1/P1N5/1P1PPPPP/R1BQKBNR w KQ - 1 7,1
rnbqkbnr/p2p1ppp/4p3/1pp5/6P1/P1P5/1P1PPP1P/RNBQKBNR w KQkq - 0 4,0
rnb1kbnr/pp1p1ppp/2p5/4p3/1P4Pq/8/PBPPPP1P/RN1QKBNR w KQkq - 1 4,0
r1bqkbnr/pppppp1p/6p1/n3P3/7P/8/PPPP1PP1/RNBQKBNR b KQkq - 0 4,0
r1bqkbnr/p2pppp1/1p6/2p4p/3nP3/2PB1Q1P/PP1P1PP1/RNB1K1NR w KQkq - 0 6,1
r1bqkbnr/p1p1pppp/2np4/1p6/1P5P/P1N2P2/2PPP1P1/R1BQKBNR b KQkq - 0 6,0
rnbqkbnr/pppppp2/8/6pp/3B4/1P1P3P/P1P1PPP1/RN1QKBNR b KQkq - 1 6,0
r1bqkb1r/1ppppppp/p1n5/8/6n1/7P/PPPPPPPR/RNBQKBN1 w Qkq - 2 5,1
rnbqk1nr/ppp1p2p/6pb/3p4/1P2p3/N4P2/P1PP2PP/R1BQKBNR w KQkq - 0 6,1
r1bqkb1r/pppppp1p/2n3pn/1N6/3P4/7P/PPP1PPP1/R1BQKBNR b KQkq - 4 4,0
rnbqkbnr/pp2pppp/2p5/3p4/4PP2/8/PPPP2PP/RNBQKBNR b KQkq - 0 3,1
rnb1kbnr/pp1ppp1p/1q6/2p3p1/8/P1P3PN/1P1PPP1P/RNBQKB1R w KQkq - 1 5,1
rnbqkbnr/1p2pp1p/p1pp2p1/8/PPP1P3/7P/3P1PP1/RNBQKBNR b KQkq - 0 5,0
r1bqkb1r/p1pppppp/2n4n/1p6/P3P1P1/8/1PPP1P1P/RNBQKBNR w KQkq - 1 4,1
rn2kbnr/pppqpp1p/3p4/5bp1/Q1P5/8/PP1PPPPP/RNB1KBNR w KQkq - 4 5,0
r1bqkbnr/p1pp1ppp/8/1p1Pp3/Pn6/R4P2/1PP1P1PP/1NBQKBNR b Kkq - 0 5,0
r1bqkbnr/1p1pp2p/B1n3p1/2p2p1Q/1PP2P2/4P3/P2P2PP/RNB1K1NR b KQkq - 0 6,1
r1bqkbnr/pppppp1p/8/nN4p1/2P5/8/PP1PPPPP/R1BQKBNR w KQkq - 4 5,1
rnb1k1nr/pppp1p2/4p1qb/6pQ/1P2P3/P7/2PP1PPP/RNBK1BNR w kq - 3 7,1
rnbqkbnr/1ppppp1p/6p1/p7/2P5/5PP1/PP1PP2P/RNBQKBNR b KQkq - 0 3,0
rnbqkb1r/p1p2ppp/3pp2n/1p4N1/8/NP6/P1PPPPPP/R1BQKB1R w KQkq - 0 5,0
rnbq1bnr/1ppppkp1/p6p/5p2/P3N3/5P2/1PPPP1PP/R1BQKBNR w KQ - 2 5,0
rnbqkb2/pppppp1p/r6n/6p1/1P4P1/5P2/P1PPPN1P/RNBQKB1R w KQq - 1 6,1
rnbqkbnr/pppp1pp1/4p3/8/PP5p/8/R1PPPPPP/1NBQKBNR w Kkq - 0 4,0
rnbqkb1r/pp1p1p1p/2p1p2n/6p1/1P2P2P/8/P1PP1PP1/RNBQKBNR w KQkq - 0 5,1
r1bqkb1r/pppppp1p/2n4n/6p1/P3P3/5N2/1PPP1PPP/RNBQKB1R w KQkq - 1 4,1
rnbqkb1r/1p1pppp1/5n2/pP4Bp/3P4/2p4P/P1PNPPP1/R2QKBNR w KQkq - 0 7,0
rnb1kbnr/pp1p1p1p/4pq2/2p3p1/8/BPP2N1P/P2PPPP1/RN1QKB1R b KQkq - 1 5,0
rnbqk1nr/p2pbppp/1pp5/4p3/3P1P2/N6P/PPPKP1P1/R1BQ1BNR b kq - 0 6,1
r1bqkbnr/2pppppp/1p6/p7/3N2PP/1Pn4B/P1PPPP2/RNBQK2R w KQkq - 0 7,1
rn1qkb1r/1ppbp1pp/5n2/p2p1pB1/3P3P/N6N/PPP1PPP1/R2QKB1R b KQkq - 4 6,0
r1bqkbnr/2pppppp/ppn5/1N6/2P5/8/PP1PPPPP/R1BQKBNR w KQkq - 2 4,0
rnbqkb1r/p2p1p1p/4pnp1/1pP5/4P3/2P3P1/P2P1P1P/RNBQKBNR b KQkq - 0 6,0
rn1qkbnr/ppp1pppp/4b3/3p4/6Q1/4PN2/PPPP1PPP/RNB1KB1R b KQkq - 3 3,1
rnb1kbnr/ppppqppp/4p3/6P1/8/5N2/PPPPPP1P/RNBQKB1R b KQkq - 0 3,0
r1b1kbnr/pp1ppp2/2n4p/2p3p1/4N3/q4NP1/RPPPPP1P/2BQKB1R w Kkq - 1 7,1
1rbqkbnr/1ppppppp/2n5/p7/4P3/6P1/PPPPKP1P/RNBQ1BNR w k - 1 4,0
rnbqkbn1/p2pp2r/1pp3p1/5p2/2P5/3PP3/PP3PPP/RNBK1BNR w q - 2 7,1
r1bqkbnr/p1ppp2p/5pn1/1p4p1/1P1P1PP1/7B/P1P1P2P/RNBQK1NR w KQkq - 1 7,0
r1bqkbnr/p1pp1p1p/n5p1/1p2p3/3PP3/6P1/PPP2P1P/RNBQKBNR w KQkq - 0 5,1
rn1qkb1r/p3pppp/1pp4B/3p1P2/7P/3P1P2/PPP1P3/RN1QKBNR b KQkq - 0 6,1
r1bqkbn1/1ppp1pp1/2n4r/p3pP2/P6p/R6N/1PPPP1PP/1NBQKB1R w Kq e6 0 7,1
rnb1k2r/1pppnppp/4p3/p7/P6q/b5P1/1PPPPPBP/RNBQK1NR w KQkq - 6 6,1
rnbq1bnr/pppkpppp/3p4/8/2P3P1/8/PP1PPP1P/RNBQKBNR b KQ - 0 3,0
rn1qkb1r/p1pbpppp/1p3n2/3p4/P5P1/N1P5/1P1PPP1P/R1BQKBNR w KQkq - 2 5,0
rnbqkbnr/1pppp2p/p7/3N1Pp1/8/P4N2/1PPPPP1P/R1BQKB1R b KQkq - 1 6,1
rnbqkb1r/pp2pppp/2pp3n/8/6P1/2N2N1P/PPPPPP2/R1BQKB1R b KQkq - 1 4,1
r1bqkbnr/1pp1p1p1/2n2p1p/p2p2N1/6P1/3PP3/PPP1KP1P/RNBQ1B1R b kq - 1 6,1
rn1qkbnr/2pbpppp/3p3B/pp6/3P4/5P1P/PPP1P1P1/RN1QKBNR w KQkq - 0 5,0
rnbqkbn1/ppppp2r/B5pp/8/1P2p3/6P1/P1PP1P1P/RNBQK1NR b KQq - 0 6,1
rnbqkb1r/1p1ppp2/p4npp/2p5/P1P5/N3P2P/1P1P1PP1/R1BQKBNR w KQkq - 1 6,0
rnb1kbnr/p1pp1q1p/p4p2/R3p1p1/8/2N3P1/1PPPPP1P/2BQKBNR w Kkq - 0 7,0
rnbqkbnr/p2ppppp/2p5/1p6/6P1/4PN2/PPPP1P1P/RNBQKB1R b KQkq - 0 3,0
1nbqk1nr/rpp1pp1p/3p3b/p5p1/3PN3/8/PPPKPPPP/1RBQ1BNR w k - 0 6,1
rnbq1bnr/pppppkpp/5p2/8/Q6P/2P5/PP1PPPP1/RNB1KBNR b KQ - 0 3,0
rnbqkbn1/pppp2pr/5p1p/4p3/1P6/P1P2P2/3PP1PP/RNBQKBNR w KQq - 1 5,1
rnb1kb1r/1p1ppppp/pq6/2p5/1PP3n1/P6P/3PPP2/RNBQKBNR w KQkq - 1 6,1
rnbqkb1r/pp2pppp/5n2/2Pp4/8/1P3N2/P1P1PPPP/RNBQKB1R b KQkq - 1 4,0
rnbqkbnr/p1p1pp1p/3p4/1p4pQ/4P3/3B4/PPPP1PPP/RNB1K1NR w KQkq - 0 4,1
rnbqkbnr/pp1ppppp/8/1Pp5/8/P6P/2PPPPP1/RNBQKBNR b KQkq - 0 4,0
r1bqkbnr/pppppppp/8/8/2n5/P3P1PN/1PPP1P1P/RNBQKB1R b KQkq - 0 4,0
rnb1kbnr/p1pp1ppp/1p2p3/6qP/5P2/6P1/PPPPP3/RNBQKBNR b KQkq - 0 4,0
rnbqkbnr/1ppppp2/p7/6p1/P2P3p/7N/1PP1PPPP/RNBQKB1R b KQkq - 0 5,0
1rbqkbnr/p1ppppp1/1pn4p/8/P5P1/5N2/1PPPPPBP/RNBQK2R w KQk - 0 5,0
rnbqk1nr/pp1p2pp/2p2p2/2b1p3/8/1QP1P2N/RP1P1PPP/1NB1KB1R b Kkq - 1 6,1
rn1qkbnr/ppp1pp1p/3p4/6p1/P1b1P1P1/7N/1P1P1P1P/RNBQKB1R w KQkq - 0 6,1
r1bqkbnr/p1p1pp1p/2np4/1p4p1/1P1P4/4P2N/P1P2PPP/RNBQKB1R w KQkq - 0 5,1
1rbqkbnr/pppppppp/2n5/8/2P5/6P1/PPQPPP1P/RNBK1BNR w k - 5 5,0
rn1qkbnr/ppp1pppp/8/3P3R/8/8/PPPP1Pb1/RNBQKBN1 b Qkq - 1 4,1
r1bqkbnB/1ppppp2/n5p1/7p/1p6/6P1/P1PPPP1P/RN1QKBNR w KQq - 0 6,1
r1bqkb1r/pppppppp/5n2/8/3P4/1nP3B1/PP2PPPP/RN1QKBNR w KQkq - 1 5,1
rn1qk2r/p1pp1ppp/5n2/1p2p1P1/8/b1N2b2/1PPPPP1P/1RBQKB1R w Kkq - 2 7,1
rnbqkb1r/ppp1pppp/8/3p4/3Pn3/2P2PP1/PP2P2P/RNBQKBNR b KQkq - 0 4,0
rnb1kbnr/pppp1ppp/8/4p3/5P1R/8/PPPPP1P1/RNBQKBN1 b Qkq - 0 3,1
rnbqkbnr/1pp1pp2/6p1/p2p3p/3P1P2/N6P/PPP1P1P1/R1BQKBNR w KQkq - 0 5,0
rnbq1bnr/pp1pk1p1/4p1B1/2p2p2/4P2P/6P1/PPPP1P2/RNBQK1NR b KQ - 2 6,1
rn1qkbnr/p1p1pppp/1p1p4/5b2/8/3N4/PPPPPPPP/RNBQKB1R w KQkq - 2 4,0
rn1qkbnr/ppp2pp1/8/3ppb1p/3PP3/8/PPPNNPPP/R1BQKB1R w KQkq - 0 5,1
r1bqkbnr/pppppp2/n5p1/7p/3P4/2Q5/PPPKPPPP/RNB2BNR b kq - 3 4,1
rnbqkbnr/ppp1p1pp/3p4/5p2/3P4/NP6/P1P1PPPP/R1BQKBNR w KQkq - 0 4,0
rnbk1bnr/pppp1pp1/8/4p2p/3P1P1q/6PN/PPP1P3/RNBQKB1R b KQ - 0 5,1
rnbqkbn1/pppp1p1r/6pp/4p3/4PP2/N7/PPPPB1PP/R1BQK1NR b KQq - 0 6,0
rn1qkbnr/pp2pp1p/3p2p1/2p5/4P2Q/2P5/PP1P1PbP/RNB1KBNR w KQkq - 1 7,1
r1bqkbnr/p1pp1ppp/1pn1p3/8/8/2PP3N/PP2PPPP/RNBQKB1R w KQkq - 0 4,0
rnbqkbnr/ppppp2p/8/5pp1/3P1PQ1/4P2P/PPP3P1/RNB1KBNR b KQkq - 1 5,1
rnbqk1nr/pppp1ppp/3bp3/8/8/PP5N/2PPPPPP/RNBQKB1R b KQkq - 0 3,0
rnbqkb1r/p1pppppp/5n2/1p6/4P2P/8/PPPPBPP1/RNBQK1NR b KQkq - 2 3,0
rnbqkb1r/pp1pn1pp/2p2p2/4p3/5P2/N7/PPPPPKPP/R1BQ1BNR b kq - 1 5,1
rnbq1bnr/p1pkpppp/8/1p1p4/1P6/N1P4P/P2PPPP1/R1BQKBNR b KQ - 0 4,0
rnbqkbnr/2pp1ppp/pp6/4p3/P7/N5P1/1PPPPP1P/R1BQKBNR w KQkq - 0 4,0
rnbqkbnr/1pppp2p/5p2/p5p1/2P1P2P/8/PP1P1PP1/RNBQKBNR w KQkq - 0 4,0
1nbqkbnr/rppppp1p/p7/5Pp1/3P4/8/PPP1PKPP/RNBQ1BNR b k - 0 4,0
rnbqkbnr/pppp2pp/4pp2/8/8/N3P2P/PPPP1PP1/R1BQKBNR b KQkq - 0 3,0
rnbqkbnr/1p1ppppp/p1p5/8/2P3P1/5N2/PP1PPP1P/RNBQKB1R b KQkq - 1 3,0
r1bqkbnr/p2ppppp/n6B/1pp5/3P4/6P1/PPP1PP1P/RN1QKBNR w KQkq - 0 4,0
rnbqkb1r/pppppp1p/6pn/8/8/PP3P2/R1PPP1PP/1NBQKBNR w Kkq - 1 5,0
rnbqkb1r/pp2pp1p/2p4n/P2p2p1/R7/2PP4/1P2PPPP/1NBQKBNR b Kkq - 1 5,0
r2qkbnr/pb1pp2p/n1P2p2/6p1/3P4/N6P/1PP1PPP1/R1BQKBNR w KQkq - 0 7,1
r1b1kbnr/p1pqppp1/2np3p/1p3P2/1P6/N6N/P1PPP1PP/R1BQKB1R w KQkq - 2 6,0
rnb1kbnr/pp2p1pp/2p5/q2N1p2/1P6/8/P1PPPPPP/1RBQKBNR w Kkq - 0 5,1
rnbqkbnr/pppp1pp1/7p/4p3/6P1/3P1P2/PPP1P2P/RNBQKBNR b KQkq - 0 3,1
rnb1kbnr/1p1pp1pp/pqp2p2/8/PP6/2N4P/2PPPPP1/R1BQKBNR w KQkq - 2 5,1
rn2kbnr/pp3ppp/2pq4/3ppb2/2P1P3/N4PP1/PP1PK2P/R1BQ1BNR w kq - 1 7,1
1rbqkbnr/pppppp2/2n3pp/8/PP5P/B5P1/2PPPP2/RN1QKBNR b KQk - 1 5,0
rnbqkb1r/p1pppp1p/6p1/1p6/6n1/2PP2P1/PP1NPPBP/R1BQK1NR w KQkq - 0 6,1
rnbqkb1r/pp1ppp1p/2p4n/6p1/4P3/N7/PPPPKPPP/R1BQ1BNR w kq - 2 4,0
rnbqkbnr/p2ppppp/2p5/8/Pp6/1P1P4/2P1PPPP/RNBQKBNR w KQkq - 0 4,0
rnbqkb1r/ppp2p1p/4p1Qn/3p4/P1P5/1P5P/3PPPP1/RNB1KBNR b KQkq - 0 6,1
rnb1kbnr/pp3ppp/B2p4/q1p1p3/1P6/4P2P/P1PP1PP1/RNBQK1NR w KQkq - 0 5,1
r1bqkbnr/1pppppp1/p1n1N3/7p/7P/8/PPPPPPP1/RNBQKB1R b KQkq - 2 4,1
rnb1kbnr/p1qpp1pp/8/1pp2p2/8/1PN2PPB/P1PPP2P/R1BQK1NR w KQkq - 0 6,1
rnb1kbnr/ppqp1ppp/4p3/2p1P3/P6P/8/1PPPNPP1/RNBQKB1R b KQkq - 2 6,1
1rbqkbnr/p2n1ppp/1pp1p3/3p4/P1QP4/2N5/1PP1PPPP/R1B1KBNR w KQk - 0 7,0
rnbqkbnr/pppp2p1/7p/4pp2/P4P2/2N5/1PPPP1PP/R1BQKBNR w KQkq - 0 4,1
rnbqkb1r/2pppppp/5n2/pp6/2P3P1/7N/PP1PPP1P/RNBQKB1R b KQkq - 0 4,1
rnbqkb1r/pp1pnQ2/7p/2p1p1p1/P5P1/2P1P3/1P1P1P1P/RNB1KBNR b KQkq - 0 6,1
r1bqkbnr/p1ppp1pp/1p6/5p2/1nP5/P6P/1P1PPPPR/RNBQKBN1 w Qkq - 0 5,1
rnbqk1n1/pppp1ppr/4p2p/2b5/3P4/N3KPP1/PPP1P2P/R1BQ1BNR b q - 2 6,0
rnbqkb1r/ppppp2p/6pn/8/1P1P4/5p1P/PBP1PPPR/RN1QKBN1 b Qkq - 1 6,0
1rbqkbnr/pppppp1p/2n3p1/8/8/2PP2P1/PP2PP1P/RNBQKBNR w KQk - 0 4,0
rnb1kbnr/pppp1p1p/4p3/6q1/7p/1P4P1/P1PPPP2/RNBQKBNR b KQkq - 2 5,1
rnbqkb1r/p1pp1p1p/6pn/1pN1p3/1P6/8/P1PPPPPP/R1BQKBNR w KQkq - 0 5,0
rnbqkb1r/1p1ppppp/p1p4n/8/1P6/P2P4/2P1PPPP/RNBQKBNR w KQkq - 0 4,0
r1bqkbnr/1pppppp1/8/p6p/3n3P/1P1P1N2/P1P1PPP1/RNBQKB1R w KQkq - 2 5,1
r1bqkb1r/p1pppppp/1p5n/8/1P6/2PBPN2/P2P1PPP/RNBQK2R w KQkq - 1 6,1
rn1qkbnr/pbppp1pp/5p2/8/1p1PP3/8/PPPB1PPP/RN1QKBNR w KQkq - 0 5,1
rn1qkbnr/p1ppp1pp/b7/1p3p2/8/7N/PPPPPPPP/RNBQKB1R w Qkq - 2 4,0
r1bqkbnr/ppppp1pp/5p2/6B1/1n6/3P1P2/PPP1P1PP/RN1QKBNR w KQkq - 3 4,0
rnbqkbnr/p3p1pp/2pp1p2/1p6/6P1/2PPP3/PP2BP1P/RNBQK1NR b KQkq - 0 5,0
r2qkbnr/pppbp1pp/2np1p2/8/3P4/3BP2P/PPP2PP1/RNBQK1NR w KQkq - 3 5,0
rnbqk2r/pppp1pb1/5n1p/4p1p1/2QP4/1P2P3/P1P2PPP/RNB1KBNR w KQkq - 1 6,0
r1bqkbnr/1pppppp1/7p/p7/Pn3P2/7P/1PPPP1P1/RNBQKBNR w KQkq - 1 5,0
r1bqkbnr/ppppppp1/n7/7p/1PP5/1Q6/P2PPPPP/RNB1KBNR w KQkq - 2 4,1
rnbqkbnr/p1p1ppp1/2P5/3p3p/1p6/5N2/PP1PPPPP/RNBQKB1R w KQkq - 0 5,0
r1bqkbn1/1pp1pppr/p1n5/3p3p/6Q1/P2BP1P1/1PPP1P1P/RNB1K1NR b KQq - 0 6,1
rnbqk1r1/1ppp1ppp/p4n2/4p3/Pb4P1/BP6/2PPPP1P/RN1QKBNR b KQq - 2 6,1
rnbqkb1r/pppp1ppp/4p2n/8/2P1P2P/8/PP1P1PP1/RNBQKBNR b KQkq - 0 3,0
r1bqkbnr/pp1p2p1/5p1p/2p1p3/2Q5/2PP1P2/PP2P1PP/RNB1KBNR b KQkq - 0 6,1
rnbqkbnr/p1ppp2p/1p3pp1/8/2P5/N5P1/PP1PPP1P/R1BQKBNR w KQkq - 0 4,1
r1bqkb1r/pppppppp/n4n2/8/8/P2P1N2/1PP1PPPP/RNBQKB1R b KQkq - 0 3,0
rnbqkbnr/pp1pppp1/2p4p/7Q/5P2/4P3/PPPP2PP/RNB1KBNR b KQkq - 1 3,0
rnb1kbnr/1ppqp1p1/p4p1p/3p4/8/2N1PN2/PPPP1PPP/R1BQKB1R w KQkq - 0 6,1
rnbqkb1r/pp1pppp1/2p4n/7p/P4P2/4P2N/1PPP2PP/RNBQKB1R w KQkq - 0 5,0
r1bqkbnr/2pp1ppp/1pn5/p3p2Q/5P2/3PP3/PPP3PP/RNB1KBNR b KQkq - 2 5,1
rnbqkbn1/pppQpp2/8/7r/4P1p1/8/PPPPKPP1/RNB2BNR b q - 0 6,1
rn1qkbnr/pp2pp1p/3p4/2p3p1/6b1/N1P3PN/PP1PPP1P/R1BQKB1R w KQkq - 0 5,1
rnb1kb1r/ppqp1ppp/5n2/2p1p3/4P3/2P3PB/PP1P1P1P/RNBQK1NR w KQkq - 0 5,0
rnbqkb1r/1ppppp1p/7n/p5p1/P3P3/R5P1/1PPP1P1P/1NBQKBNR b Kkq - 1 4,0
rnbqkbnr/1ppppp1p/6p1/p7/1P6/2NP4/P1P1PPPP/R1BQKBNR b KQkq - 0 3,1
r1bqkbnr/2ppp1p1/ppn4p/5p2/1P3P1P/4P1K1/P1PP2P1/RNBQ1BNR b kq - 0 6,1
r1bqkb1r/pppp1ppp/2n2n2/4p3/2PP4/4B3/PP2PPPP/RN1QKBNR w KQkq - 0 4,0
rnbqk1n1/pppp1ppr/3bp3/7p/8/2N1P3/PPPPKPPP/1RB1QBNR b q - 3 5,0
rnbqkbnr/p1pp1pp1/1p5p/4p3/1P1P1N2/8/P1P1PPPP/RNBQKB1R b KQkq - 1 4,1
r1bqkbnr/ppppppp1/2n5/7p/P1PP4/8/1P2PPPP/RNBQKBNR b KQkq - 0 3,0
rnb1kbnr/1p1ppppp/p1p5/8/1P5P/N5q1/P1PPPPP1/1RBQKBNR w Kkq - 0 5,1
rnbqkbn1/pp2pppr/2pp4/7p/7N/NP6/P1PPPPPP/R1BQKB1R w KQq - 2 5,0
r1bqkb1r/2pppp2/1pn2npp/p7/P1P5/BPN2N2/3PPPPP/R2QKB1R w KQkq - 2 7,0
r1bqkbnr/pp2pppp/n7/2pp4/P3P3/N5PN/1PPP1P1P/R1BQKBR1 b Qk - 2 6,0
rnbq1bnr/p1pppkp1/8/1p3p1p/PP1P4/5N2/2P1PPPP/RNBQKB1R w KQ - 0 5,1
rnb1kbnr/ppqp1pp1/8/2p1p1Np/6P1/1P6/PBPPPP1P/RN1QKB1R b KQkq - 0 5,1
r1bqkbnr/ppppppp1/2n4p/7P/P7/1P6/2PPPPP1/RNBQKBNR w KQkq - 0 5,0
rnbqkbnr/pppppp2/7p/6p1/8/1P4PB/P1PPPP1P/RNBQK1NR b KQkq - 1 3,0
r1bqkbnr/p1p1ppp1/np5p/8/PPPp1PP1/4P3/3P3P/RNBQKBNR b KQkq c3 0 6,1
r2qkbnr/ppp2pp1/2npp3/5b1p/3P4/NP1Q3P/P1P1PPP1/R1BK1BNR w kq - 0 7,1
rnbqkbnr/1ppp1pp1/p6p/4P3/6P1/7P/PPPPP3/RNBQKBNR b KQkq - 0 4,0
r1bqkbnr/pp1pp1pp/n1p2p2/8/8/3P3N/PPPKPPPP/RNBQ1B1R w kq - 0 4,0
rnbqk1nr/ppppp2p/7b/5p2/3PPp2/1PN5/P1P2PPP/R2QKBNR b KQkq - 0 5,1
r1bqkbnr/ppppp2p/5pp1/2n5/8/N4P1P/PPPPPKPR/R1BQ1BN1 b kq - 5 5,1
rnbqkbnr/2ppppp1/1p5p/p7/4P3/N4P2/PPPPB1PP/R1BQK1NR b KQkq - 0 4,0
rnb1qbnr/1p1kpppp/2p5/p2p4/2P4P/P4P1R/1P1PPKP1/RNBQ1BN1 b - - 0 6,0
rnbqk1nr/1pp1bppp/3pp3/p7/PP6/4P2P/2PP1PP1/RNBQKBNR b KQkq - 0 5,1
rnbqkb1r/pp1ppp2/2p3pn/1N5p/2P5/4P2P/PP1PNPP1/R1BQKB1R w KQkq - 3 7,0
rnbqkb1r/pp2pppp/2p4n/3p4/7P/1P4P1/P1PPPP2/RNBQKBNR w KQkq - 0 4,0
rnb1kbnr/p1pqpp1p/1p1p1p2/8/4P3/5N2/PPPP1PPP/R1BQKB1R b KQkq - 0 5,1
rnbqkbnr/pp1p1ppp/8/2p1p3/1P6/2P5/PB1PPPPP/RN1QKBNR b KQkq - 0 3,0
rnbqkbnr/1pppp1pp/8/p4p2/4N3/4P3/PPPP1PPP/R1BQKBNR w KQkq - 0 4,0
rnb1k1nr/p1pp1ppp/4p3/1pb5/1PP4q/P7/3PPPPP/RNBQKBNR w KQkq - 1 5,1
rnbqkb1r/pp1p1p1p/6pn/2p1p3/Q7/P1P4N/1P1PPPPP/RNB1KB1R w KQkq - 0 5,0
rn1qkbnr/pp2pppp/2p5/3b4/2Pp1B2/P2P4/1P2PPPP/RN1QKBNR w KQkq - 1 6,1
rnbqkb1r/1pp1pppp/3p1n2/p7/1P6/5N2/P1PPPPPP/RNBQKB1R w KQkq - 0 5,0
r1bq1bnr/p1pp1kpp/1pn2p2/4p3/2P2PP1/N6P/PP1PP3/R1BQKBNR w KQ - 0 6,0
rnbq1bnr/pp2kpp1/2pp3p/4p3/2P3P1/5N1B/PP1PPP1P/RNBQK2R w KQ - 0 6,0
rnb1kb1r/ppp2ppp/4p2n/3p2q1/4P1PP/5P2/PPPP4/RNBQKBNR w KQkq - 1 5,1
rnbqk2r/pppp1p1p/4p2n/6p1/P1PP4/5PbP/1P2PKP1/RNBQ1BNR w kq - 3 7,1
rnbqkbnr/ppppp1p1/5p1p/8/8/1P2P3/P1PPBPPP/RNBQK1NR b KQkq - 0 3,1
rnbqkbnr/ppppp2p/5p2/5p2/P2P4/8/1PP1P1PP/RNBQKBNR b KQkq - 0 4,0
rn1qkbn1/pp2pppr/3p4/2p4p/4N1bP/1P6/P1PPPPP1/RNBQKB1R w KQq - 1 6,0
rnbqkbnr/2pppppp/pp6/8/P7/4P2P/1PPP1PP1/RNBQKBNR b KQkq - 0 3,0
1rb1kb1r/pp1ppppp/n7/q1p2P1n/2P5/3P3P/PP2PKP1/RNBQ1BNR w k - 1 7,1
rnbqkb1r/pppppp2/6pn/7p/1P1P3P/8/P1P1PPP1/RNBQKBNR w KQkq - 1 4,0
r1bqkb1r/1ppnpp1p/p5pn/3pN3/P7/3P4/1PPNPPPP/R1BQKB1R b KQkq - 1 6,1
rnbqkbnr/pp1p2p1/5p2/2p1p2p/3P1P2/N4NP1/PPP1P2P/R1BQKB1R b KQkq - 1 5,0
rn1qkbnr/pbpppp1p/1p6/6p1/3P3P/5N2/PPP1PPP1/RNBQKB1R w KQkq - 0 4,1
rnb1kbnr/ppp2ppp/3pp3/6q1/2P5/2NP4/PP1QPPPP/R1B1KBNR b KQkq - 5 5,0
rnbqkbnr/1pp2p1p/p3p3/3p2p1/Q7/P1P1PP2/1P1P2PP/RNB1KBNR b KQkq - 1 5,1
r1bqkbnr/2p1pp2/Bpn3p1/3pP2p/1P4P1/N7/P1PP1P1P/R1BQK1NR w KQkq - 0 7,0
rnbqkbnr/1p1pp1pp/8/p1p2p2/P7/5PPP/1PPPP3/RNBQKBNR w KQkq - 0 5,0
rn1qkb1r/pp2nppp/B1p5/3pp3/2P5/4P2b/PP1P1PP1/RNBQK1NR w KQkq - 0 6,0
rnb1kbnr/ppq1p1p1/8/2pp1p1p/3P1N2/N6P/PPP1PPP1/R1BQKBR1 w Qkq - 1 7,1
rnbqkbn1/ppppp1p1/5p1r/7p/4P3/1P3P2/P1PP2PP/RNBQKBNR w KQq - 1 4,1
rnbqkb1r/1p2pppp/2pp1n2/p7/7P/2P3P1/PP1PPP1R/RNBQKBN1 b Qkq - 0 5,1
rnbqkb1r/ppp1pppp/7n/3p4/P7/2N2N2/1PPPPPPP/R1BQKB1R b KQkq - 2 3,0
rnb1kbnr/pp1pppp1/1qp4p/8/3P4/2N5/PPPKPPPP/R1BQ1BNR w kq - 2 4,0
r1b1k1nr/ppppqppp/n7/2b5/2B1P1N1/8/PPPP1PPP/RNBQK2R b KQkq - 4 6,0
rnbqkbnr/ppppp3/6p1/5p1p/3P1P2/7N/PPP1PKPP/RNBQ1B1R b kq - 1 4,0
r1bqkbnr/1pppp1pp/2n2p2/p7/7P/2N5/PPPPPPPR/R1BQKBN1 w Qkq - 0 4,0
rnb1kbnr/pp1p1ppp/8/2p1p1q1/2P5/PQ6/1P1PPPPP/RNB1KBNR b KQkq - 2 4,0
rnbqkbnr/2ppp1pp/p7/1p3p2/4P3/N6N/PPPP1PPP/R1BQKB1R w KQkq - 0 4,1
r1bqkbnr/pP1pp1pp/2n2p2/8/2p5/4P3/1PPP1PPP/RNBQKBNR b KQkq - 0 5,1
r2qkbnr/ppp1pppp/2np3B/8/2P2P2/3P3b/PP2P1PP/RN1QKBNR w KQkq - 1 7,0
rnbqkbnr/1pp1pppp/3p4/p7/6PP/4P3/PPPP1P2/RNBQKBNR w KQkq - 0 4,0
rnbqk1nr/ppp1ppbp/6p1/3p4/P2P4/4P3/1PP2PPP/RNBQKBNR w KQkq - 1 4,0
rnbqkb1r/pppppppp/8/3n2N1/2P5/8/PP1PPPPP/RNBQKB1R b KQkq - 0 3,0
rnbq1bnr/pp1ppkp1/2p2p2/7p/P6P/1P1P4/1BP1PPPR/RN1QKBN1 b Q - 3 6,0
rnbqkb1r/3p1ppp/1pp5/p3pn2/3P1P2/P4NP1/1PP1P1BP/RNBQK2R w KQkq - 0 7,1
r1bqkb1r/pppppp1p/2n4n/6p1/Q4P2/2P5/PP1PP1PP/RNB1KBNR w KQkq - 2 4,1
2bqkbn1/1ppppppr/r1n4p/P7/5P2/3P4/P1PKP1PP/RNBQ1BNR w - - 3 6,0
r1bqkbnr/ppp2ppp/n7/3pp3/8/4PNPP/PPPP1P2/RNBQKB1R w KQkq - 0 5,1
rnbqkbnr/3ppppp/ppp5/8/1P6/2N2NP1/P1PPPP1P/R1BQKB1R b KQkq - 1 4,0
rnbqkbnr/p2pppp1/1pp5/7p/6P1/1P2P3/P1PP1P1P/RNBQKBNR w KQkq - 0 4,0
rn1qkbnr/ppp1pppp/3p4/5bP1/2P5/8/PP1PPP1P/RNBQKBNR b KQkq - 0 3,0
r1bqkb1r/p1pppp1p/2n4n/1p4p1/2PP4/4B2N/PP2PPPP/RNQ1KB1R b KQkq - 0 6,0
rnbqk2r/1pppb1pp/p3p2n/3P1p2/4P3/NP3P2/P1P3PP/R1BQKBNR b KQkq - 0 6,1
r1bqkbnr/ppppp1p1/n7/5p1p/1P3P2/B3P1P1/P1PP3P/RN1QKBNR w KQkq - 1 6,1
rnbqk1nr/p1pp2p1/1p2p3/5p1p/1b2PP1P/N1P5/PP1P2P1/1RBQKBNR b Kkq - 0 6,1
r1bqkbnr/ppppp1p1/n6p/5p2/8/1P1P3P/P1P1PPPR/RNBQKBN1 b Qkq - 0 4,0
r1bqkbnr/p3p1pp/1pp2p2/3pn3/3P2P1/P3P3/1PP2P1P/RNBQKBNR w KQkq - 2 7,1
rnb1kb1r/ppppnppp/8/4p3/7q/BP4P1/P1PPPP1P/RN1QKBNR w KQkq - 3 4,1
rnb2bnr/p1pq1kpp/1p1ppp2/8/P3PPP1/2P5/1P1PK2P/RNBQ1BNR w - - 0 7,0
r1bqk1nr/pppppp1p/7b/2n3p1/1P1PP1Q1/4B3/P1P2PPP/RN2KBNR b KQkq - 4 5,1
rn2kbnr/ppp1p1p1/3q3p/3p1p2/P3P1Q1/6P1/1PPP1P1P/RNB1KBNR b kq - 0 6,1
rnbqk1nr/p1pp2pp/4pp2/1p3P2/2P4P/b1N5/PP1PP1P1/R1BQKBNR b KQkq - 0 5,0
rnbqkb1r/ppppp1pp/5p2/3n4/P7/6PN/RPPPPP1P/1NBQKB1R b Kkq - 0 4,0
r1bqkbnr/p2pppp1/1p6/2p1n2p/2PPP2P/6P1/PP2NP2/RNBQKB1R b KQkq - 0 6,0
rnbqkbnr/pppppp2/7p/6p1/P6P/3P4/1PP1PPP1/RNBQKBNR b KQkq - 0 3,0
rnbqkbnr/1pp1pp1p/p2p2p1/8/2P5/PP5P/3PPPP1/RNBQKBNR b KQkq - 0 4,0
r1bqk2r/pppp2pp/2nb1p1n/4p3/5P2/2N1P1QN/PPPP2PP/R1B1KB1R b KQkq - 4 6,0
rnb1kbnr/ppp2ppp/8/3ppq2/5P2/P2PB3/1PP1P1PP/RN1QKBNR w KQkq - 0 5,0
rnbqkb1r/2ppp1pp/1p3n2/p4p2/3P4/PP6/2PKPPPP/RNBQ1BNR w kq - 0 5,0
rnbqkbnr/pp1ppp2/2p5/1B4p1/4PP1p/1P6/P1PP2PP/RNBQK1NR b KQkq - 0 5,1
rnq1kbnr/pppbp1p1/3p1p2/1B5p/1P2P3/2P4P/P1QP1PP1/RNB1K1NR b KQkq - 1 6,1
rnbqk1nr/1pppppbp/p5p1/8/8/1P3NP1/P1PPPP1P/RNBQKB1R w KQkq - 1 4,0
rnbqkbnr/1ppp1p1p/4p1p1/p7/5P2/2N1P3/PPPPB1PP/R1BQK1NR b KQkq - 1 4,0
rnbqk1nr/pppp1ppp/4p3/8/1b1P1P2/8/PPPBP1PP/RN1QKBNR b KQkq - 2 3,0
2Bqkb1r/2pppppp/2n5/1p6/3P2n1/r3P2P/PPPN1PP1/R1BQK1NR w KQk - 3 7,1
rnbqkbr1/pppppppp/8/6Bn/3P1P2/1P6/P1P1P1PP/RN1QKBNR b KQq - 0 4,0
rnbqkb1r/pppp1p2/6p1/P2np2p/2P5/3P1N2/RP2PPPP/1NBQKB1R b Kkq - 0 6,0
rnbqkb1r/pp2pppp/5n2/2pp4/P1P2P2/8/1P1PP1PP/RNBQKBNR b KQkq - 0 4,1
1nbqkb1r/rppppppp/5n2/p7/Q1P1P3/3P4/PP3PPP/RN2KBNR b KQk - 0 6,1
r1bqkbnr/ppp1ppp1/B2p3p/8/4P1P1/8/PPPP1P1P/RNBQK1NR w KQkq - 0 4,1
r1bq1bnr/1pppkp1p/2B3p1/p3p3/4P3/N7/PPPP1PPP/1RBQK1NR w K - 0 6,1
rnbqkbnr/2ppp1pp/pp6/5p2/P3PP2/6P1/1PPP3P/RNBQKBNR b KQkq - 0 4,0
rn1q1b1r/p1p1pkpp/bp1p3n/1P3p2/2P5/2N3P1/P2PPP1P/R1BQKBNR w KQ - 1 7,1
rnb2bnr/pppk1ppp/4p3/3p4/1P6/P4q1P/2PPPKP1/RNBQ1B1R w - - 0 7,1
r1b1kb1r/pp2nppp/n1Pp1q2/4p3/3P2P1/5P2/P1P1P2P/RNBQKBNR w KQkq - 0 7,0
r1bqkbn1/pp1pp1p1/n6r/2p2p2/P1P1P3/8/1P1PQPPP/RNB1KBNR w KQq - 1 6,1
rnbqkbnr/1ppppppp/p7/8/3P2P1/N3P3/PPP2P1P/R1BQKBNR b KQkq - 0 4,0
rnbqkb1r/1ppppppp/p7/8/N6P/1P3Pn1/P1PPP1P1/R1BQKBNR b KQkq - 0 5,1
r1bqkbnr/p1ppp1pp/2n5/1p3p2/3P1P2/8/PPPKP1PP/RNB1QBNR b kq - 3 4,1
rn2k1nr/p1pp1ppp/bp3q2/4p3/1b6/N4P1P/P1PPP1P1/R1BQKBNR b KQkq - 3 6,0
rnbqkb1r/ppp1pp1p/3p2pn/8/2P5/PP6/2QPPPPP/RNB1KBNR b KQkq - 1 4,0
rnb2bnr/ppqpkppp/8/2p5/1P2p1PP/P7/N1PPPP2/R1BQKBNR w KQ - 1 7,1
rnbqkb1r/ppp1pp1p/3p4/6p1/3PP1n1/8/PPPK1P1P/RNBQ1BNR w kq - 0 5,0
rnbqkb1r/pppp1ppp/4p2n/8/7P/PPN3P1/2PPPP2/R1BQKBNR b KQkq - 1 5,0
rnbqkbnr/1p1ppp1p/8/p1p3p1/8/2NBP3/PPPP1PPP/R1BQK1NR w KQkq - 0 4,1
rn2kb1r/ppp1pppp/3q3n/3p1b2/4PP2/2N5/PPPP2PP/R1BQKBNR w KQkq - 1 6,1
rnbqkb1r/p3pppp/P6n/1p1p2P1/R1p5/8/1PPPPP1P/1NBQKBNR b Kkq - 0 6,1
rnbqk1nr/pp1p1ppp/3bp3/2p5/2P5/1P2PN2/P2P1PPP/RNBQKB1R b KQkq - 2 4,0
rnbqkbnr/p1ppp1pp/1p6/5p2/8/2N1PN2/PPPP1PPP/R1BQKB1R b KQkq - 1 3,0
r1bqkb1r/pppppppp/n7/8/2P3n1/P4N2/1P1PPPPP/RNBQKB1R w KQkq - 1 4,1
r1b1kbnr/ppppqp2/n5p1/7p/3PPp2/5QPP/PPP5/RNB1KBNR w KQkq - 3 7,1
rnbqkb1r/pppp2pp/5p1n/4pP2/8/8/PPPPP1PP/RNBQKBNR w KQkq e6 0 4,0
rnbqkbnr/ppp2ppp/3p4/4p3/1P5P/5P2/P1PPP1P1/RNBQKBNR b KQkq - 0 3,1
rnb1kb1r/ppqppppp/5n2/8/2p2P2/PP6/R1PPP1PP/1NBQKBNR w Kkq - 2 5,0
rnbqkbnr/p1p1pppp/1p6/3p4/3P1P2/8/PPP1P1PP/RNBQKBNR b KQkq - 0 3,0
r1bqkbnr/pppp2pp/2n2p2/4p3/1PP5/3P1N2/P3PPPP/RNBQKB1R b KQkq - 1 4,1
rnb1kbnr/1ppp1ppp/4p3/p5q1/P7/R5PP/1PPPPP2/1NBQKBNR b Kkq - 1 4,1
r1bqkbnr/ppppp1pp/5p2/8/1n3N2/3PPP2/1PP3PP/RNBQKB1R w KQkq - 0 6,0
rnb1kbnr/pp2pppp/3p4/2p2P2/2P5/q1N4P/1P1PP1P1/R1BQKBNR b KQkq - 0 6,1
r1bqkbnr/ppp1p1pp/2n5/5p2/3p2QP/1P2P3/PBPP1PP1/RN2KBNR b KQkq - 1 5,1
rnbqkbnr/1pp3pp/5p2/p2pp3/4PP2/1P5P/P1PP2P1/RNBQKBNR b KQkq - 0 5,1
rnbqkbnr/p2p3p/2p5/1p2ppp1/1P5P/B1N5/P1PPPPP1/R2QKBNR b Kkq - 1 6,1
rnbqk2r/ppppnpb1/8/4p1pp/5P2/P1P1P3/1P1PQ1PP/RNB1KBNR b KQkq - 2 6,1
rnbqkbnr/ppppp1p1/8/7p/5p1P/2NP4/PPP1PPP1/R1BQKBNR w KQkq - 0 4,1
rnbq2nr/pppp1kpp/5p2/2b1pP2/1P6/2P4N/P2PP1PP/RNBQKB1R b KQ - 0 5,0
r1bqkbn1/ppppp2r/1Qn3p1/5p1p/8/2P5/PP1PPPPP/RNB1KBNR b KQq - 1 6,1
1nbqkbnr/r1ppp1pp/p7/1p3p2/7P/2NP4/PPP1PPP1/R1BQKBNR w KQk - 0 5,1
rnbqkb1r/1pp1pppp/3p1n2/8/N6P/8/PPPPPPP1/R1BQKBNR w KQkq - 0 5,0
rnbqkbnr/1p1pp1p1/8/p1p2p1p/5P2/1P5P/P1PPPKP1/RNBQ1BNR w kq - 0 5,0
rnbqkbnr/p1pppp2/p7/6pp/P3P1P1/8/1PPP1P1P/RNBQK1NR b KQkq - 0 4,1
rnbqkbnr/2pppppp/8/pp6/8/1P1PB2P/P1P1PPP1/RN1QKBNR b KQkq - 1 4,0
rnbqkb1r/1p1p1pp1/2p5/p3p2p/3P4/P4P2/1PPBP1PP/RN1QKBNR w KQkq - 0 6,1
rnbqkbnr/p2ppp2/2p4p/1p4p1/N1PP1B2/8/PP2PPPP/R2QKBNR b KQkq - 0 5,1
1rbqk1nr/pppp2pp/4pp2/2n3N1/P5PP/b7/1PPPPPB1/RNBQK2R w KQk - 3 7,1
r1b1kbnr/pp2pppp/1qnp4/8/2p4P/3P1P1N/PPPKP1P1/RNBQ1B1R w kq - 0 6,0
rnbqkb1r/1ppp2pp/4pn2/5p2/p3P1Q1/6P1/PPPP1PBP/RNBK2NR b kq - 1 6,1
rnb1kbnr/p2ppppp/1p6/q1p5/2N5/4P3/PPPP1PPP/R1BQKBNR w KQkq - 0 4,1
rnbqkbnr/1ppppppp/8/p7/5P2/6P1/PPPPP1BP/RNBQK1NR b KQkq - 1 3,0
rnbq1bnr/pppkppp1/3p3p/8/8/P4NP1/1PPPPP1P/RNBQKB1R w KQ - 1 4,1
2bqkbnr/rppppppp/6Q1/p3P3/1n6/5N2/PPPP1PPP/RNB1KB1R b KQk - 1 6,1
r1bqkbnr/2ppp1p1/p5pp/1p2P3/1n3P2/8/PPPPN1PP/RNB1KB1R w KQkq - 1 7,1
rnb1kbnr/pp2p1pp/1q6/2pp1p2/2P1P1P1/8/PP1PNP1P/RNBQKB1R w KQkq - 0 5,1
rnb1k2r/pp1pppbp/2p3pn/1q6/4QP2/2P3PP/PP1PP3/RNB1KBNR w KQkq - 3 7,0
rn2kbnr/ppp1p1pp/1q6/3p1p2/P3P1P1/1P5b/2PP1P1P/RNBQKB1R w KQkq - 1 7,0
r1bqkbn1/1pppppp1/2n2r2/p6P/8/P3KP2/1PPPP2P/RNBQ1BNR b q - 0 6,1
rn1q1b1r/pppkp1pp/7n/2Qp1p2/PP1P4/7b/2P1PPPP/RNB1KBNR w KQ - 0 7,1
rnb1kbnr/pppp1ppp/4pq2/8/1P2P1P1/8/P1PP1P1P/RNBQKBNR b KQkq - 0 3,1
r1bqkbnr/npppppp1/7p/p7/7P/PP1P4/2P1PPP1/RNBQKBNR w KQkq - 1 5,0
rnq1kb1r/pppbpp1p/7n/3p2p1/5PP1/PP6/2PPP2P/RNBQKBNR b KQkq - 2 6,1
rnbqkb1r/p3pp1p/1p1p1np1/2p5/5N2/3BP3/PPPP1PPP/RNBQK2R w KQkq - 0 6,0
rnbq1bnr/pppppk2/7p/5pp1/7P/2P2P2/PP1PP1P1/RNBQKBNR w KQ - 1 5,1
r1bqkb1r/pppppppp/2n2n2/8/3P4/1P2P2P/P1P2PP1/RNBQKBNR b KQkq - 0 5,0
rnbqkbnr/ppppp1p1/7p/5p2/P5P1/5P2/1PPPP2P/RNBQKBNR b KQkq - 0 3,1
rnbqk2r/1ppp1ppp/5n2/pN2p3/1b6/7N/P1PPPPPP/R1BQKB1R b KQkq - 1 5,1
rnbq1b1r/ppp1pkpp/5N2/8/2P3p1/8/PP1PPP1P/RNBQKB1R b KQ - 0 6,0
rnbqkbn1/ppppppp1/B6r/7p/4P1P1/5P1N/PPPP3P/RNBQK2R b KQq - 0 5,1
r1bqkbnr/N1ppp2p/2n5/6p1/6p1/7B/PPPPPP1P/R1BQK1NR w KQkq - 0 6,1
rn1qkb1r/1ppb1ppp/8/p2pp1N1/4P1n1/PP3P2/2PP2PP/RNBQKB1R w KQkq - 1 7,0
rnbqkbnr/1p1ppppp/p7/8/2p5/NPP4P/P2PPPP1/R1BQKBNR b KQkq - 0 4,0
rnb1kbnr/ppp2ppp/3p1q2/8/4PP2/8/PPPP1K1P/RNBQ1BNR b kq - 0 5,1
r1b1kbnr/ppqpppp1/B6p/2p5/1n4P1/N1P1P2N/PP1P1P1P/R1BQK2R b KQkq - 4 6,1
rnbqkb1r/pppp1pp1/4pn2/7p/2P1PP2/3P4/PP4PP/RNBQKBNR b KQkq - 0 4,0
rn1qkbr1/pbpppppp/5n2/1p6/2P3P1/N6B/PP1PPP1P/R1BQ1KNR b q - 4 5,1
rnbqkbnr/4ppp1/2pp3p/pp6/Q1P2P2/3P4/PP2P1PP/RNB1KBNR w KQkq - 0 6,0
rnbqkb1r/p2ppppp/1pp2n2/8/2B5/4PN2/PPPP1PPP/RNBQK2R w KQkq - 0 6,0
rnbqkbnr/pp1p2pp/2p2p2/4p3/8/PQP5/1P1PPPPP/RNB1KBNR w KQkq - 0 4,0
rn2kbnr/pp2pp2/1qpp4/6pp/2P1P3/7b/PP1P1PPP/RNBQKBNR w kq - 0 7,1
rnb1kb1r/ppppnppp/4p3/8/4P2q/6P1/PPPP1P2/RNBQKBNR w KQkq - 1 4,1
1nbq1bnr/rp1ppkp1/p1p5/5p1p/P2P1P2/2NQ1N2/1PP1P1PP/R1B1KB1R w KQ - 2 7,1
rnbqkbnr/1pp1ppp1/p2p3p/8/2P5/NP6/P2PPPPP/R1BQKBNR w KQkq - 0 4,0
r1bqkbnr/pppnppp1/8/3p3p/3P4/N2Q4/PPP1PPPP/R1B1KBNR w KQkq - 0 4,0
r2qkb1r/1bpppppp/1pn2n2/p1P5/4PP2/3P4/PP1K2PP/RNBQ1BNR b kq - 2 6,1
rnb1kbnr/pp1ppppp/1q6/2p5/8/N7/PPPPPPPP/R1BQKBNR w Kkq - 4 4,0
rnbqkbr1/pp1pppp1/2p2n2/8/6Np/P6P/1PPPPPP1/R1BQKBNR b KQq - 1 6,0
rnbqkb1r/p2pppp1/5n1p/1pp5/8/NP3NP1/P1PPPP1P/R1BQKB1R w KQkq - 0 5,1
rnbqkb1r/1ppppppp/p6n/8/P5P1/N7/1PPPPP1P/R1BQKBNR b KQkq - 0 3,1
r1b1kbnr/pp1qpppp/n1p5/3p4/Q5P1/2P1PN2/PP1P1P1P/RNB1K2R w KQkq - 2 7,1
rn2kbnr/p1qp1ppp/b3p3/1pp5/2P5/P6P/1P1PPPP1/R1BQKBNR b KQkq - 0 6,1
rnbqkbn1/pppppp2/5r2/2P4p/5p2/8/PP1PP1PP/RNBQKBNR w q - 0 6,1
rnbqkbn1/ppppppp1/8/7r/P6p/1P2P3/2PP1PPP/RNBQKBNR w KQq - 1 4,1
r1bqkb1r/pppppppp/5n2/4n3/3P4/5N2/PPP1PPPP/RNBQKBR1 w Qkq - 5 4,1
r1bqkbnr/ppp1pp1p/2n5/1B1p2p1/4P2P/2P5/PP1P1PP1/RNBQK1NR b KQkq - 0 4,0
rnbq1bnr/pp1kp1pp/2pp4/3N1p2/7P/1P4P1/P1PPPP2/R1BQKBNR b KQ - 0 5,1
rnbq1b1r/pppp1kpp/7n/4pp2/1P6/P1N2NP1/2PPPP1P/R1BQKB1R w KQ - 0 6,1
r1bqkbnr/ppp2ppp/2n1p3/3p4/P7/2PP4/1P1KPPPP/RNBQ1BNR b kq - 0 4,1
rnbqkb1r/p2p1ppp/2p1p2n/8/1p1P1P1P/1P6/P1PNP1P1/R1BQKBNR w KQkq - 0 6,0
rnbqkbnr/1ppppppp/p7/8/3P4/4B2P/PPP1PPP1/RN1QKBNR b KQkq - 4 4,0
rnbqk1nr/p1ppp1bp/1p3p2/6p1/P1P4P/7N/RP1PPPP1/1NBQKB1R w Kkq - 1 7,1
rnbqkbnr/pp2pp1p/3p2p1/2p2P2/8/2NPPN2/PPP3PP/R1BQKB1R b KQ - 0 6,1
rnbqkb1r/ppp3p1/3p1pnp/4p3/3P2PP/7B/PPPBPP2/RN1QK1NR w KQkq - 0 7,1
1nbqkbnr/rppp1p1p/8/p3p1pP/1PP5/2N5/P2PPPP1/R1BQKBNR w KQk g6 0 6,1
rnbqkbnr/1p1pp1p1/p7/5p1p/3p1PP1/7P/PPPBP3/RN1QKBNR b KQkq - 1 6,1
rn1qkbnr/pb2pp1p/2p3p1/1p1p4/1P3P2/N4N2/P1PPP1PP/R1BQKBR1 w Qkq - 0 6,1
rnbqkbnr/4p1pp/pppp1p2/8/3P1P2/N6P/PPP1P1PR/R1BQKBN1 w Qkq - 0 6,0
r2qkbnr/pppbp1pp/n2p4/1B3p2/6P1/2N1P2N/PPPP1P1P/R1BQK2R w KQkq - 0 6,1
rnbqk2r/p1pppp1n/6pb/1p5p/3N4/PP6/2PPPPPP/RNBQKB1R w KQkq - 3 7,0
r1bqkbnr/pppppp2/2n3pp/7P/4P3/6P1/PPPP1PB1/RNBQ1KNR b kq - 1 6,0
r1b1qknr/pppppp1p/n6b/6p1/3PP3/1P5N/P1PB1PPP/RN1QKB1R w KQ - 1 6,1
rnb1kbnr/pp1qppp1/2pp3p/1B6/4P2P/5P1N/PPPP2P1/RNBQK2R b KQkq - 1 5,1
r2qk1nr/ppp1p2p/n2pb2b/5pp1/P7/1PPP3N/4PPPP/RNBQKBR1 w Qkq - 1 7,1
rnb1kbnr/pp1p1p2/1qp3pp/4p3/2NP4/1P3P2/P1P1P1PP/R1BQKBNR w KQkq - 0 6,1
r2qkbnr/pbp1pppp/np1p4/8/2P2NP1/8/PP1PPPBP/RNBQK2R b KQkq - 4 5,0
rnbq1bnr/ppppkppp/4p3/8/P7/2NP4/1PP1PPPP/R1BQKBNR b KQ - 0 3,0
rnbqkbnr/1pp1pppp/3p4/8/p1P3P1/4PN2/PP1P1P1P/RNBQKB1R b KQkq - 0 4,1
rnbqkb1r/1ppppp1p/6p1/p5P1/5Pn1/3P4/PPP1P1BP/RNBQK1NR b KQkq - 0 5,1
rn1qkbnr/p1pppppp/bp6/8/3P4/2P2P2/PP2P1PP/RNBQKBNR b KQkq - 0 3,0
r1bq2nr/ppppp1kp/2n2p1b/6p1/1PP1P3/2N2Q2/P2P1PPP/R1B1KBNR w KQ - 1 7,1
rnbqkb1r/pppppp2/5npp/8/1P1N4/8/P1PPPPPP/RNBQKB1R w KQkq - 0 4,0
r1bqkbnr/ppppp2p/2n3p1/5p2/5P1P/N7/PPPPP1P1/R1BQKBNR w KQkq - 0 4,0
r1bqk1nr/pppp2p1/n4p2/2b1p2p/8/3P1PPB/PPPQPK1P/RNB3NR w kq - 5 7,1
rnbqkb2/pppppp1r/5np1/7p/6P1/4P3/PPPPBP1P/RNBQK1NR w KQq - 0 6,0
r1b1kbnr/ppp1pppp/8/3p4/1n6/N5Pq/P1PPPP1P/1RBQKBR1 b kq - 1 6,1
rnbqkbnr/p2pp1p1/7p/1pp3B1/3P1p2/4P2P/PPP2PP1/RN1QKBNR b KQkq - 0 6,1
rnbqkb2/1ppp1ppr/2n5/pNP1p2p/8/5P2/PP1PPKPP/R1BQ1BNR w q - 4 7,0
rnbqkbnr/1pp1ppp1/p2p3p/8/P7/1PN5/2PPPPPP/R1BQKBNR b KQkq - 0 4,0
r1bqkbnr/ppppp1pp/2n2p2/8/7P/5NP1/PPPPPP2/RNBQKB1R b KQkq - 2 3,0
r1bqkb1r/pp1pppp1/n1p2n2/7p/2P1P1P1/6RN/PP1P1P1P/RNBQKB2 w Qkq - 0 7,1
rnbqkb1r/p1p1pp1p/1p4pn/3p4/5P2/1P1P2PP/P1P1P3/RNBQKBNR b KQkq - 0 5,1
rnbqkbn1/ppppppp1/7r/7p/6P1/PP6/2PPPP1P/RNBQKBNR b KQq - 0 3,1
rnbqkb1r/1pp1p1pp/7n/3N1p1P/p7/P5P1/1PPPPP2/R1BQKBNR b KQkq - 0 6,1
r2qkbnr/pppbppp1/3p4/7p/3P4/1PPn4/P2KPPPP/RNBQ1BNR w kq - 5 7,1
r1bqkb1r/p2ppppp/n1p2n2/1p6/2P5/N5P1/PP1PPPBP/R1BQK1NR b KQkq - 2 5,0
rnbkqbnr/1ppp1p1p/pN2p1p1/2P5/8/8/PPQPPPPP/R1B1KBNR w KQ - 0 7,1
r1bqkbnr/p1p2ppp/1pnpp3/3B4/8/P3P2P/1PPP1PP1/RNBQK1NR b KQkq - 1 5,1
rnbqkbnr/2p1p1pp/p2p4/1p3p1Q/P1B1P3/7P/1PPP1PP1/RNB1K1NR b KQkq - 1 6,1
r1bqkbnr/pppp1ppp/n7/4p3/P2P4/5P2/RPP1P1PP/1NBQKBNR w Kkq - 2 5,0
rnb1k1nr/1ppp1ppp/p3p2q/5N2/8/1PN5/P1PPPPPb/1RBQKB1R w Kkq - 1 7,1
rnbqkbnr/p1ppp3/1p3p2/6pp/P1P5/3P4/1P2PPPP/RNBQKBNR b KQkq - 1 5,0
rnb1kbnr/1p1pp1pp/p1p2p2/q7/8/P4PPB/RPPPP2P/1NBQK1NR b Kkq - 2 5,0
rnb1kbnr/pp1pppp1/1q5p/2p4P/2P2P2/6PR/PP1PP3/RNBQKBN1 b Qkq - 2 6,0
rnbqk1nr/ppppbpp1/4p2p/8/1P6/2N1P3/P1PP1PPP/R1BQKBNR w KQkq - 0 4,0
rnbqkb1r/1ppppppp/5n2/p7/8/1P3P2/P1PPPKPP/RNBQ1BNR b kq - 1 3,1
rnbqkbnr/p1pppp1p/6p1/1p6/P7/1PP5/3PPPPP/RNBQKBNR b KQkq - 0 3,0
rnb1kbnr/1pqppppp/p1p5/8/3P2P1/2P1PP2/PP5P/RNBQKBNR w KQkq - 1 6,0
r1bqkbnr/pppppp2/2n4p/6p1/3NP3/5P2/PPPP2PP/R1BQKBNR b KQkq - 1 5,1
rnbqkbnr/pppppp1p/6p1/6N1/8/2N4P/PPPPPPP1/R1BQKB1R b KQkq - 1 4,0
rnbqkbnr/1p1ppppp/8/p1p5/P1P5/6P1/1P1PPP1P/RNBQKBNR b KQkq - 0 3,0
rnbqkb1r/2pppppp/1p3n2/p7/4P3/2N3PP/PPPP1P2/R1BQKBNR b KQkq - 0 4,0
rnbq1b1r/1p1kpppp/3p3n/pp6/P5P1/2P4P/3PPP2/RNBQKBNR w KQ - 0 7,1
rnbqk1nr/pp1pbppp/2p5/4p3/6Q1/4P2N/PPPP1PPP/RNB1KBR1 b Qkq - 3 4,1
1nbqkb1r/1ppppppp/r7/1N6/1P4nP/p4P2/PBPPP1P1/R2QKBNR w KQk - 0 7,1
rnbqkbnr/pp2pp1p/6p1/2pp4/PP6/8/2PPPPPP/RNBQKBNR b KQkq - 1 4,1
rn2kbnr/p1pq1ppp/1p2p3/3p4/P1P1PPP1/8/1PQP3P/RNB1KbNR w KQkq - 0 7,1
1rbqkbnr/1ppppppp/p1n5/8/1P5P/6P1/P1PPPP2/RNBQKBNR w KQk - 1 4,0
r1bqk2r/ppppb2p/n4ppn/4p3/2P1PP2/P4Q2/1P1P2PP/RNB1KBNR w KQkq - 3 7,0
rnbqkb1r/pp1ppppp/2p4n/4N3/8/2N5/PPPPPPPP/R1BQKB1R b KQkq - 3 3,0
rnbqk1nr/p1ppp2p/1p6/5pp1/2P5/N1b1PN2/PP1P1PPP/1RBQKB1R w Kkq - 3 6,1
rnbqkb1r/p2p2pp/2p4n/1p2pp2/6PN/P6P/RPPPPP2/1NBQKB1R b Kkq - 1 6,1
rnbqk1nr/ppppp2p/7b/5pp1/6P1/2P4N/PP1PPP1P/RNBQKB1R b KQkq - 0 4,1
r1bqkbnr/p2p1pp1/n1p5/1p2p2p/1P4P1/B6N/P1PPPP1P/RN1QKBR1 w Qkq - 0 6,1
rnbqkb1r/3pp1pp/1pp4n/p4p2/3P4/1PN1P3/P1P1KPPP/1RBQ1BNR b kq - 1 6,0
r1bqkb1r/p1pppp1p/2n4n/6p1/p7/N1P4N/PP1PPPPP/R1B1KBR1 w Qkq - 2 6,1
rnbqkbnr/p2pp2p/1p4p1/2p2p1Q/7P/1PP1P3/P2P1PP1/RNB1KBNR w KQkq - 0 6,0
rn1qkbnr/p1p2ppp/Bp1pb3/4p3/1P6/4P2P/P1PP1PP1/RNBQK1NR w KQkq - 1 5,1
r1bqkbnr/ppppp2p/2n3p1/5p2/8/PNP1P3/1P1P1PPP/RNBQKB1R w KQkq - 1 7,0
rnbqk1nr/ppppbp1p/8/4p1p1/5P2/7P/PPPPP1P1/RNBQKBNR w KQkq - 1 5,0
rnbqkb1r/ppp1pppp/3p4/8/6n1/3BP3/PPPP1P1P/RNBQK1NR w KQkq - 0 4,1
rn1qkbnr/1bppppp1/p7/1p5p/3P1P2/P6P/1PP1P1P1/RNBQKBNR w KQkq - 0 5,0
r1bqkbnr/ppp1pp1p/n5p1/3p4/5P2/1PN5/PBPPP1PP/R2QKBNR b KQkq - 0 4,0
rnbqk1nr/pppp1p1p/4p3/6p1/8/b1N1P1P1/PPPP1P1P/R1BQKBNR w KQkq - 2 4,1
r1bqkb1r/pppnppp1/3p1n1p/6B1/3P2P1/7B/PPP1PP1P/RN1QK1NR w KQkq - 0 5,1
rnb1kbnr/pppp1ppp/8/4p1q1/P1P5/8/1PQPPPPP/RNB1KBNR w KQkq - 3 4,0
rnbqk1nr/1p1pppbp/p5p1/2B5/8/1P3P1N/P1PPP1PP/RN1QKB1R b KQkq - 0 5,1
rnbqkbnr/pppp1ppp/8/4p3/4P3/3P4/PPPB1PPP/1R1QKBNR b Kkq - 1 6,1
rnbqkbnr/1pppppp1/8/p7/5P1p/3PP3/PPP3PP/RNBQKBNR w KQkq - 0 4,0
r1bqk1nr/npppppbp/p7/6p1/2B3P1/NP2PQ2/P1PP1P1P/R1B1K1NR b KQkq - 2 6,1
rnbqkbnr/pp1pp1pp/2p5/5p2/7P/P5P1/1PPPPP2/RNBQKBNR b KQkq - 0 3,0
rnbqkbnr/pp1pp2p/2p2pp1/8/P1P1N3/R7/1P1PPPPP/2BQKBNR w K - 0 6,0
r1bqkbnr/p1pp1ppp/1p6/n3p3/3PPBP1/P7/1PP2P1P/RN1QKBNR b KQkq - 1 5,1
r1bqk1nr/pppppp2/2n5/4bPpp/8/2N4N/PPPPP1PP/R1BQKBR1 w Qkq - 6 6,1
1rbqkb1r/1ppppp1p/p1n2n2/6p1/3N4/1P1P1P2/PBP1P1PP/RN1QKB1R b KQk - 0 6,0
1rbqkbnr/p1pppppp/1pn5/8/2P1P3/5P2/PP1PQ1PP/RNB1KBNR b KQk - 0 4,1
rn1qkbnr/ppp1pp1p/6p1/3p4/4P1b1/2PP4/PPQN1P1P/R1B1KBNR w KQkq - 1 7,0
rnb1kbnr/1pppqpp1/p3p2p/1B6/P7/2N1P2P/1PPP1PP1/R1BQK1NR b KQkq - 0 5,1
rnb1kbnr/p1ppqpp1/4p3/1p5p/P6P/2P2P2/1P1PP1P1/RNBQKBNR w KQkq - 1 5,1
rnbqkb1r/1ppp1ppp/5n2/p3p3/1P6/2N2N1P/P1PPPPP1/R1BQKB1R b KQkq - 0 4,1
rnb1kbnr/pp1ppppp/1q6/2p5/1P1P4/5P2/P1P1P1PP/RNBQKBNR b KQkq - 0 3,1
rnbqk1nr/pppp1pp1/8/4p2p/Pb4P1/7P/1PPPPPB1/RNBQK1NR w KQq - 3 6,0
rnbqkb1r/pppp1p1n/4p3/6pp/P2P2P1/1PN4P/2P1PP2/R1BQKBNR b KQkq - 0 6,0
rnbqkbnr/p1ppp1pp/1p6/5p2/5P2/1PP5/P2PP1PP/RNBQKBNR b KQkq - 0 3,0
rnbqkb1r/pp1pp1pp/2p4n/5p2/P7/7N/RPPPPPPP/1NBQKB1R w Kkq - 0 4,0
rnbqkb1r/pp1ppppp/7Q/8/4P3/2P4N/PP1P2PP/RNBnKB1R b KQkq - 3 6,1
rnb1kbnr/ppq1ppp1/2p5/3p3p/4P1P1/P1P5/1P1PKP1P/RNBQ1BNR b kq - 1 5,1
rnbqkb1r/1ppppppp/5n2/p7/Q7/2PP4/PP2PPPP/RNB1KBNR b KQkq - 0 3,0
rnbq1bnr/pppppkp1/5p1p/8/3P4/5N2/PPPKPPPP/RNBQ1B1R w - - 0 4,1
r1bqkbnr/p1ppp2p/np6/5pp1/1P6/4P2N/P1PPQPPP/RNB1KB1R b KQkq - 1 5,0
rnbqkbnr/pp1p1ppp/4p3/2P5/8/8/P1PPPPPP/RNBQKBNR b KQkq - 0 3,0
r1bq1bnr/1ppkpp1p/p5p1/3pn3/1P2PP2/8/P1PP2PP/RNBQKBNR w KQ - 0 7,1
r1bqkbnr/ppp1p1pp/n2p4/5p2/2P5/4P2N/PPQP1PPP/RNB1KB1R b KQkq - 0 4,0
rnb1kbnr/1pqpppp1/2p5/p4Q1p/8/2NPP3/PPP2PPP/R1B1KBNR w KQkq - 0 6,0
rn2kbnr/pbpp2pp/1p6/4pp2/5P1q/N2PP3/PPP3P1/1RBQKBNR w Kkq - 0 7,1
r1bqkbnr/pp2ppp1/2p4p/3p4/1n3PP1/N1P5/PP1PPK1P/R1BQ1BNR w kq - 1 6,0
rnbqkbnr/2p1ppp1/1p5p/p2p4/PP6/3P4/2PNPPPP/R1BQKBNR b KQkq - 1 5,1
rn1qkb1r/p1pppppp/7n/8/1p1P4/1P4PP/P1PBPPb1/RN1QKBNR b KQkq - 0 6,1
r1bqkbnr/1p1np2p/p2p1pp1/2p4Q/1P2P2P/8/P1PP1PPR/RNB1KBN1 w Qkq - 0 7,1
rnb1k1nr/pppp3p/5q1b/4ppp1/QP6/N1P2PP1/P2PP2P/R1B1KBNR w KQkq - 4 7,0
1rbqkbnr/p1ppppp1/np6/7p/8/1PP4P/P2PPPP1/RNBQKBNR b KQk - 0 5,0
rn1qkbnr/ppp1pppp/8/8/3pP1b1/2N5/PPPPQP1P/R1B1KBNR b KQkq - 1 4,1
rn1qk1nr/pb1ppp1p/7b/1pp3p1/2P3P1/1P1P1B2/P3PP1P/RNBQK1NR b KQkq - 2 6,1
rnbqkb1r/ppp1pppp/7n/3p4/3P2P1/5P2/PPP1P2P/RNBQKBNR b KQkq - 0 3,1
rnbqkbnr/1ppp1ppp/8/p3p3/5P2/P6P/1PPPP1P1/RNBQKBNR b KQkq - 0 3,0
rnbqkbnr/ppp1p1p1/3p3p/5p2/3P4/7P/PPP1PPPR/RNBQKBN1 w Qkq - 0 4,0
rnb1kb1r/pp1ppp1p/1qp5/6pn/5P2/P1N2N2/1PPPP1PP/R1BQKB1R b KQkq - 0 6,0
rnbqkb1r/3ppppp/1pp4n/p7/1N6/P2PP3/1PP2PPP/R1BQKBNR b KQkq - 0 6,1
rnbqkbnr/pp1ppp1p/2p5/6p1/1P6/P6P/R1PPPPP1/1NBQKBNR b Kkq - 0 4,0
rnbqkbnr/p1ppp1pp/1p3p2/8/P7/1PP5/3PPPPP/RNBQKBNR b KQkq - 0 3,0
rnbqkb1r/ppppp2p/5np1/5p2/P4P2/3P4/1PP1P1PP/RNBQKBNR w KQkq - 0 4,0
rnbqkb1r/1pppnp2/7p/p3P1p1/2P5/P3B3/1P2PPPP/RN1QKBNR b KQkq - 0 6,0
r1bq1bn1/p1pppkpr/np3p1B/7p/3P4/P1N4P/1PP1PPP1/R2QKBNR w KQ - 0 7,1
r1bqkbnr/pp1p1ppp/2n1p3/2p5/P3P3/7N/1PPP1PPP/RNBQKB1R w KQkq - 1 4,0
rnbqkbnr/pp2p1pp/3p4/2p2p2/5P1P/2N5/PPPPP1P1/R1BQKBNR w KQkq - 0 4,0
rnbqkbr1/pp1pp1p1/5p2/2p4p/P5nP/4P3/1PPPNPP1/R1BQKBNR w KQq - 0 7,1
rnb1kb1r/ppppn1pp/4qp2/4p3/P1P5/1QN4N/1P1PPPPP/R1B1KBR1 b Qkq - 1 6,1
r1bqkbnr/p1pp1ppp/1pn5/4p3/4P3/2PP4/PP1Q1PPP/RNB1KBNR b KQkq - 1 4,0
r1b1kbnr/1ppp1ppp/2n1pq2/p7/4P3/3P1P2/PPPN2PP/R1BQKBNR w KQkq - 0 5,0
rnbqkbnr/pp1pp1pp/5p2/8/1Pp3P1/P4N2/2PPPP1P/RNBQKB1R b KQkq - 1 4,0
rnbqk2r/pppp3p/4p1pn/5p2/2P1P1P1/b7/1P1PKP1P/RNBQ1BNR w kq - 0 6,1
rnbqkb1r/p1pppp2/1p4p1/3n3p/1P3P2/P1N2N2/2PPP1PP/R1BQKB1R w KQkq - 4 6,1
rnbqkbnr/pp1pppp1/7p/P1p5/5P2/8/1PPPP1PP/RNBQKBNR b KQkq - 0 3,0
rnbqkbnr/p1pppppp/8/1p6/2PP2P1/8/PP2PP1P/RNBQKBNR b KQkq - 0 4,0
rnbqk1nr/pppp1ppp/4p3/2b5/8/P3P3/1PPPKPPP/RNBQ1BNR b kq - 2 3,0
rnbqk2r/1p1ppp1p/Q1p2npb/8/7P/1P2PP2/P1PP2P1/RNB1KBNR b KQkq - 0 6,1
r1bqkb1r/p1p2ppp/np5n/4p3/2PpQ3/1P3PP1/P2PP2P/RNB1KBNR w KQkq - 0 7,1
1nbqkbnr/rppppppp/p7/8/1P4P1/5N2/P1PPPP1P/RNBQKB1R b KQk - 0 3,0
rnbqkb1r/1ppppppp/p6n/8/2P4P/8/PPQPPPP1/RNB1KBNR b KQkq - 2 3,0
r1b1kb1r/ppqp1ppp/2n5/2p1pn2/2P5/NP2P3/P2P1PPP/R1BQKBNR w KQkq - 2 7,0
r1bqkb1r/pp1ppN2/n1p2np1/7p/4PP2/2P5/PP1P2PP/RNBQKB1R b KQkq - 0 6,1
rnbqkbnr/pppp1pp1/8/4p2p/N4P2/1P6/P1PPP1PP/R1BQKBNR b KQkq - 0 4,1
r1bqkb1r/p1pppp1p/n5p1/1p6/1P3Pn1/5K1N/P1PPP1PP/RNBQ1BR1 b kq - 3 6,1
1nbqkb1r/1ppppppp/r7/p7/5Pn1/2PP4/PP1KP1PP/RNBQ1BNR w k - 3 5,0
r1bqkbnr/1pppppp1/8/p2Nn2p/P6P/5P2/2PPP1P1/R1BQKBNR w KQkq - 3 7,1
r1bqkbnr/ppp1p1pp/n2p1p2/8/5P1P/P7/1PPPP1P1/RNBQKBNR b KQkq - 0 4,0
r1bqkb1r/ppppp2p/6pn/8/1P1n1p2/P1P2P1P/R2PP1P1/1NBQKBNR w Kkq - 1 7,1
rnb1kb1r/pp1pppp1/1qp2n1p/6P1/8/4PN2/PPPP1P1P/RNBQKB1R w KQkq - 0 5,1
rnbqkbn1/ppppppp1/7B/7p/1P1P4/8/P1P1PPPP/RN1QKBNR b KQq - 0 3,1
1nbqk1nr/r1pp1pp1/pp5p/1Nb1p3/1P6/3BPP2/P1PP2PP/R1BQK1NR w KQk - 0 7,1
rnb1kbnr/1p1p1ppp/1q2p3/pPp5/5P2/B2P4/P1P1P1PP/RN1QKBNR b KQkq - 0 5,0
1rbqkbnr/1pppp2p/2n2p2/p5p1/1PP5/N7/P2PPPPP/R1BQKBNR b KQk - 0 6,0
rnbqk1n1/p1pp1pp1/1p1bp2r/7p/P1N4P/3P3R/1PP1PPP1/R1BQKBN1 b Qq - 2 6,1
rnbqkbnr/ppppp2p/7B/1P3pp1/3P3P/8/P1P1PPP1/RN1QKBNR b KQkq - 0 6,1
rnbqkbnr/pppppp2/8/6pp/3PP3/6P1/PPP2P1P/RNBQKBNR b KQkq - 0 3,1
rnbqkb1r/pppp1p1p/4p1pn/8/1P6/8/PBPPPPPP/RNQ1KBNR b KQkq - 1 4,0
1rbqkb1r/pppp1p1p/2n2npB/8/3Pp1P1/3Q4/PPPKPPBP/RN4NR w k - 0 7,1
rnb1kbnr/1ppp1ppp/4p3/p5q1/2PP4/8/PP1QPPPP/RNB1KBNR w KQkq - 0 4,1
rnbqkbnr/1p1ppppp/p7/2p5/2P2P2/N7/PP1PP1PP/R1BQKBNR w KQkq - 0 5,0
rnb1kbnr/ppq2ppp/3pp3/2p5/2P5/P3PP1P/1P1PK1P1/RNBQ1BNR b kq - 0 6,1
rnbqkbnr/1pp1pp2/p7/3p2pP/8/1QP5/PP1PPP1P/RNB1KBNR w KQkq - 0 5,0
1nbqkb1r/rp1ppp1p/2p3pn/p7/PP6/2P2N2/3PPPPP/RNBQKBR1 w Qk - 2 6,0
rnb1kbnr/pp1p1pp1/q3p3/2pP3p/8/1QP5/PP1NPPPP/R1B1KBNR w KQkq - 1 6,1
rnbqkb1r/p1ppp2p/1p3ppn/8/P1P3P1/5P2/1P1PP2P/RNBQKBNR w KQkq - 0 5,0
rnb1kbnr/ppp1p1pp/5p2/2Pp4/3q3P/P5R1/1P1PPPP1/RNBQKBN1 b Qkq - 0 6,0
rnbqkb1r/p1ppppp1/5n2/1p1N3p/PP6/8/2PPPPPP/R1BQKBNR b KQkq - 3 4,1
rn1qkbnr/p2pppp1/b7/1pp4p/2B5/4P2P/PPPP1PP1/RNBQK1NR w KQkq - 1 5,1
r1bqkbnr/ppp1pp1p/2n3p1/3p4/2P4P/N7/PP1PPPP1/R1BQKBNR w KQkq - 0 4,0
rnbqkbnr/pp2p3/2pp1ppp/8/8/P1P2PP1/RP1PPK1P/1NBQ1BNR b kq - 1 6,1
rnb1kbnr/pppp1ppp/4p3/8/P1P5/1Pq3P1/3PPP1P/RNBQKBNR b KQkq - 0 4,1
r1bqkb1r/ppp1ppp1/2np3n/7p/2N5/3PP3/PPPB1PPP/R2QKBNR b KQkq - 2 5,0
rnbqkb1r/1p1pn1pp/2p2p2/p3p1B1/4P3/3P1N2/PPP1QPPP/RN2KB1R w KQkq - 2 6,0
r1bqkbnr/ppppppp1/8/2n3Pp/8/1QP5/PP1PPP1P/RNB1KBNR b KQkq - 1 4,1
rn1q1bnr/pppkp1pp/3p4/5p2/3PP1b1/P1P5/1P2BPPP/RNBQK1NR b KQ - 2 5,1
rnbqkbnr/p1pppppp/8/1p6/8/4P1PN/PPPP1P1P/RNBQKB1R b KQkq - 0 3,0
rnb1k1nr/ppqp1p1p/2p1p1p1/8/Pb4P1/N6P/1PPPPP2/R1BQKBNR w KQkq - 3 6,0
rnbqk2r/pppp1ppp/3b1n2/4p3/4P3/3B1N2/PPPP1PPP/RNBQK2R w KQkq - 4 4,0
rn1qkbnr/3ppppp/pp6/1bp2B2/1P2P3/8/P1PP1PPP/RNBQK1NR w KQkq - 0 6,0
rn1qkbnr/ppp1ppp1/3p3p/5b2/2P4P/P7/RP1PPPP1/1NBQKBNR b Kkq - 1 4,1
rnbqk1nr/1ppp1ppp/p2b4/4p3/P7/1R6/1PPPPPPP/1NBQKBNR w Kkq - 0 4,0
r1bqkbnr/pp1ppp1p/n5p1/2p5/5P2/P1P5/1P1PP1PP/RNBQKBNR w KQkq - 0 4,0
rnbqkbnr/1pppp2p/8/p4pp1/5B2/3P1N2/PPP1PPPP/RN1QKB1R w KQkq - 0 4,1
rnb1k1nr/p1qpbppp/8/1pp1p3/2PP4/1N6/PPQ1PPPP/R1B1KBNR w KQkq - 4 6,0
rnbqkbnr/2pppppp/8/pp6/2P3P1/N7/PP1PPP1P/R1BQKBNR b KQkq - 1 3,1
rnbqkbnr/3ppppp/p1p5/1p6/7N/PP4P1/2PPPP1P/RNBQKBR1 b Qkq - 2 6,0
rnbqkbnr/1pp1pp1p/3p4/p5p1/8/3P1N2/PPPNPPPP/R1BQKB1R w KQkq - 0 4,1
rnbq1bnr/2ppkpp1/pp2p3/7p/P7/1PNP1N2/2PQPPPP/R1B1KB1R b KQ - 3 6,0
rn2kbnr/pppbqppp/3p4/4p1P1/P7/R1P5/1P1PPP1P/1NBQKBNR b Kkq - 0 5,1
rnbqk2r/ppppppbp/3n4/6p1/2P5/N2P3P/PPQ1PPPR/R1B1KBN1 b Qkq - 0 6,0
r1bqkb1r/p1ppppp1/5n2/BpP4p/5P2/8/PPPQP1PP/RN2KBNR b KQkq - 0 6,1
rn1qkb1r/ppp1pppp/7n/3p4/P4P2/3bP3/1PP1B1PP/RNBQ1KNR b kq - 1 6,1
rnbqkb1r/ppp1pppp/8/3p4/2P4N/N7/PP1PPP1n/R1BQKBR1 w Qkq - 2 7,1
rnbqkb1r/pppp1pp1/7n/4p2p/P2P2P1/1P6/2P1PP1P/RNBQKBNR b KQkq - 0 4,1
r1bqkbnr/3ppp1p/np6/pPp3p1/6P1/N6P/PBPPPP2/R2QKBNR b KQkq - 0 6,1
r1bqkbnr/ppp1pppp/n7/3p4/8/1P2P1P1/P1PP1P1P/RNBQKBNR b KQkq - 0 3,0
r2qkbnr/p1ppp1pp/b1n5/6N1/1p3pPP/2N2P2/PPPPP3/R1BQKB1R w KQkq - 2 7,0
rnq1kbnr/p1p1pppp/1p6/3p4/3N1Pb1/8/PPPPP1PP/R1BQKBNR b KQkq - 4 5,0
rnbqkbnr/pp1p1p2/2p1p2p/6p1/1P3PP1/N7/P1PPP2P/R1BQKBNR b KQkq - 0 6,1
r1bqkb1r/pppp1ppp/B1n1p3/8/8/1P1PP3/P1P2nPP/RNBQK1NR b KQkq - 0 6,1
r1bqkbnr/pp1npp1p/Q1p3p1/3p4/PP6/4P3/2PP1PPP/RNB1KBNR b KQkq - 2 5,1
rnbq1bnr/p1pk1pp1/1p1p4/4P2p/5B2/N1P5/PP1QPPPP/R3KBNR w KQ - 2 7,1
rnbqkbnr/p1pp1ppp/1p6/4p3/7P/1PP5/P2PPPP1/RNBQKBNR w KQkq - 0 4,0
r1bqkbnr/1ppppppp/2n5/p7/7P/8/PPPPPPPR/RNBQKBN1 b Qkq - 0 3,1
rnbqkb1r/ppppnp1p/6p1/4p3/3Q4/3P4/PPP1PPPP/RNB1KBNR b KQkq - 3 4,1
rnb1kb1r/pp3pp1/3ppn2/q1p4p/7P/1P1P4/P1PNPPP1/1RBQKBNR w Kkq - 0 7,0
rnbqkbnr/3ppppp/ppp5/8/3P4/4PP2/PPP1N1PP/RNBQKB1R b KQkq - 0 4,0
rnbq1bnr/pppppkpp/5p2/8/P7/2N3P1/1PPPPP1P/R1BQKBNR b KQ - 0 3,1
r1bqkbnr/p1p1ppp1/n6p/1p4N1/4pP2/NP6/P1PP2PP/R1BQKB1R b KQkq f3 0 6,1
rnbqkbnr/p1p1pppp/1p6/8/1P1pP3/6P1/P1PP1P1P/RNBQKBNR w KQkq - 0 4,0
r1bqkb1r/1ppppppp/n4n2/p7/2P5/N6P/PP1PPPP1/R1BQKBNR w KQkq - 3 4,0
rnb1kbnr/pp1ppp2/6pp/2p5/2N1P3/2q5/PP1P1PPP/RNBQKB1R w KQkq - 0 7,1
3qkbnr/1ppbpppp/r1np4/p7/P7/1P6/R1PPPPPP/1NBQKBNR w Kk - 3 6,0
rnbqkbnr/p1p1ppp1/1p6/3p3p/1P6/N4P2/PBPPP1PP/R2QKBNR w KQkq - 0 5,0
r1b1kbnr/ppppqp1p/6p1/P3p3/3n2P1/RP1P4/2P1PP1P/1NBQKBNR w Kkq - 1 7,0
r1bqkbnr/pppppp1p/n7/6p1/8/3P3P/PPP1PPPR/RNBQKBN1 b Qkq - 0 3,0
rnbqkbnr/p2ppppp/2p5/7P/2p5/7N/PP1PPPP1/RNBQKB1R b KQkq - 1 4,1
rnb1kbnr/2ppqp2/7p/pp2pPp1/8/2P2NP1/PP1PPK1P/RNBQ1B1R w kq - 0 7,0
rnb1kbnr/ppppq2p/2P1p3/1N3p2/6p1/8/PP1PPPPP/1RBQKBNR b Kkq - 0 6,1
rnbqkb1r/2pppppp/pp3n2/8/3P4/4BN2/PPP1PPPP/RN1QKB1R w KQkq - 2 4,0
1nbqkbnr/rp1ppppp/4Q3/p1p5/2P5/4P3/PP1P1PPP/RNB1KBNR b KQk - 3 4,1
rn1qkbnr/1p2pp1p/8/p1pp2p1/6b1/N4NPP/PPPPPPB1/R1BQK2R w KQkq - 0 6,1
1rbqkbnr/3ppppp/ppn5/1Bp5/7P/1PN1P1P1/P1PP1P2/R1BQK1NR b KQk - 3 6,1
rnbqkbnr/ppppp1p1/5p2/7p/3P4/4B3/PPP1PPPP/RN1QKBNR w KQkq - 0 4,1
rnbqkb1r/Npppp1pp/7n/5p2/8/7N/PPPPPPPP/R1BQKB1R w KQkq - 1 5,1
rnbqk1nr/p1pp2p1/4p2p/1p3p2/2P2P2/b3P2N/PP1P2PP/R1BQKBR1 w Qkq - 0 7,0
rnbqkbnr/1p1pppp1/p1p5/7p/P7/1P1P4/2P1PPPP/RNBQKBNR b KQkq - 0 4,0
rnbqkbnr/ppp1pp2/7p/3p2p1/5P1P/2N5/PPPPP1P1/1RBQKBNR w Kkq - 0 5,1
rn1qkbr1/ppp1pppp/2bp3n/8/P2P2P1/R1N2P2/1PP1P2P/2BQKBNR b Kq - 0 6,0
r1bqkb1r/2pppppp/ppn2n2/6Q1/8/N2P3N/PPP1PPPP/R1B1KB1R b KQkq - 1 5,1
rnbqkb1r/pppp2pp/7n/4pp2/3P1B2/5N1P/PPP1PPP1/RN1QKB1R b KQkq - 1 4,1
rnB1kbnr/ppp1pppp/8/3p2P1/5P2/4q3/PPPPP2P/RNBQK1NR w KQkq - 1 6,1
2rqkbnr/pbpppppp/2n5/7B/1p2P2P/8/PPPP1PP1/RNBQK1NR w KQk - 1 7,0
rnb1kbnr/ppppqppp/8/4p3/2P2PP1/8/PP1PP2P/RNBQKBNR b KQkq - 0 3,0
rn2kbnr/ppp2ppp/3p4/4p3/3PN2q/5N1b/PPP1PPP1/R1BQKB1R b KQkq - 0 5,0
rnbqkbnr/1ppppppp/8/5P2/p7/2NP4/PPP1P1PP/R1BQKBNR w KQkq - 3 5,0
rnbqkbn1/pp2pppr/3p3p/2p5/1N2P3/P6P/1PPP1PP1/R1BQKBNR w KQq - 0 7,0
r1b1kbnr/ppq1pppp/1Bpp4/8/Pn6/3P1N2/1PP1PPPP/RN1QKB1R w KQkq - 2 6,1
rnbqkbnr/2pppppp/8/pp6/3P4/2N5/PPPQPPPP/R1B1KBNR b KQkq - 1 3,0
rnbq1bnr/pppkp1pp/5p2/3p4/6PP/1P6/P1PPPP2/RNBQKBNR w KQ - 1 4,0
rn2kbnr/pp1qpppp/2p5/8/P1Pp2P1/N6P/1P1PP1P1/R1BQKBNR w KQkq - 0 7,1
1nbqk1nr/rpppp2p/5p1b/p5p1/3NP2P/P7/1PPPBPP1/RNBQK2R b KQk - 2 6,1
rnbqkbnr/1p1p1ppp/4p3/p1p5/8/2NPP3/PPP2PPP/R1BQKBNR w KQkq - 0 4,0
r1bqkbnr/ppp1pppp/2n5/3p4/1P4P1/P7/2PPPP1P/RNBQKBNR b KQkq - 0 3,1
rnbqkb1r/1p2p1pp/2pp1nN1/p4p2/2P3P1/P7/1P1PPP1P/RNBQKB1R b KQkq - 1 6,1
1rbqkbnr/pppppppp/n7/8/8/N3P2P/PPPP1PP1/R1BQKBNR b KQk - 0 3,0
rnbqkbnr/1pppp1pp/8/p7/5p2/N4NP1/PPPPPP1P/R1BQKB1R w KQkq - 0 4,1
rn1qkbnr/p1p1pppp/4b3/1p1p4/8/P1N2N2/RPPPPPPP/2BQKB1R b Kkq - 3 4,1
r1bqkb1r/2p1pNpp/1pnp3n/p7/8/7P/PPPPPPPR/RNBQKB2 w Qkq - 1 6,1
rnb1kbnr/pp1ppppp/2p5/8/PP1q4/6P1/2PPPP1P/RNBQKBNR b KQkq - 0 4,1
rnb1kbnr/1p2pppp/pq6/2pp4/3P1P2/NP6/P1P1P1PP/R1BQKBNR w KQkq - 2 5,1
rnbqkbnr/ppp1p1pp/5p2/3p4/1P2BP2/6P1/P1PPP2P/RNBQK1NR b KQkq - 2 5,1
rnbqkbnr/1pp1p1pp/3p4/p5N1/1P3p2/2N5/P1PPPPPP/R1BQKB1R w KQkq - 0 5,0
rnbqk1nr/pppp1ppp/8/4p3/Pb2P3/7P/1PPP1PP1/RNBQKBNR b KQkq - 0 3,0
rnbqkbnr/p1pppp1p/8/1p4p1/5P2/6P1/PPPPP1BP/RNBQK1NR b KQkq - 1 3,1
2rqkbnr/ppp3pp/2npp3/4Nb2/4P3/N7/PPPP1P1P/R1BQKB1R w KQk - 0 7,1
rnbqkb2/p1pp1ppn/1p2p2r/7p/P6P/1PP2NP1/3PPP2/RNBQKB1R w KQq - 2 7,1
rnbqkb1r/pp1p1ppp/2p1p2n/8/3P3P/6P1/PPPQPP2/RNB1KBNR b KQkq - 1 4,0
rn1qkbnr/p1pppppp/bp6/8/7P/2N2P2/PPPPP1P1/R1BQKBNR b KQkq - 0 3,0
rnbqkbnr/p1ppp1pp/8/1p6/3P1p2/1P1K4/P1P1PPPP/RNBQ1BNR b kq - 1 4,1
rnbq1bnr/ppppkp1p/8/4p1p1/5N2/N7/PPPPPPPP/R1BQKB1R w KQ - 0 4,1
rnbqkb1r/1ppppp1p/p7/1Q4p1/4Pn2/P7/1PPP1PPP/RNBK1BNR b kq - 3 6,1
rnbqkb1r/3ppp1p/1p4pn/p1p5/P7/R3PNP1/1PPPKP1P/1NBQ1B1R w kq - 0 7,0
r1bqkbnr/1ppp1ppp/2n5/p3p3/4P3/N1PB4/PP1P1PPP/R1BQK1NR b KQkq - 1 4,1
rnbqkb1r/pp1ppppp/2p4n/8/2P5/6P1/PPQPPP1P/RNB1KBNR b KQkq - 1 3,0
rnbq1bnr/pp1pp1pp/4k3/2p2p2/8/N2P2PN/PPPQPP1P/R1B1KB1R b KQ - 0 5,1
rnb1kbnr/pppp1ppp/8/4p3/5P1q/P2P4/1PP1P1PP/RNBQKBNR w KQkq - 1 4,1
rnbqkb1r/p1p1pppp/1p3n2/3p4/7P/8/PPPPPPPN/RNBQKB1R b KQkq - 0 4,1
r1bqkbr1/ppp1pppp/n2p3n/7P/8/3PP3/PPPK1PP1/RNBQ1BNR b q - 1 5,0
rnb1kbnr/1pp1pppp/3q4/p2p4/3N4/2P1P3/PP1P1PPP/RNBQKB1R w KQkq - 1 5,0
r1bqkbnr/ppp1pppp/n2p4/8/2P5/8/PP1PPPPP/RNBQKBNR b KQkq - 1 3,0
rn2kbnr/pp1qpppp/3p4/2p5/4P1b1/7P/PPPP1PP1/RNBQKBNR w KQkq - 0 5,1
rnb1kb1r/pp1p1ppp/7n/P1p1p1q1/8/2PP4/1P2PPPP/RNBQKBNR w KQkq - 1 5,1
rnbqkbnr/1pp1pppp/p2p4/8/2P5/NP6/P2PPPPP/R1BQKBNR b KQkq - 0 3,0
2bqkbnr/rppppppp/n7/p7/7P/3PP3/PPP2PPR/RNBQKBN1 w Qk - 1 5,0
rnbqkb1r/ppp1p1pp/3p1n2/5p2/P7/2N2P2/1PPPP1PP/R1BQKBNR w KQkq - 0 4,0
r1bqkbn1/pppppppr/2n4p/6Q1/4P3/8/PPPP1PPP/RNB1KBNR b KQq - 5 4,1
rn1qkbnr/1pp1pp1p/pB1p2p1/8/8/P1PP3b/1P2PPP1/RN1QKBNR w KQkq - 0 7,0
rnbqkbnr/p1p1pp1p/8/1p1p2p1/2N5/8/PPPPPPPP/1RBQKBNR w Kkq - 0 4,0
rnbqkb1r/ppp1p1pp/3p3n/8/5p1P/2N3PR/PPPPPP2/R1BQKBN1 w Qkq - 0 5,1
r1bqkbnr/ppppppp1/n6p/8/4P3/5P1P/PPPP2P1/RNBQKBNR b KQkq - 0 3,0
r1bqkbnr/p1ppp2p/n4pp1/1p6/P7/2P1PP2/1P1PK1PP/RNBQ1BNR b kq - 1 5,0
r1bqk1nr/pppp1p1p/n2b4/4p1p1/8/P2P1N2/RPP1PPPP/1NBQKB1R w Kkq - 2 5,1
1nbqkb1r/rppp1ppp/4p3/p2n4/6P1/2NP1N2/PPP1PP1P/R1BQKB1R b KQk - 0 6,0
r1bqkbnr/1p1ppppp/n1p5/p7/3P4/4PQ2/PPP2PPP/RNB1KBNR w KQkq - 2 4,0
r1bqkb1r/p2ppppp/np5n/2p5/4PNP1/7P/PPPP1P2/RNBQKB1R b KQkq - 1 5,0
rnbqkb1r/ppppppp1/5n2/7p/5B2/N2P4/PPP1PPPP/R2QKBNR b KQkq - 3 3,0
rnbqkbnr/pp1p4/2p3p1/4pp1p/P6P/R4N2/1PPPPPP1/1NBQKB1R w Kkq - 0 6,1
r2qkb1r/pppbpp1p/2B3pn/3p4/5P2/2N1P3/PPPP2PP/1RBQK1NR w Kkq - 1 7,1
r1bqk1nr/pppp1pp1/2n4p/4p3/Pb6/1P4PN/1BPPPP1P/RN1QKB1R b KQkq - 0 5,1
r1bqkb1r/pppp1ppp/2n2n1B/4p3/2PP4/8/PP2PPPP/RN1QKBNR w KQkq - 1 4,1
1nbqkbnr/1ppppppp/r7/p7/8/P5PP/1PPPPP2/RNBQKBNR b KQk - 0 3,0
rnbqkb1r/2pppp2/1p3n2/p5pp/P2P1P2/2P1P1P1/1P5P/RNBQKBNR b KQkq - 0 6,1
rnbqkb1r/pppp1p1p/4p3/6p1/1P2n3/3P1N2/P1P1PPPP/RNBQKB1R b kq - 1 5,1
rnq1kbnr/ppp1pp1p/3pb1p1/7P/8/4P3/PPPPQPP1/RNB1KBNR b KQkq - 2 5,0
r1bqkb1r/pppp1ppp/n7/4pn2/1P2PQ2/8/P1PPNPPP/RNB1KB1R b KQkq - 4 5,1
rnbqkbnr/p1p2ppp/1p4P1/3pp3/7P/5N2/PPPPPP2/RNBQKB1R b KQkq - 0 5,1
rnb1kbnr/p1pp1ppp/8/1p2p3/7q/1P3N1P/P1PPPPPR/RNBQKB2 b Qkq - 0 4,0
rnbq1bnr/1p1pp1pp/2N1kp2/p1p5/4P1P1/8/PPPP1P1P/RNBQKB1R b KQ - 3 6,1
rnbqkbn1/1ppppppr/p7/7p/5P2/PP3K1N/2PPP1PP/RNBQ1B1R b q - 2 6,1
rn1qkbnr/pbp1ppp1/8/1p1p3p/1P2P3/P1NP4/2PB1PPP/R2QKBNR b KQkq - 0 6,0
rnbqkbnr/2pp1ppp/pp2p3/8/5P2/2P1P2N/PP1P2PP/RNBQKB1R b KQkq - 1 4,0
rnb1kb1r/pp1ppppp/1q6/2p4n/2P2NP1/8/PP1PPP1P/RNBQKB1R w KQkq - 5 5,1
rnbqkb1r/p1ppp2p/7n/1p3pp1/8/N1PP3P/PP1BPPP1/R1Q1KBNR b KQkq - 1 6,1
rnbqkbnr/pp2p1pp/3p4/2p2p1P/6P1/P7/1PPPPP2/RNBQKBNR b KQkq - 0 4,1
rnbqkbnr/pppp1p1p/4p3/6p1/8/4PPP1/PPPP3P/RNBQKBNR b KQkq - 0 3,0
rnbqkbnr/2ppp2p/8/p4pp1/1Pp1P2P/5N2/P2P1PP1/RNBQKB1R b KQkq - 0 6,0
rnb1kbnr/1pqpp2p/6p1/N1p2p2/1P5P/P7/2PPPPP1/R1BQKBNR b KQkq - 0 6,0
rnbqkbnr/pp1pp3/1p3pp1/7p/8/P4P2/2PPP1PP/RNBQKBNR b KQkq - 0 5,1
rnbqkb1r/p2pnpp1/1pp4p/8/3PpB2/2P4N/PP2PPPP/RN1QKB1R w KQkq - 0 7,0
rnbqkbnr/pppp2pp/4p3/5p2/8/2P3PP/PP1PPP2/RNBQKBNR b KQkq - 0 3,0
r1bq1bnr/p1ppkppp/4p3/1p6/PnP5/1Q4P1/1P1PPP1P/RNB1KBNR w KQ - 0 6,1
rnbqkb1r/pppp2pp/4p3/5p2/2P2P2/N3n1PB/PP1PP2P/R1BQK1NR w KQkq - 3 6,1
rnbqkbn1/pppppppr/8/7p/P7/6PB/1PPPPP1P/RNBQK1NR b KQq - 2 3,0
1n1qkbnr/r1pppppp/8/pp6/6PP/NP5R/PBPPPPb1/R2QKBN1 w Qk - 3 7,1
rnbqkbnr/1p1p1p1p/p7/2p1p1p1/2PP4/P4P2/1P2P1PP/RNBQKBNR w KQkq - 0 5,1
r1bqkbnr/p1p2ppp/2n1p3/1p1P4/5P1P/8/PPPPB1P1/RNBQK1NR b KQkq - 1 5,0
rn1qkbnr/1pp2ppp/8/p2ppb2/3P4/4PP1P/PPP2KP1/RNBQ1BNR w kq - 0 6,0
rnbqkbnr/ppp1p1pp/3p4/5p2/2P5/8/PPQPPPPP/RNB1KBNR b KQkq - 1 3,0
rnbqkbnr/pppppp2/8/6pp/4PN2/8/PPPP1PPP/RNBQKB1R w KQkq - 0 4,1
2rqkbnr/ppp1pppp/n7/1b1p4/1P6/2P1PK2/P2P1PPP/RNBQ1BNR w k - 1 6,1
r1bqkb1r/pppppp2/7p/6B1/Pn1Pn1P1/8/1PP1PP1P/RN2KBNR w KQkq - 0 7,1
r1bqkbnr/1ppppppp/p7/8/8/3P2PN/PPn1PPBP/RNBQK2R w KQkq - 0 5,1
r2qkbnr/1bp1pp1p/ppnp2p1/5P2/N6P/7R/PPPPP1P1/R1BQKBN1 w Qkq - 1 7,1
rn1qkbnr/pp2p1pp/3pbp2/1Pp5/P1P3P1/8/3PPP1P/RNBQKBNR b KQkq - 0 5,0
r1bqkbnr/p2pp2p/np3pp1/2pN4/P3P2P/8/1PPP1PPR/R1BQKBN1 b Qkq - 1 6,0
rnbqkbnr/1pp1ppp1/7p/p2p4/P7/1P6/2PPPPPP/RNBQKBNR w KQkq - 0 4,0
rnbqkbnr/pppppp2/7p/6p1/5P2/3P2P1/PPP1P2P/RNBQKBNR b KQkq - 0 3,0
1nbqkb1r/rpp1pp1p/p5p1/3p4/P1PP2n1/5P1P/1P2PKP1/RNBQ1BNR w k - 1 7,1
rnbqkbnr/1p1pp1pp/5p2/p4P2/P1p5/2N5/1PPPP1PP/R1BQKBNR w KQkq - 0 5,1
1rbqkbnr/p1pppppp/np6/8/2P5/NP5N/P2PPPPP/R1BQKB1R b KQk - 2 4,0
rnbqkb1r/1p2pppp/p1pp3n/8/2P3P1/N6B/PP1PPP1P/1RBQK1NR b Kkq - 0 5,1
rnb1kbnr/ppqpppp1/8/7p/1PpP4/N1P4N/PB2PPP1/R2QKB1R w KQkq - 2 7,1
rnbqkb1r/ppppp1pp/5p1n/8/2P1P3/7N/PP1P1PPP/RNBQKB1R b KQkq - 0 3,0
rn1qkb1r/ppp1pppp/3p1n2/5b2/1P6/P1N5/2PPPPPP/R1BQKBNR w KQkq - 1 4,0
rnb1kbnr/ppp1pp2/B2q2p1/3p3p/4P1P1/5N2/PPPP1P1P/RNBQK2R b KQkq - 2 6,1
rnq1kb1r/ppp2ppp/3p1n2/4p2b/8/3P1PPN/PPP1P2P/RNBQKB1R w KQkq - 0 7,0
rnbqk1nr/ppppp1bp/5p2/6p1/8/PPN4P/2PPPPP1/R1BQKBNR w KQkq - 2 5,1
rnbqkb1r/1pppBppp/8/p7/3PP2P/6n1/PPP2PP1/RN1QKBNR b KQkq - 0 5,0
r1bqkbnr/pppp1ppp/n3p3/8/8/3PP2N/PPP2PPP/RNBQKB1R b KQkq - 0 3,0
rn1qkbnr/ppp1p2p/3pbp2/5p2/P2P4/8/1PP1P1PP/RNBQKBNR w KQkq - 0 6,0
rnbqk1n1/pppp1pp1/7r/4p2p/1bP3P1/N3P3/PP1P1P1P/R1BQKBNR w KQq - 1 5,0
rn1qkbnr/1pp1pppp/p7/3p4/4N3/7b/PPPPPPPP/RNBQKB1R w KQkq - 0 4,0
rnbqkbnr/p1ppp2p/8/1p3pQ1/4P1p1/2NP4/PPP2PPP/R1B1KBNR b KQkq - 1 5,1
r2qkbnr/pQp1ppp1/2np3p/8/2P5/3P2Pb/PP2PP1P/RNB1KBNR b KQkq - 0 5,1
rnb1kbnr/pp1ppppp/8/1qp5/1P4Q1/4P3/PBPP1PPP/RN2KBNR w KQkq - 4 6,1
rnbqkb1r/1ppp1ppp/4p2n/p7/1P3P2/6PN/P1PPP2P/RNBQKB1R b KQkq - 2 4,1
r1b1kbnr/pp3ppp/3p4/2p1p3/1n4Pq/1P1PP3/P1PN1P1P/R1BQKBNR w KQkq - 1 7,0
rnbqkbnr/pppppp1p/8/8/4P1pP/8/PPPPQPP1/RNB1KBNR b KQkq - 1 3,0
rnb1kbnr/ppppqppp/4p3/P7/8/3P4/1PP1PPPP/RNBQKBNR b KQkq - 0 3,0
1nbqkb1r/1ppp1ppp/r7/p3pn2/4P3/P1NP1P2/1PP3PP/R1BQKBNR w KQk - 1 6,1
r1bqk1nr/p1ppppbp/n7/1p3Pp1/6P1/8/PPPPPN1P/RNBQKB1R b KQkq - 4 5,0
rnbqkb1r/p1p1nppp/8/1p1pp3/1PP5/P4P2/R2PP1PP/1NBQKBNR b Kkq - 0 5,1
rnbqkbn1/pp1ppppr/2p4p/8/7P/4P2N/PPPP1PP1/RNBQKB1R w KQq - 2 4,0
rnbqkb1r/pp1ppppp/7n/2p5/P3P3/5P2/1PPP2PP/RNBQKBNR b KQkq - 0 3,0
2bqkbnr/prppp1pp/np3p2/3N4/1P6/7N/P1PPPPPP/1RBQKB1R w Kk - 1 6,1
rnb1kbnr/ppp1pppp/8/1q1p4/6P1/8/PPPPPP1P/RNBQKBNR w KQkq - 4 4,0
r1bqk1nr/ppppppbp/2n5/6p1/P2P2P1/N3PN2/1PP2P1P/R1BQKB1R b KQkq - 0 6,0
rnb1kbnr/1p1p1ppp/pq6/4p1N1/Pp4PP/8/2PPPP2/RNBQKB1R w KQkq - 2 7,1
rnbqkbnr/1pp1pp1p/3p2p1/p7/8/2P5/PP1PPPPP/RNBQKBNR w KQkq - 0 4,0
rnbqkbnr/p2pppp1/1p5p/2p5/5B2/3P1P1P/PPP1P1P1/RN1QKBNR w KQkq - 0 5,0
r1bqkb1r/pppppppp/n4n2/8/2B5/N3P3/PPPP1PPP/R1BQK1NR b KQkq - 2 3,0
r1bqkbnr/ppppp2p/5p2/4n1p1/5P2/P2P2P1/1PP1P2P/RNBQKBNR w KQkq - 1 5,1
r2qkbnr/p1p1pppp/b1n5/1p1p3Q/2PP4/4P3/PP3PPP/RNB1KBNR w KQkq - 0 5,1
r1bqkbnr/1ppppppp/2n5/p7/2P4P/3P4/PP2PPP1/RNBQKBNR w KQkq - 0 4,0
rnbqkb1r/pppppppn/8/6Bp/3PP3/1P6/P1P2PPP/RN1QKBNR b KQkq - 0 4,1
rnbqkbnr/p1p1pp1p/8/1N1p2p1/4P3/6P1/PPPP1P1P/R1BQKBNR b KQkq - 0 4,1
r2qkbr1/pppbp1pp/n6n/3p1p2/3P4/P4P1P/1PP1P1P1/RNBQKBNR w KQq - 1 7,0
rn1qkb1r/ppp1pppp/3p3n/8/1P1P4/7b/P1PBPPPP/RN1QKBNR w KQkq - 3 4,1
rnbqkbnr/1pp2p1p/6p1/p2ppP2/7N/1P6/P1PPPKPP/RNBQ1B1R b kq - 1 6,1
rnbqkbnr/1ppppp1p/p7/6p1/3N4/2P5/PP1PPPPP/RNBQKB1R b KQkq - 0 3,0
r1bqkb1r/pppppp1p/n4np1/8/8/N6P/PPPPPPP1/1RBQKBNR w Kkq - 0 4,0
r1bqkbn1/pp1p1pp1/n1p3r1/4p2p/4P3/1P1P2P1/P1P2P1P/RNBQKBNR w KQq - 3 7,0
rnbqkb1r/pp1ppppp/2p5/8/2P1n1P1/5N2/PP1PPP1P/RNB1KB1R w KQkq - 0 6,1
rnbqkbnr/ppppp2p/8/2B2pp1/8/3P4/PPP1PPPP/RN1QKBNR b KQkq - 1 3,0
rnb1kbnr/p3pppp/3p4/qpp5/5PP1/P7/RPPPP2P/1NBQKBNR w Kkq - 1 5,1
rnbqkbnr/1ppppp1p/8/p5pQ/4P3/8/PPPP1PPP/RNB1KBNR b KQkq - 0 3,0
rnbqkbnr/2ppppp1/8/pp5p/2B1PP2/5Q2/PPPP2PP/RNB1K1NR w KQkq - 0 5,1
r1bqkbnr/pppppppp/8/1N2n3/5P2/1P6/P1PPP1PP/R1BQKBNR w KQkq - 1 5,1
rnbqk1nr/ppppppb1/8/6pp/8/1P4PP/P1PPPP2/RNBQKBNR w KQkq - 1 4,0
r1bqkbnr/pppp2pp/n3pp2/8/6P1/5P1N/PPPPP2P/RNBQKB1R w KQkq - 0 4,0
rnbqkb1r/p1p1p1p1/7n/1p1p1p1p/N7/PP3NP1/2PPPP1P/R1BQKB1R b KQkq - 0 6,1
r1bqkbnr/pppp2p1/n4p1p/4p3/6P1/2N4N/PPPPPP1P/R1BQKBR1 w Qkq - 0 5,0
rnbqk1nr/pp1pppbp/6p1/1Bp5/4PP1P/1P6/P1PP2P1/RNBQ1KNR b kq - 3 6,1
1nbq1bnr/rp1ppkpp/p1p5/5p2/4P1P1/N4N2/PPPPKP1P/R1BQ1B1R w - - 3 6,1
rnbqkbn1/1pppp1pr/p6p/4Np2/P5P1/8/1PPPPP1P/RNBQKB1R b KQq - 0 5,0
rnbq1bnr/ppp1pp1p/2k3p1/3p4/2P5/1Q3PPP/PP1PP3/RNB1KBNR w KQ - 1 6,0
rnbqkbnr/ppp3pp/3p4/5p1P/4p3/N7/PPPPPPP1/R1BQKBNR w KQkq - 0 5,0
rnb1k1nr/ppppb1pp/4p3/5p2/5qPP/5P2/PPPPP2R/RNBQKB2 w Qkq - 1 7,1
rnbqkbnr/p1ppppp1/1p6/7p/Q7/2P2N2/PP1PPPPP/RNB1KB1R b KQkq - 1 3,0
rnbqkbnr/p1pp2pp/1p6/4pP2/8/8/PPPP1PPP/RNBQKBNR b KQkq - 0 4,0
rn1qkbnr/ppp1pppp/3p4/1b6/3P4/2B1P3/PPP2PPP/RN1QKBNR b KQkq - 0 4,0
rnbqk2r/1ppp1ppp/p2b1n2/2P1p3/7P/3BPP2/PP1P2P1/RNBQK1NR b KQkq - 0 6,1
rnbqk2r/pppppp2/5npb/8/6p1/1P2P2N/P1PPBP1P/RNBQK2R w KQkq - 0 6,1
rnbqkbnr/pppppp1p/8/1N4p1/8/5N2/PPPPPPPP/1RBQKB1R w Kkq - 4 5,1
rnbqk2r/pp1ppp1p/5n1b/2p3P1/6PP/7R/PPPPP3/RNBQKBN1 w Qkq - 0 6,1
r1bqkb1r/ppppnpp1/n7/1N2p2p/2PP1P2/8/PP2P1PP/R1BQKBNR b KQkq - 0 5,0
rnbqkbnr/pppp2p1/5p2/7p/P2P1p2/8/RPP1PKPP/1NBQ1BNR b kq - 0 5,1
rnbqkbnr/ppp3pp/3p4/4pp2/3PP3/5P2/PPP3PP/RNBQKBNR b KQkq - 0 4,0
rnbqkbnr/1pppp2p/p7/5pp1/4PP2/P5P1/1PPP3P/RNBQKBNR b KQkq - 0 4,1
r1bqkbnr/pp1ppp2/n5pp/2p5/4P1Q1/2PB4/PP1P1PPP/RNBK2NR b kq - 3 6,1
rnbqkbnr/pppp1p1p/8/4p1p1/1P6/P7/2PPPPPP/RNBQKBNR b KQkq - 0 3,0
r2qkbnr/pppnppp1/8/3p1b1p/P1B1P1Q1/7N/1PPP1PPP/RNB1K2R b KQkq - 4 5,1
rnbk1b1r/ppppqpp1/7n/4p2p/5P2/2N3PP/PPPPP3/R1BQKBNR w KQ - 1 6,1
rnbqkbnr/pp1pp2p/5pp1/2p2N2/P7/8/1PPPPPPP/RNBQKB1R b KQkq - 0 4,1
rnbqkbnr/1p1ppQp1/p6p/2p5/6P1/2P5/PP1PPP1P/RNB1KBNR b KQkq - 0 4,1
rnbqkbnr/1p1ppppp/8/p1p5/4P1P1/N7/PPPP1P1P/R1BQKBNR b KQkq - 0 3,0
rnb1kbnr/ppp1pppp/3p4/8/1P1P2qP/2N5/P1P1PPP1/R1BQKBNR b KQkq - 0 4,0
rnbqkbnr/1pppp3/7p/6N1/p7/3PP3/PPP1BPPP/RN1QK2R w KQkq - 0 7,0
1nb1kb1r/rR1pqppp/2p2n2/p3p3/P5P1/2P5/1P1PPP1P/1NBQKBNR w Kk - 1 7,1
1rbqk1nr/pppp1pp1/n3p2p/2b5/PP3P2/8/2PPP1PP/RNBQKBNR w KQk - 1 6,1
rnbqkbnr/pppppp2/7p/6p1/3P4/2N5/PPPKPPPP/R1BQ1BNR b kq - 1 3,0
rnbqkbnr/3ppppp/8/pPp5/8/P7/1P1PPPPP/RNBQKBNR w KQkq c6 0 4,1
rnbqkb1r/p3pp1p/1ppp1n2/6p1/2PP4/4QP2/PP2P1PP/RNB1KBNR w KQkq - 0 6,1
r1bqkbnr/ppppppp1/2n4p/8/1P6/P3P3/2PP1PPP/RNBQKBNR b KQkq - 0 3,0
1rbqkb1r/p1ppp1pp/2n2p1n/1p6/2PP4/1Q5P/PP2PPP1/RNB1KBNR w KQk - 2 6,0
rnb1kbnr/1pp3pp/p3pp2/1q1p2P1/1PP5/P4N2/3PPP1P/RNBQKB1R w KQkq - 1 7,1
rnbqkbnr/pp1p1pp1/2p1p3/7p/8/4P1PN/PPPP1P1P/RNBQKB1R w KQkq - 0 4,0
rnb1kbnr/pp2p1pp/8/1qpp1p2/4P1QP/NP6/P1PP1PP1/R1B1KBNR w KQkq - 0 7,1
rnbqkbnr/pp2p1pp/2p5/3p1p2/5P2/PP6/2PPP1PP/RNBQKBNR w KQkq - 0 5,0
rn1qkbnr/pbpppppp/8/1p6/8/4P3/PPPP1PPP/RNBQKBNR w KQkq - 2 4,0
rnb1k1nr/pBpp2pp/7q/1pb1pp2/4P2P/6P1/PPPP1P2/RNBQK1NR w KQkq - 0 7,1
r1bqkbnr/ppp1pp1p/3p2p1/2n5/8/1P1BP1P1/P1PP1P1P/RNBQK1NR w KQkq - 1 5,0
rnbqkb1r/1ppp1p1p/4p1p1/pN4B1/6n1/3P1N2/PPP1PPPP/2RQKB1R b Kkq - 3 6,0
rnbqk1nr/p2p1ppp/3bp3/1p6/1B6/4P2P/P1PP1PP1/RN1QKBNR b KQkq - 0 6,1
rnb1kbnr/ppp2ppp/3pp3/8/6Pq/P1N5/1PPPPP1P/R1BQKBNR w KQkq - 1 4,1
rn1qkbnr/ppp1p1pp/4bp2/3p4/4PP2/2N5/PPPP2PP/1RBQKBNR b Kkq - 0 4,0
r1bqkbnr/p1pppp2/6pp/1p6/P1n3P1/8/1PPPPPBP/RNBQ1KNR w kq - 1 7,1
rnbqkbnr/pppp1p2/8/4p2p/7p/2PP1P2/PP2P1P1/RNBQKBNR w KQkq - 0 5,0
1nbqkbnr/rp1ppppp/p1p5/8/8/PP5N/2PPPPPP/RNBQKB1R w KQk - 2 4,0
r1b1kbnr/ppppqppp/n3p3/8/1P5P/2P3P1/PB1PPP2/RN1QKBNR w KQkq - 3 6,1
r1bqkbnr/pppppp1p/n5p1/8/8/1PP4P/P2PPPP1/RNBQKBNR b KQkq - 0 3,0
r1bqkbnr/p3p1pp/nppp1p2/8/8/2NP3N/PPPBPPPP/R2QKB1R b KQkq - 1 6,0
rnbqk2r/pppp1ppp/1b3n2/P3p3/RP6/7N/2PPPPPP/1NBQKB1R b Kkq - 0 5,1
r1bqk1nr/pppp1ppp/8/n3pP2/3P2P1/b1P5/PP2P2P/RNBQKBNR b KQkq - 0 5,1
rnbqkbnr/p1p1ppp1/8/1p5p/2N5/3PpP2/PPP1B1PP/R1BQK1NR b KQkq - 0 6,1
rnbqkbnr/1ppp2pp/8/4ppB1/p2P4/N7/PPP1PPPP/R2QKBNR w KQkq - 0 5,1
rnbqkb1r/1pppp1pp/7n/p4p2/6P1/P2P4/1PP1PP1P/RNBQKBNR w KQkq - 1 4,1
r1bqkbnr/p1ppp3/n6p/1p3pp1/P4P2/2N3P1/1PPPP2P/R1BQKBNR w KQkq - 0 7,1
rnbqkbnr/p1ppppp1/1p5p/8/6P1/4P2P/PPPP1P2/RNBQKBNR b KQkq - 0 3,0
r1bqkbnr/p1pp1ppp/np6/8/3p1P2/N6N/PPP1P1PP/R1BQKB1R w KQkq - 0 5,1
rnbqkbr1/ppppp1pp/5n2/5p2/2P4P/1P3P2/P2PP1P1/RNBQKBNR b KQq - 0 4,0
rnb1kbnr/1p1pppp1/2p5/p6p/8/P3PNP1/1qPP1P1P/RNBQKB1R w Qkq - 0 7,1
rnbqkb1r/pppp1p1p/8/4pnp1/6P1/1P1P1P2/P1P1P2P/RNBQKBNR w KQkq - 1 5,1
r1bqkb1r/pp1ppp1p/n1p3p1/6N1/2B2P2/4n3/PPPP2PP/RNBQK2R w KQkq - 1 7,0
rnbqkb1r/3ppp1p/p1p2np1/1p6/4P1PP/1PP5/P2P1P1R/RNBQKBN1 b Qkq - 0 6,1
rnbq1bnr/p2kpppp/2pp4/1p6/5P2/P7/RPPPPKPP/1NBQ1BNR w - - 2 5,0
rnbqkbnr/1ppppppp/8/p7/P1P5/3P4/1P2PPPP/RNBQKBNR w KQkq - 1 4,0
rnbqkbnr/ppppppp1/8/7p/6P1/5P1P/PPPPP3/RNBQKBNR b KQkq - 0 3,1
rnb1kbnr/p1ppqppp/4p3/8/Pp6/1PP3PB/3PPP1P/RNBQK1NR b KQkq - 2 5,0
rnb1kb1r/pp3ppp/3p3n/2p1p2Q/7q/2NPP3/PPP1BPPP/R1B1K1NR w KQkq - 4 6,1
rnbqkb1r/ppppp1pp/7n/5p2/8/4P2N/PPPPKPPP/RNBQ1B1R b kq - 1 3,0
rnbqkb1r/pp2pppp/2pp4/7n/8/PP1P3P/2P1PPP1/RNBQKBNR w KQkq - 1 5,0
rn1qkb1r/pbpppppp/1p3n2/8/3P1B2/1P6/P1P1PPPP/RN1QKBNR w KQkq - 3 4,0
rnbqk2r/ppppbppp/4p2n/1B6/8/4P3/PPPP1PPP/RNBQK1NR b KQkq - 3 4,0
r1bqkb1r/ppp3pp/2np1p1n/4p1N1/8/2PP2P1/PP2PP1P/RNBQKBR1 b Qkq - 0 6,1
rn1qkbnr/pbppp1pp/8/1p3p2/4PP2/P7/1PPP2PP/RNBQKBNR w KQkq - 1 4,1
r1b1kb1r/pppp1ppp/n6n/4p3/5P1q/P1N4N/1PPPP1PP/R1BQKB1R w KQkq - 3 5,1
rnbqkb1r/pp1pppp1/5n1p/8/1Pp5/2P2NP1/P2PPP1P/RNBQKB1R w KQkq - 1 5,0
1nbqkbnr/rppppp2/6pp/p7/8/1P1P2P1/P1P1PP1P/RNBQKBNR b KQk - 3 5,0
rn1qkbnr/pbppppp1/8/Pp5p/8/7N/1PPPPPPP/RNBQKB1R w KQkq - 1 4,0
rnbqkb1r/ppp1pppp/7n/3p4/8/P3P2P/1PPP1PP1/RNBQKBNR b KQkq - 0 3,0
r1bqkbnr/ppppp1p1/5p2/7p/1P4PP/4Pn2/P1PP1P1R/RNBQKBN1 w Qkq - 1 6,1
rnbqkb1r/pp1p2pp/2p1p2n/5p2/2P1P3/1P5N/P2P1PPP/RNBQKB1R w KQkq - 0 5,0
rnbqkbnr/p1ppppp1/1p6/7p/PP6/7N/2PPPPPP/RNBQKB1R b KQkq - 1 3,0
rnbqkb1r/p2pppp1/2p2n2/1p5p/P6P/R1P2P2/1P1PP1P1/1NBQKBNR b Kkq - 1 5,1
r1bqkbnr/pppppp2/2n3pp/8/Q7/2P3P1/PP1PPP1P/RNB1KBNR w KQkq - 0 4,0
rnbqkb1r/2pppppp/1p3n2/p7/3P4/4P2N/PPP2PPP/RNBQKB1R w KQkq - 1 4,0
rnb1kbnr/pp1ppp1p/1qp3p1/1N6/8/P2P4/1PP1PPPP/R1BQKBNR b KQkq - 0 4,1
rnbqkb1r/1pp1p1pp/p6n/3p1p2/7P/N4N2/PPPPPPP1/1RBQKB1R w Kkq - 0 5,0
rnbqkbr1/2p1pppp/7n/1p1p4/p7/P1N2N1P/1PPPPPP1/R1BQKB1R w KQq - 0 7,1
rnbqkbnr/1pppp1p1/8/p4p1p/Q1P5/5P2/PP1PP1PP/RNB1KBNR w KQkq - 0 4,0
rn1qkbnr/pbp1p2p/3p1p2/6N1/1p3P2/N1P5/PP1PP1PP/R1BQKB1R w KQkq - 0 7,1
r1bqkbnr/pppnppp1/7p/3p4/8/N2P4/PPPKPPPP/R1BQ1BNR w kq - 0 4,1
rnbqkbnr/1ppp3p/4p1p1/5p2/1p1P1P2/P1P2N2/4P1PP/RNBQKB1R b KQkq - 0 6,1
rnbqkb1r/ppppppp1/7p/3n4/QP6/2P1P3/P2P1PPP/RNB1KBNR b KQkq - 1 4,0
r1bqkbnr/p1ppppp1/np5p/8/6P1/2NP4/PPP1PP1P/1RBQKBNR b Kkq - 2 4,0
rnbqkb1r/pppp1pp1/5n1P/8/4p3/N7/PPPPPP1P/R1BQKBNR w KQkq - 1 5,0
rnbq1bnr/2pppkpp/p4p2/1p6/1P4P1/5P1P/P1PPP3/RNBQKBNR w KQ - 1 5,0
rnbqkbnr/pp2p1pp/8/2pp1p2/1P6/P4P2/2PPP1PP/RNBQKBNR w KQkq - 0 4,0
rnbqkbnr/p3pppp/1p1p4/2p5/8/N2P1N2/PPP1PPPP/R1BQKB1R w KQkq - 0 4,0
r2qkbnr/ppp1ppp1/n2p4/5b1p/8/PP2PP2/2PP1KPP/RNBQ1BNR b kq - 2 5,0
rn1qkbnr/pppbp1p1/3p4/5p1p/6PP/2P1P2B/PP1P1P2/RNBQK1NR w KQkq - 0 6,1
r1bqkbnr/pp1ppp1p/n5p1/2p5/8/1P3NP1/P1PPPPBP/RNBQK2R b KQkq - 1 4,0
rn1qkbnr/1bppp2p/6p1/pp3p2/8/BPP5/P2PPPPP/RN1QKBNR w KQkq - 0 6,0
r1bqkbnr/p1p1p2p/2Pp2p1/5p2/P7/1P6/3PPPPP/RNBQKBNR w KQkq - 0 6,1
rnbqkb2/pppp1ppr/5n2/4p2p/2P4N/NP6/P2PPPPP/R1BQKB1R w KQq - 1 6,0
r1bqkbnr/ppp1pppp/n2p4/8/3NP3/8/PPPP1PPP/RNBQKB1R b KQkq - 0 3,0
r1b1kbn1/ppq1pppr/n4Q1p/2pp4/P3P3/6P1/1PPP1P1P/RNB1KBNR w KQq - 0 7,0
rnbqkbnr/p1pp1pp1/2P4B/1p2p3/7p/3P4/PP2PPPP/RN1QKBNR b KQkq - 1 5,1
rn1qkbnr/p1p1p1pp/3p1p2/1p3b2/1P6/3P2P1/P1P1PPBP/RNBQK1NR b KQkq - 0 5,1
rnbqkbnr/1p1pp2p/2p5/p4pp1/N1P5/P5P1/RP1PPP1P/2BQKBNR b Kkq - 1 6,0
r1bqkb1r/pp1ppppp/n7/2p5/6n1/1PNP1PPN/P1P1P2P/R1BQKB1R b KQkq - 0 6,0
rnbqk1nr/pppp1p2/6p1/4p2p/1b2P3/2NP4/PPPBQPPP/R3KBNR b KQkq - 3 5,0
rnbqkb1r/p1ppppp1/1p3n2/7p/1P6/2N4P/P1PPPPP1/R1BQKBNR w KQkq - 0 4,0
rnbqkb1r/pppp1ppp/7n/4p3/P6P/2P5/1P1PPPP1/RNBQKBNR b KQkq - 0 3,0
rnbqkbn1/pppppppr/8/7p/1P3P2/N7/P1PPP1PP/R1BQKBNR b KQq - 0 3,0
rnbqk1nr/ppppbppp/4p3/4P3/8/5N2/PPPP1PPP/RNBQKB1R b KQkq - 2 3,0
rnb1kbnr/pp1qpppp/2p5/3p4/N6P/5P2/PPPPP1P1/R1BQKBNR b KQkq - 0 4,1
rnbqk1nr/ppppb1pp/4pp2/8/2P5/P3PQ2/1P1P1PPP/RNB1KBNR b KQkq - 2 4,0
rnbqkbnr/p1pp1ppp/4p3/1p6/5P2/2P4P/PP1PP1P1/RNBQKBNR b KQkq - 0 3,0
r1bqkbnr/pppp2pp/8/4pp2/P1n3P1/5P1N/1PPPP2P/RNBQKB1R b KQkq - 0 6,1
rn1qkbn1/p1pbpppr/7p/1p1p4/6P1/2NPPN2/PPP2P1P/R1BQKB1R w KQq - 1 6,1
rnbqkbnr/ppp1ppp1/7p/3p4/1P6/2P2P2/P2PP1PP/RNBQKBNR b KQkq - 0 3,1
r1bqkbnr/pppppppp/8/8/3n2P1/P1N5/1PPPPP1P/R1BQKBNR b KQkq - 2 3,0
rnbqkbnr/p5pp/1pp1pp2/3p4/P5PN/RP6/2PPPP1P/1NBQKB1R b Kkq - 0 6,1
r2qkbnr/ppp1pp1p/2np2p1/5bP1/P7/5N2/1PPPPPBP/RNBQK2R w KQkq - 1 6,0
rnb1kbnr/pppqpp1p/3p2p1/8/5P2/NP5N/P1PPP1PP/R1BQKB1R b KQkq - 2 4,0
rnbqkbnr/1p1p1ppp/2p5/p3p3/8/2N2P1N/PPPPP1PP/R1BQKB1R w KQkq - 0 4,0
r1bqkbnr/ppp2ppp/n7/3pp3/2PP4/4P3/PP3PPP/RNBQKBNR w KQkq - 0 4,1
rnbqk1nr/pp1pp1bp/2p3p1/5p1Q/5P2/3PP3/PPP1K1PP/RNB2BNR b kq - 3 5,1
rnbqkbnr/3pp1pp/2p2p2/pp1N4/1P4P1/7P/P1PPPP2/R1BQKBNR b KQkq - 0 5,1
rnbqkbnr/1p1pp3/2p2p1p/pN4p1/QP6/2P5/P2PPPPP/R1B1KBNR b KQkq - 1 6,1
rnbqkbnr/1pp1p1p1/8/p2p3p/PP2pP2/R7/2PP2PP/1NBQKBNR w Kkq - 0 6,1
rnbqkbnr/p2pp1pp/1pp5/5pB1/Q1P4P/3P4/PP2PPP1/RN2KBNR b KQkq - 1 5,0
r1b1kbr1/ppqppppp/n1p2n2/8/4P2P/1Q6/PPPP1PP1/RNB1KBNR w KQq - 2 6,0
rnbqkbr1/p1p1pppp/3p3n/1p6/2P5/2Q5/PP1PPPPP/RNB1KBNR w KQq - 0 5,1
rnbqkbnr/ppp1pppp/8/8/8/N1P1p2P/PP1P1PP1/R1BQKBNR b KQkq - 0 4,1
r1bqkbnr/ppppp2p/2n5/5pp1/QPP5/7P/P2PPPP1/RNB1KBNR b KQkq - 2 5,0
rnbqkb1r/pp1p1ppp/5n2/4p3/3p2P1/1PN4P/P1P1PP2/R1BQKBNR b KQkq - 0 5,1
rnbqkb1r/ppppn1pp/4p3/8/1P3p2/P1P2N2/3PPPPP/RNBQKB1R w KQkq - 1 5,1
r1bqkbnr/ppp1pp2/2np3p/6p1/3N4/2P5/PP1PPPPP/RNBQKBR1 w Qkq - 0 5,0
rnbqkbnr/1pp1pp2/3p2pp/p2P4/7P/5P2/PPPBP1P1/RN1QKBNR b KQkq - 1 5,0
rnbqkbnr/p1p1ppp1/1p1p3p/8/2P5/7P/PP1PPPPR/RNBQKBN1 w Qkq - 0 4,0
rnbqkbnr/1ppppp1p/p7/6p1/8/1P2PN2/P1PP1PPP/RNBQKB1R b KQkq - 0 3,0
rn1qkbnr/p1ppp2p/bp6/5p2/P6p/2PP4/1P2PPP1/RNBQKBNR w KQkq - 0 7,1
rn1qkbnr/pbpppppp/8/1p6/1P6/B1P5/P2PPPPP/RN1QKBNR b KQkq - 2 3,0
rnb1kbnr/ppq1p1pp/2pp4/5p2/3P4/P1P4P/1PQ1PPP1/RNB1KBNR b KQkq - 2 5,0
2bqkb1r/rpppnppp/p1n1p3/8/2P5/3PB3/PP1NPPPP/RN1QKB1R w KQk - 4 6,1
rnbqkbnr/1pppp1pp/p7/3N4/8/P4p2/1PPPPPPP/1RBQKBNR w Kkq - 0 5,1
r1bqkbnr/ppp1p1p1/2np3p/5p2/5P2/3PP2N/PPP1K1PP/RNBQ1B1R b kq - 1 5,1
rnbqk1nr/p1ppbp1p/4p1p1/1p6/8/1PNPP1P1/P1P2P1P/R1BQKBNR b KQkq - 0 5,0
rnb1kbnr/pppp1ppp/4p1q1/4P1N1/8/8/PPPP1PPP/RNBQKB1R b KQkq - 2 5,1
rnbqkbnr/2pppppp/1p6/p7/3P4/N6P/PPP1PPP1/R1BQKBNR b KQkq - 0 3,0
rnbqkbnr/pp1p2pp/2p1p3/5p2/5P2/3P2P1/PPPQP2P/RNB1KBNR b KQkq - 0 4,0
rnbqkb1r/p1ppp1p1/5p2/1p1n4/1P2PPPp/3P4/P1PQ3P/RNB1KBNR w KQkq - 0 7,1
r1bqkbnr/p2p2p1/npp2p1p/8/6P1/BP5P/P1PPPP2/RN1QKBNR b KQkq - 2 6,0
rnbqkbnr/pp1p1p1p/8/2p1p3/6P1/5N1p/PPPPPP2/RNBQKB1R w KQkq - 0 6,0
rnbqkbnr/p1pppp1p/1p4pB/8/3P4/8/PPP1PPPP/RN1QKBNR b KQkq - 1 3,1
r1b1kbnr/pp1npppp/2p5/3p2P1/8/3P4/PPPKPP1P/RN1Q1BNR w kq - 1 6,1
rnbqkb1r/pppp1p2/5n1p/4p1p1/1PNPP3/7N/P1P2PPP/R1BQKB1R w KQkq - 0 7,0
rnb1qbnr/p1pkpp1p/1p4p1/3p4/8/P1N1P2P/1PPPKPP1/RNBQ1B1R b - - 1 6,0
rnb1kbnr/pp1ppp2/2p3p1/6Np/1P3q2/2N5/P1PPPPPP/R1BQKB1R w KQkq - 1 6,1
r1bqkbnr/1ppppp2/2n4p/p5p1/3N4/2N3P1/PPPPPP1P/R1BQKBR1 b Qkq - 1 5,1
rnbq1bnr/pppppkpp/5p2/8/1PP5/P7/3PPPPP/RNBQKBNR b KQ - 0 3,1
rnbqkbnr/pp1pp1pp/2p5/5pB1/1P6/3P4/P1P1PPPP/RN1QKBNR b KQkq - 1 3,0
rnbqkbnr/p1ppp1p1/7p/1p2Pp2/8/N7/PPPP1PPP/R1BQKBNR w KQkq f6 0 4,0
rnbqkbnr/1pp1p1pp/8/p2p1p2/3P1PP1/8/PPP1P2P/RNBQKBNR w KQkq - 0 4,0
rn2kbnr/pppb1ppp/3p4/3Np3/3PP3/5Pq1/PPP3PP/R1BQKBNR w KQkq - 1 6,1
rnb1kbnr/pp2pppp/2p5/2Ppq3/8/N4N1P/PP1PPPP1/R1BQKB1R b KQkq - 4 5,0
rnbqkbnr/1pppp1pp/5p2/p6P/8/5P2/PPPPP1P1/RNBQKBNR b KQkq - 0 3,0
rnbqkbnr/pppp3p/5pp1/1P2p3/P7/2N5/2PPPPPP/R1BQKBNR b KQkq - 0 4,0
r2qkb1r/p1ppp1pp/bpn2p1n/5P2/8/NP5P/P1PPP1PR/R1BQKBN1 b Qkq - 2 6,1
rnbqkbnr/ppp1p1pp/3p4/5p2/3PP1Q1/8/PPP2PPP/RNB1KBNR b KQkq - 0 3,1
rnbqkbnr/p1pp1p1p/4p3/1p4p1/2P3P1/N4P2/PP1PP2P/R1BQKBNR b KQkq - 0 4,1
r2qkbnr/2pnpppp/3p4/pp4N1/1P2P3/N6b/P1PP1PPP/R1BQKB1R w KQkq - 1 6,1
rnbqkbnr/2pppppp/1p6/p7/3P4/1P2P3/P1P2PPP/RNBQKBNR b KQkq - 0 3,0
1nbqkbnr/rppp1p2/4p1p1/pB5p/4P3/6PN/PPPPKP1P/RNBQ3R w k - 0 6,0
rnbqkbnr/1ppp2pp/p3p3/5p2/6Q1/4P2N/PPPP1PPP/RNB1KB1R w KQkq - 4 6,0
r1bqkbnr/2p1pppp/8/pp1p4/1P1n4/2N1P1PN/P1P2P1P/R1BQKB1R b KQkq - 0 6,0
rnbqkbnr/ppp1p1pp/8/3p1p2/P7/2P2N2/1P1PPPPP/RNBQKBR1 b Qkq - 0 4,0
rn2kbnr/pppb1p1p/3p2p1/B3p3/P1P4q/3PP3/1P3PPP/RN1QKBNR b KQkq - 2 6,0
1rbqkbn1/p1pppp2/1pn4r/6pp/P7/2P2NP1/1P1PPP1P/RNBQKB1R w K - 2 7,1
rnbqkb1r/p1pppppp/8/1p6/4nP2/1P2K3/P1PPP1PP/RNBQ1BNR b kq - 4 4,1
rnb1kbnr/p1pp1pp1/4p2p/1Q4q1/2P5/3P1N2/PP2PPPP/RNB1KB1R b KQkq - 0 6,0
r1bqkbnr/p1pppppp/n7/1p6/5PP1/7P/PPPPP3/RNBQKBNR b KQkq - 0 3,0
1rbqkbnr/p1pppppp/2n5/1p6/3P4/1PN5/P1P1PPPP/R1BQKBNR w KQk - 0 4,1
rn1qkbnr/p3p1pp/4bp2/1p1p4/2p5/NP4P1/P1PPPPBP/R1BQK1NR w KQkq - 1 7,1
rnbk1bnr/1ppp1ppp/4p3/p7/4Pq2/1PN3PP/P1PP1P1R/R1BQKBN1 b Q - 2 6,1
rnbqk2r/ppppppbp/6p1/8/3PP1n1/5P2/PPP4P/RNBQKBNR w KQkq - 0 5,1
rnbqkb1r/ppp3pp/4pp1n/3p1N2/P3P3/7P/1PPP1PP1/RNBQKB1R w KQ - 4 7,1
rnbqkbnr/pppppppp/8/8/8/PPN5/2PPPPPP/R1BQKBNR b KQkq - 0 3,0
r1bqkbnr/2p1pppp/ppnp4/7Q/2B1P3/5P1P/PPPP2P1/RNB2KNR w kq - 1 7,0
rnbqkbnr/p1ppp1p1/5p1p/1p6/P2P4/5P2/1PP1P1PP/RNBQKBNR w KQkq - 0 4,1
r2qkbnr/pbpp1ppp/np2p3/1N6/P7/5N1P/RPPPPPP1/2BQKB1R w Kkq - 2 7,0
rnb1kbnr/pp2pppp/1qp5/3p4/6P1/P7/RPPPPP1P/1NBQKBNR w Kkq - 1 4,1
rnbqkbnr/p3pppp/2pp4/1p6/P7/1P1P1N2/2P1PPPP/RNBQKB1R b KQkq - 1 4,0
rnbqkb1r/p1pppp1p/7n/1p4p1/2P2P2/NQ6/PP1PP1PP/R1B1KBNR b KQkq - 0 4,0
rn1qkbnr/ppp1pp1p/3p2p1/8/2bP4/1P5N/P3PPPP/RNBQKB1R w KQkq - 0 5,1
rnbqkbnr/2pppp1p/8/pp4p1/2P3P1/3P3B/PP2PP1P/RNBQK1NR b KQkq - 1 4,0
r1q1kbnr/p1p1ppp1/2npb3/1p5p/7P/N2BPP2/PPPP2PR/R1BQK1N1 w Qkq - 3 7,1
rnbq1knr/pppppp1p/6p1/6b1/1P6/3PP3/P1PN1PPP/R1BQKBNR w KQ - 1 5,1
rnbqkbnr/pppp1p1p/6p1/4p3/8/3P2P1/PPPNPP1P/R1BQKBNR b KQkq - 1 3,0
rnbqk2r/1ppp2pp/p3pp1n/1P6/1b3P2/3PB3/P1P1P1PP/RN1QKBNR w KQkq - 1 6,1
rnbqkbnr/ppp1pppp/8/3p4/P5P1/N4N2/1PPPPP1P/R1BQKB1R w KQkq - 2 5,0
rn1qkb1r/1p2pppp/p1p1b2n/3p4/3P4/P4NP1/1PP1PP1P/RNBQKB1R b KQkq - 1 6,0
rnbqkb1r/ppppp1pp/7n/5p2/P2P4/5P2/1PP1P1PP/RNBQKBNR b KQkq - 0 3,0
rn1qkbn1/p1ppp1pr/bp6/5p1p/1P2P3/N7/P1PPNPPP/R1BQKB1R w KQq - 0 6,1
1nbqkbnr/rppppppp/p7/8/1P6/6PP/P1PPPP2/RNBQKBNR b KQk - 0 3,0
rnb1kb1r/ppN1pp1p/1qp2n2/3P2p1/3P4/8/PPP2PPP/R1BQKBNR b KQkq - 2 6,1
rnbqkb2/1pp1pppr/p4n1p/3p4/8/PPP2N2/3PPPPP/RNBQKB1R b KQq - 0 6,0
rn1qkbnr/pp2pppp/2p5/8/3pP1P1/NbP5/P2P1P1P/R1BQKBNR w KQkq - 0 6,1
rnbqkbnr/p1pp1pp1/1p6/4p2p/4P2P/7R/PPPP1PP1/RNBQKBN1 w Qkq - 0 4,0
r1bq1bnr/nppppkpp/p7/5p2/4P3/2N5/PPPP1PPP/R1BQKBR1 w Q - 0 7,1
rnbqkbnr/1pp2ppp/3p4/p2Np3/P7/6P1/1PPPPP1P/R1BQKBNR w KQkq - 0 5,0
r1bqkbnr/1pppppp1/p1n4p/8/1B6/1P6/P1PPPPPP/RN1QKBNR b KQkq - 1 4,1
rnb1kbnr/1ppp1ppp/6N1/p3p3/7q/8/PPPPPPP1/RNBQKB1R b KQkq - 1 4,1
rnbq1k1r/p1ppb1pp/2Q1pp1n/8/2P5/5P1P/PP1PP1P1/RNB1KBNR w KQ - 3 7,1
rnbqkbn1/pppp2pr/4pp2/7p/P2P4/2P5/1P1NPPPP/R1BQKBNR w KQq - 1 5,1
r1bqkbnr/pppp2pp/n3pp2/8/P7/3P4/1PPQPPPP/RNB1KBNR w KQkq - 2 4,0
rnbqkbnr/p1ppp1pp/8/1p3p2/1P5P/3P4/P1P1PPP1/RNBQKBNR b KQkq - 0 3,0
1nbqkb1r/1pppp2p/r4np1/p4p2/1PP5/5Q1P/P2PPPP1/RNB1KBNR w KQk - 0 6,0
1nbqkbnr/r1pppppp/p7/1p6/6P1/P1N2P2/1PPPP2P/R1BQKBNR b KQk - 0 4,1
r1bqkbr1/ppp2ppp/2n1p2n/3p4/1P6/3BPP2/P1PP2PP/RNBQK1NR b KQq - 4 6,1
rnbqkb1r/ppp1pppp/3p1n2/8/8/1PN2N2/P1PPPPPP/R1BQKB1R b KQkq - 1 3,0
rnbqk2r/ppppnppp/4p3/8/3P4/b4P2/PPP1P1PP/1RBQKBNR b Kkq - 0 4,1
r1bqkbnr/p1p1ppp1/2n5/1p1p3p/7P/P1NP4/1PP1PPP1/R1BQKBNR b KQkq - 0 5,0
rnbqkbnr/pppp1p2/6p1/4p2p/5P2/N4N2/PPPPP1PP/R1BQKB1R w KQkq - 0 4,1
r1bqkb1r/pppppNp1/7p/2nn4/4P3/7P/PPPP1PP1/RNBQKB1R w KQkq - 1 6,1
rnb1kb1r/ppppnpp1/8/4p1qp/P2P4/2N4N/1PP1PPPP/R1BQKB1R w KQkq - 0 5,1
rnbqkbnr/pp2p2p/3p2p1/2p2p2/1PN3P1/3P3N/P1P1PP1P/R1BQKB1R b KQkq - 0 6,1
rnb1kbnr/ppp2ppp/3p4/2P1p3/4P3/8/PP1P1P1P/RNBQKRN1 b Qkq - 1 6,1
r1bqkb1r/p1pppp1p/5n2/1pn3p1/P1P5/1Q1P1P2/1P2P1PP/RNB1KBNR w KQkq - 1 7,0
rnbqk1nr/pppp3p/4p2b/5p2/P1P1P3/6p1/1P1P1PPP/RNBQKBNR w KQkq - 0 7,1
rnbq1bnr/1ppkppp1/7p/p2p4/5P1P/P7/1PPPP1P1/RNBQKBNR w KQ - 1 5,0
rnbqkbnr/1p1p1ppp/p1p5/4p3/1QP5/3P4/PP1KPPPP/RNB2BNR b kq - 1 5,1
rnbqkbnr/p1p1pppp/1p6/3pN3/8/6P1/PPPPPP1P/RNBQKB1R b KQkq - 1 3,0
r1bqkbnr/ppppppp1/2n5/7p/5P2/2N4N/PPPPP1PP/R1BQKB1R b KQkq - 3 3,1
rnbqkbnr/2pppp2/1p6/p5pp/P5P1/5P1N/1PPPP2P/RNBQKB1R w KQkq - 0 5,0
r1bqkbn1/pppppppr/2n4p/8/8/NPP1P3/P2P1PPP/R1BQKBNR b KQq - 2 4,0
rnbqkbnr/pp1p2pp/4p3/2p2p2/2P5/P3P3/RP1PNPPP/1NBQKB1R b Kkq - 0 5,0
r1bqkbnr/1pppp2p/2n5/P4pp1/6P1/7N/P1PPPP1P/RNBQKB1R w KQkq - 2 5,0
1nbqkbnr/1pp1ppp1/r2p3p/p1P5/8/4P3/PP1PKPPP/RNBQ1BNR w k - 0 5,0
rnbq1bnr/pppkpppp/3p4/8/4P3/PP6/2PPNPPP/RNBQKB1R w KQ - 3 5,1
r1bqkbnr/1pp3pp/pn1p1p2/4p3/PN4P1/3P4/1PP1PP1P/R1BQKBNR w KQkq - 3 7,0
rnbqkbnr/p1pppp1p/1p6/6p1/3P1P2/2N5/PPP1P1PP/R1BQKBNR b KQkq - 0 3,1
r1bqkbnr/1p1pppp1/p1p4p/n7/6PP/P4P2/1PPPP3/RNBQKBNR w KQkq - 0 6,0
1nbqkbnr/rpppp1pp/p7/4Np2/3P4/6P1/PPP1PP1P/RNBQKBR1 b Qk - 0 5,0
rn1qkbnr/pb2pppp/2p5/1p1p4/2P5/N4P1P/PP1PP1PR/R1BQKBN1 w Qkq - 0 6,1
rnbq1bnr/p1p1pkpp/5p2/1p1p4/2PP4/2N5/PPQ1PPPP/R1B1KBNR b KQ - 3 5,0
rn1qkb1r/1pp1pppp/3p3n/p7/N5bP/P4N2/1PPPPPPR/R1BQKB2 b Qkq - 3 6,0
r1bq1bnr/pppppkpp/2n2p2/8/7P/2NP4/PPP1PPP1/R1BQKBNR b KQ - 2 4,0
rnbqkbnr/p3pppp/3p4/1pp5/3P4/P5P1/1PPNPP1P/R1BQKBNR b KQkq - 0 4,0
r1bqkbnr/ppppp2p/2n2p2/4N1p1/5P2/8/PPPPP1PP/RNBQKB1R w KQkq - 0 4,1
rnb1k2r/pp1pbppp/5n2/q1p1p1N1/P1P4P/6P1/1P1PPP2/RNBQKB1R w KQkq - 3 7,0
rn1qkbnr/ppp1pp1p/3p2p1/8/6b1/PP5P/1BPPPPP1/RN1QKBNR b KQkq - 2 4,1
rnbqkbnr/p2pp1pp/8/1pp2p2/N7/5P1N/PPPPP1PP/R1BQKB1R b KQkq - 0 4,1
rnbqkb1r/pppppp1p/3P3n/6p1/5P2/8/PPP1P1PP/RNBQKBNR b KQkq - 0 4,0
rn2kbnr/p3pppp/1ppq4/3p4/5PbP/P3PN2/1PPP2P1/RNBQKB1R w KQkq - 1 6,0
2bqkbnr/rpp1pp2/n6p/p2p2p1/2PP2P1/P7/1P1QPP1P/RNB1KBNR w KQk - 2 7,1
rnbq1bnr/ppppp1pp/6k1/5p2/2B1P2P/8/PPPP1PP1/RNBQK1NR w KQ - 3 4,1
rnbqkb1r/ppp2ppp/4p2n/8/3p3P/2PP1N2/PP1NPPP1/R1BQKB1R b KQkq - 1 5,0
rnb1kb1r/pp1ppppp/2p2n2/q7/6PP/8/PPPPPPB1/RNBQK1NR w KQkq - 2 4,0
rnbqk1nr/pp1p1ppp/8/2b1p3/2p5/N1P1P2P/PP1PQPP1/R1B1KBNR w KQkq - 0 6,1
rnbqk1nr/p1ppb1pp/1p6/4pp2/2NP4/7P/PPP1PPP1/R1BQKBNR w KQkq - 0 5,1
r1bqkbnr/ppppp1pp/n4p2/8/3P1P2/1PP5/P3P1PP/RNBQKBNR w KQ - 1 5,1
rnbqkbn1/ppppppp1/8/7P/7P/1rN5/P1PPPP2/R1BQKBNR b KQq - 0 6,0
rnbqkbnr/1pp1pppp/8/p2p4/8/P3P1P1/1PPP1P1P/RNBQKBNR b KQkq - 0 3,0
r1bqkbnr/pppppp1p/6p1/8/1n2P3/7N/PPPPBPPP/RNBQK2R b KQkq - 4 4,0
rnbqkbnr/1pp1pp1p/p7/3p2p1/8/3P1P2/PPP1PKPP/RNBQ1BNR w kq - 0 6,0
rnbqkbnr/pppp2pp/5p2/4pP2/8/4P3/PPPP2PP/RNBQKBNR b KQkq - 0 3,0
rnbqkbnr/1ppp1p1p/4p1p1/p7/8/1PP1P3/P2P1PPP/RNBQKBNR w KQkq - 0 4,0
1nbqkbnr/r1ppp1pp/8/pp3pB1/3P3P/P1P5/1P2PPP1/RN1QKBNR w KQk - 0 6,1
rnb1kb1r/ppqppp1p/6pn/2p5/7P/3P3R/PPP1PPP1/RNBQKBN1 w Qkq - 2 5,0
rnb1kb1r/pppqpp1p/3pNnp1/8/8/1P6/P1PPPPPP/RNBQKB1R w KQkq - 4 5,1
r1bqkb1r/1ppp1ppp/2n2n2/p2Pp3/6P1/5N2/PPP1PP1P/RNBQKB1R w KQkq e6 0 5,1
r1bqkbnr/ppp1ppp1/n2p4/8/2P1P2p/5N1P/PP1P1PP1/RNBQKB1R w KQkq - 2 5,1
rnb1kb1r/1pqpp1pp/p1p2p1n/8/1P3P2/B2P4/P1P1PKPP/RN1Q1BNR w kq - 0 6,1
rn1qkb1r/p1p1pppp/7n/1p1p4/1P6/B6b/P1PPPPPP/RN1QKB1R w KQkq - 0 5,1
r1bqkbnr/pp1pp1pp/n1p2p2/8/P3P3/2P5/1P1PQPPP/RNB1KBNR b KQkq - 1 4,0
r1bqkbnr/p1pppppp/1pn5/8/8/2PP4/PP1QPPPP/RNB1KBNR b KQkq - 1 3,0
rn1qkbnr/pppbp1pp/5p2/8/1P1NP3/8/PBPP1PPP/RN1QKB1R b KQkq - 0 5,1
rnbqkb1r/p1p2pp1/1p2pn2/3pN2p/1P6/P3P2P/2PP1PP1/RNBQKB1R b KQkq - 0 6,0
rnbqkbnr/1p1pppp1/p1p4p/8/1B1P1P2/8/PPP1P1PP/RN1QKBNR b KQkq - 1 4,0
rnb1kb1r/1p1pp1pp/pqp2n1B/5p2/P2P4/2P4N/1P2PPPP/RN1QKB1R b KQkq - 1 6,1
rnbqkbnr/p1p3p1/p2p4/4p2p/4p2P/5Q2/PPPP1PP1/RNB2KNR w kq - 0 7,1
r2qkb1r/pb1ppp1p/5n2/2p3p1/1n6/N1P5/PP1PPPPP/1RB1KBNR w Kkq - 0 7,1
r1bqkb1r/pppppppp/2n2n2/8/6P1/BP6/P1PPPP1P/RN1QKBNR b KQkq - 0 3,1
rnbqk1nr/1p1pppb1/p1p3pp/1N6/3P2QP/4P3/PPP2PP1/R1B1KBNR b KQkq - 1 6,1
rnbqkbnr/pp1p1p1p/6p1/2p1p3/8/2NPBN2/PPPKPPPP/R2Q1B1R b kq - 1 5,1
rn1qkb1r/1pp1pppp/4bn2/p1Pp4/1P6/P7/2QPPPPP/RNB1KBNR b KQkq - 2 5,1
r1bqkbnr/ppp1pppp/2n5/3p4/4PP2/6P1/PPPP3P/RNBQKBNR b KQkq - 0 3,1
rnbqkb2/1ppppprp/6pn/p7/3P4/1P2P1P1/P1P2P1P/RNBQKBNR b KQq - 0 6,1
rnbqkbr1/ppppp1p1/5n1p/5p2/8/4PPPB/PPPP3P/RNBQK1NR w KQq - 0 5,1
