fen,tactical_label
rn1qkb1r/1pp1ppp1/p2p3n/3P1b1p/5N2/5P2/PPP1P1PP/RNBQKB1R b Qkq - 2 7,2
r1bqkb1r/pp1pp2p/n4p1n/2p3p1/1P6/2NP2P1/P1P1PP1P/1RBQKBNR w Kkq - 0 6,3
2kr1b1r/pppqpb1p/2np3p/1B3p2/P2PP3/R4P2/1PPK2PP/1NB3NR b - - 1 12,3
rnbqkbnr/3pp1p1/1p5p/p1p2p2/4NP2/1P4P1/P1PPPK1P/R1BQ1BNR b kq - 0 6,0
r1bqkb1r/pppppp1p/8/P1n2Pp1/3n4/2NBP3/1PPP2PP/1RBQK1NR w Kkq - 3 9,3
r1bqkbnr/p1ppp1p1/8/Qp3p2/1n5p/PP1PB2P/2P1PPP1/RN2KBNR w KQkq - 2 9,3
r1bq1b1r/ppppkpp1/2n1pn2/7p/2P1QP2/N3P3/PP1P2PP/R1B1KBNR b KQ - 1 6,0
1rbqkbnr/1p1pppp1/2p4B/4P2p/pP5P/2N2n2/P1PK1PP1/R2Q1BNR w k - 2 9,1
rn1qkb1r/ppp1pp1p/4b1p1/7n/PP1Pp3/N6P/RBP1PPP1/4KBNR b K - 1 9,3
rnb1kbnr/p2ppp2/7q/1pp3Np/PPP1P3/R7/3P1PPP/1NBQKB1R w Kkq - 1 10,3
rn2kb1r/pppbpppp/3q1n2/3p4/1P2P3/P1P5/2QP1PPP/RNB1KBNR b KQkq - 2 7,3
r1bk1qnr/p5pp/2npp3/1pp2p2/5PP1/NPPP3B/P3P2P/R1BQK1NR b KQ - 0 11,2
r1bqkb1r/p1pp4/Bpn1pp2/3n2pp/P7/1PP1PQ2/3P1PPP/RNB1K1NR w KQkq - 0 9,3
r1b1kbnr/p2ppppp/1p6/qBP4N/4P3/8/P1QP1PPP/RNB1K2R b KQkq - 0 9,3
rnbqk1nr/p3p2p/2p4b/3p4/P2NPpp1/6P1/1PPPBP1P/R1BQ1KNR b kq - 1 9,3
r1bqkbnr/2pp1p1p/ppn1p1p1/8/3P3P/7R/PPP1PPPN/RNBQKB2 b Qkq - 1 6,3
r1b2knr/p2qbp1p/np2p3/2pp2p1/P4PKP/1P2PN2/2PP2P1/RNBQ1B1R w - - 0 10,3
r1bq2n1/1ppppk1r/7b/p5pp/1PP2p2/P2KPPPP/3PQ1B1/RNB3NR b - - 1 13,3
1rbqkbnr/p1ppN1pp/2n5/5p2/1p5P/P7/1PPPPPP1/RNBQKB1R b KQk - 0 6,3
rnbqkbnr/p5p1/4p3/1ppp1p1p/8/2NBP3/PPPPQPPP/R1B1K1NR w KQkq - 0 7,3
r2qkb1r/2p1p1pp/bp3p1n/p2pnP2/8/2P1P1P1/PP1PKN1P/RNBQ1B1R w kq - 3 10,1
rnb1kbn1/1p1pq2r/p3p1p1/1BpN1p1p/PP5P/4PQ2/2PP1PP1/R1B1K1NR w KQq - 0 10,3
r1b1kbnr/ppp1pppp/n2p4/8/1PPP2q1/N6P/P3PPP1/R1BQKBNR b Kkq - 0 7,3
rn1qk2r/pp2nppp/3p1b2/2p1B3/1P1PQ1PP/8/b1P1PP2/RN2KBNR w KQkq - 0 10,3
r1b1kb1r/pp1qpp1p/2p1Q3/8/P1p3n1/N7/1B1PPPPP/R2K1BNR b kq - 0 12,3
r1b1k1nr/1p4p1/1qn2p2/p1ppp2p/PN3P2/R6P/1PPPP1PR/2BQKBN1 b kq - 0 12,3
rnbq2nr/p2pkp1p/1pp1p2b/6N1/P5PP/1PP2P1B/3PP3/RNBQK2R b KQ - 2 11,0
rnb1kbnr/p1p2pp1/3pq2p/1p6/PP1pP3/2N3P1/2PPKP1P/R1BQ1B1R b kq - 0 8,3
rn1qkb1r/p4ppp/4pn2/1ppp4/2P2P2/1P1P3b/P2BP2P/RN1QKBNR w KQkq - 2 9,3
rnb2bnr/pp1pqk1p/2p1p2B/4Pp2/6p1/N2P2PP/PPP1QP2/2R1KBNR w K - 0 11,3
r1bqk1nr/pp1pb1pp/n4p1P/4p3/2p1P3/3P1N1R/1PPN1PP1/1RBQKB2 b kq - 0 10,3
r1bqk1nr/1pnp1p1p/2p1p3/p1b1P1p1/N2N2PP/8/PPPP1P2/R1BQKB1R b KQkq - 4 8,3
r1b1kbnr/p2p1ppp/n1p1p3/qp6/3N2PP/5P2/PPPPP3/RNBQKB1R w KQkq - 1 6,3
2b1kb1r/r1pnp1p1/B2q4/pp1p1p1p/1nP1P3/P2P1P1P/5KPR/RNBQ2N1 w k - 0 12,3
r1bqkbnr/p1p1p1p1/5p2/1pPp1P1p/Pn2P3/3P4/1P4PP/RNBQKBNR w KQkq - 1 8,3
1r1q1bnr/1pp3pp/3k1p2/p1npp3/1P2B2P/N5PN/P1PPPP2/R1BQK2R w Q - 1 13,3
rnbqkb1r/3p1p1p/2p2n1P/pp2p1pR/8/1PN2N2/P1PPPPP1/R1BQKB2 w Qkq - 0 9,3
rn1qkbnr/1pp4p/3p1p2/4pQp1/pP2P3/3PB2b/P1P2PPP/RN1K1BNR w kq - 0 12,3
rnbqkbn1/3ppppr/p6p/P7/1pp1PP2/3B4/1PPPN1PP/RNBQK2R b KQq - 1 8,3
r1bqkbnr/ppp1p3/2np2p1/5p1p/2P5/N2PB2P/PP1QPPP1/R3KBNR b KQkq - 2 6,0
r1bqkbr1/Q1pp3p/2n1p1pB/8/2P2p2/3P1P2/PP2P1PP/RN2KBNR b - - 0 12,3
r1bqkbnr/p1p1p1p1/2np4/1p3Q1p/2P2PP1/1P6/P2PP2P/RNB1KBNR w KQkq - 0 9,3
2bqkbnr/1ppn2p1/r7/P2ppp1p/2P4P/P2P3N/4PPP1/RNBQKB1R w Qk - 1 12,2
r1b1kbnr/ppppq1pp/5p2/4p1P1/P2n4/1P6/2PPPPBP/RNBQK1NR w KQkq - 1 6,3
rn2kbnr/1p1qppp1/p7/1BpP3p/PP5P/4P1P1/R2PNP2/1bB1K2R b Kkq - 3 12,3
r3kb1r/pp1bnppp/2p5/3pp3/Pn3P2/2P4B/1PQP1P1P/RNB1K1NR w KQkq - 2 11,3
rn1qk1nr/ppp2ppp/1b1Pb3/1N6/2P1p3/1P1P4/P4PPP/1RBQKBNR b Kkq - 0 9,3
r1b1kbnr/p2pp1p1/1qp4p/1p6/Pn2p1P1/7N/1BPPKP1P/RN1Q1BR1 w kq - 0 11,3
rn1q1bnr/1p2pkpp/p1p1bp2/3p4/1PN3P1/4PB2/P1PPKP1P/1RB1Q1NR b - - 0 10,3
3r1b1r/1ppq2pp/2npkp1n/pN2p3/1PP4N/3P3P/PB1KPPb1/1R2QB1R b - - 4 13,3
r1bqkbnr/p1nppp2/8/1pp3pp/3P1P2/3QP1PP/PPP5/RNB1KBNR w KQkq - 1 7,3
1nb2br1/rp1pkp1p/1P4pn/p1p1p2q/3P1P2/4KQ1P/P1P1P1P1/RNB2BNR w - - 7 13,3
r1bqk1nr/1ppp3p/2n1pp2/pBb2Pp1/P3P2P/7Q/2PP2PN/RNB1K2R b KQkq - 3 12,3
rnbq1bnr/p2ppk2/5pp1/1ppN3p/4P3/3B1NP1/PPPP1P1P/R1BQK2R w KQ - 0 7,3
1nb1qb1r/rp1k3p/4pppQ/2pp4/p1BP4/NPP1PP2/P5PP/R1B1K1NR w KQ - 0 12,3
rnbqk1nr/3p1ppp/1pp5/p1b1p3/4P3/2P3PP/PP1P1P2/RNBQKBNR b KQkq - 0 6,0
r1bq4/ppp1rpbp/4knp1/3pp1BQ/1P1PPP2/2N4P/n1P1N1PR/1R2KB2 b - - 0 13,3
rnbqkb1r/pppp3p/5n2/4p1p1/2P2p2/NP3PP1/P2PP2P/R1BQKBNR w KQkq - 0 6,0
r4bn1/p1q1pkpr/n2pbp2/1Bp1PP2/6Np/6PP/PPPP4/RNBQK2R w KQ - 0 13,3
rnb1k1nr/2pp1p1p/pp4p1/2P1p1q1/5P2/b5PP/PP1PP3/R1BQKBNR b KQkq - 0 7,3
rn1qkbn1/2p1pppr/8/pP1p3p/1P6/5P2/2PP2PP/RNBbKBNR w Kq - 0 9,3
rnb1kb1r/3p2pp/pp4qn/4pp1P/1Pp1P1P1/2NP1Q1B/P1P2P2/1R2K1NR b K - 2 13,3
1nbqk1r1/rppp1pp1/p4n2/1Bb1p2p/P3P3/R4P2/1PPPK1PP/1NBQ2NR w - - 2 8,3
r1bqkbnr/1pp3p1/p1n4p/1N2pp2/2Pp2P1/4P2B/PP1PKP1P/R1BQ2NR w kq - 0 8,3
rnbqk2r/p2p1npp/3b4/2p1pp2/1p2P3/1PP2PPN/P2PB2P/RNBQK2R w kq - 0 12,3
r1bqkbnr/p1ppppp1/7p/1p3B2/2P5/N2P2PN/RP2PP1P/2BQK2R b Kkq - 4 10,2
rnbqkBn1/1p1p4/3bp1p1/p1p4r/P2P1pp1/8/1PPNPP1P/RQ2KB1R w KQq - 2 12,3
r2qkb1r/ppp4p/3ppppQ/5n2/7P/2PBP3/PP1PNP2/R1B1K1NR b KQkq - 0 10,3
r2qkbnr/pppn1p1p/3p4/4p1p1/P1P2Pb1/1P5P/3PP1P1/RNBQKBNR b KQkq - 0 6,3
1rb2rk1/pppp1ppp/n3p2q/8/P7/1PPP3P/4PPPb/RN1QKB1R w KQ - 1 10,0
r1bq2nr/p2kppb1/2pp4/5Ppp/3n4/P2BP1PP/1PPP4/RNBQ1KNR w - - 0 10,3
rnbqkbnr/3pppp1/8/pp5p/2p2Q1P/2NP4/PPP1PPP1/R1B1KBNR w KQkq - 0 6,3
rn1q2n1/pbppk1p1/3bp2r/1P3p1p/2PP4/3Q1PP1/1P2PN1P/RNB1KBR1 w Q - 1 12,3
rnbqkbnr/1p1p2p1/p3pp2/2p4p/5P2/PP2PN2/2PPB1PP/RNBQK2R b KQkq - 0 7,0
rnb2qnr/1pp2kpp/3bp3/1p1p1p2/2B1P1P1/5N2/PPPP1P1P/1RBQK2R w K - 6 10,3
rnq1kbr1/pp2pn1p/Q2p1pp1/1p4N1/1PP3b1/B7/P2PPPPP/R2K1B1R w q - 6 13,3
rnb1k1r1/pppp1ppp/4p3/2b1n3/5P1q/6PN/PPPPP3/RNBQKB1R b KQq - 0 8,3
rnbqk1nr/p1ppb2p/1p6/1N2ppp1/5P1P/P7/1PPPP1PR/R1BQKBN1 b Qkq - 1 7,3
r1b2knr/pppp1p1p/2n2q2/1Q2p1p1/1b2PP2/P5PP/1PPP3N/RNB1KB1R b KQ - 4 10,3
1nbqk1nr/2pp2p1/p3p3/p1P2p1p/4P2P/N3QP1R/P1PP2P1/R1B1K1N1 w Qk - 0 11,0
rnbqk1nr/ppppb2p/4pp2/5Q2/8/1P2P1P1/P1PP1P1P/RNB1KBNR b KQ - 1 7,0
rnbq1bnr/pp1p1k2/8/4pppp/2NN2P1/1P5P/P1PPPPB1/R1BQ1RK1 b - - 0 11,3
rnbqk1nr/1pp2p1p/1b1pp3/p5p1/2P1P3/1P1PQ3/P3NPPP/RNB1KB1R w KQkq - 0 8,3
rn1qkb1r/1pp1pppp/p2p3n/P4b2/8/5PPN/1PPPP2P/RNBQKB1R w KQkq - 1 6,0
rn1q1bnr/p1pppkpp/8/5P1b/1P5P/N7/P1PPPP2/R1BQKBNR b KQ - 2 8,0
r2qkb1r/p3pppp/np3n2/1P1p3N/2pP4/2P4P/P1bKPPP1/1RBQ1BR1 b kq - 4 11,3
rnb1kbnr/pp1p2p1/4p3/q1p2p1p/1P1P4/N3P3/PBP2PPP/R2QKBNR w KQkq - 0 9,3
r1bqkbnr/pppp2pp/2n1pp2/8/Q1P2P2/3P3N/PP2P1PP/RNB1KB1R b KQkq - 4 6,0
r1bqkbnr/1pppp3/p1n5/5ppp/2B1P3/1P1P1Q2/P1P2PPP/RNB1K1NR w KQkq - 0 6,3
rnb1kbnr/1p2ppp1/p2p4/8/3qPQ2/5Pp1/PP1P3P/1RB1KBNR b Kkq - 0 11,3
rn1qk1nr/2pb3p/p4p1b/3pp1p1/1PP5/1P6/1N1PPPPP/1RBQKBNR b Kkq - 1 11,2
r1bqk1nr/1ppnb1pp/p7/3ppp2/P4P2/7P/RPPPP1PR/1NBQKBN1 w kq - 0 9,2
r3kb1r/1bqpppp1/n6p/pp1n4/P1p4P/2PPPP2/1B1Q2P1/RN2KBNR w KQkq - 2 13,3
1r1qk1nr/nb1p1pb1/4p2p/1Pp3p1/3PP3/1PP4P/2Q2PP1/1NBK1BNR b k - 0 11,3
r2qkb1r/pbpp1pp1/2n2n2/1p2pP1p/8/BPN5/P1PPPKPP/1R1Q1BNR b kq - 2 7,2
r1b1kbnr/1p1pppp1/2p5/2n3qp/P2P1BP1/R1P4P/4PP2/1N1QKBNR b Kq - 2 11,3
r1bq1kn1/pppp3r/2P2ppp/4p2P/Q1P3P1/2N2P2/P2PP3/R1B1KBbR b KQ - 3 10,3
rn2kb1r/pppqp1p1/5p1n/BP3b1p/3pP3/2PP1PP1/P6P/RN1QKBNR b KQkq - 0 10,3
rnb1k1nr/pp1p4/q1p1p2p/6p1/PbP1Pp2/2NP2PP/1P1Q1P2/R1B1KBNR w KQkq - 1 11,0
r1b2bnr/pppk1ppp/n7/3pp3/P1P5/1P2P2P/R2PBKP1/1NBQ2NR b - - 2 9,2
rnbqkb2/pppp1ppr/5n2/7p/N2Pp2P/P7/1PPQPPP1/R1B1KBNR w KQq - 1 8,0
rnb1q2r/2p2ppp/p2kp2n/1pbp4/5P2/NP2P1PP/P1PPK3/R1BQ1BNR w - - 4 10,0
r1bk1bnr/p3p1pp/3p4/5B2/Pn1p4/4P3/1PPN1PPP/R1B1K1NR b KQ - 0 11,3
rnb1kbnr/pp1ppp1q/1P6/2p3pp/5P1N/2P3P1/P2PP2P/RNBQKB1R w KQkq - 0 10,3
r1bqkbnr/2Bp1ppp/p3p3/1p1P4/1n6/2N5/PPP1PPPP/R2QKBNR w KQkq - 0 6,3
rnbq1b1r/1pN1kppp/p3pn2/8/P2p2P1/4P2P/1PPPNP2/R1BQKB1R b KQ - 0 8,3
1nbqk2r/r2p1p1p/p2bNn1B/1ppN4/3P1pP1/8/PPP1P2P/1R1QKBR1 b k - 2 11,3
2b1kb1r/1p2p1pp/r1n5/pp1p1p2/6nP/P2P2K1/RPPQP1P1/2B2BNR w k - 3 13,3
r2qkb1r/pbpnp3/1p3p2/3p1Ppp/6nP/PPP4N/1B1PP3/RN1QKBR1 b Qkq - 1 11,0
2bqk1nr/rppp1pb1/4p2p/8/pn5p/NP1PK1PP/P1P1PP1R/R2Q1BN1 w k - 2 11,3
1nbqkb1r/rpppp2p/p5p1/5p2/P3P1nP/5B2/1PPP1PP1/RNBQK1NR w KQk - 4 7,3
rn1qkbn1/pppbp3/2rp4/5p1p/1P4Pp/P4P2/R1PPP3/1NBQKBNR b q - 3 11,3
rnb1kbnr/pp1p1ppp/B7/2p1p3/P3P3/3P2q1/1PP2P1P/RNBQK1NR w KQkq - 0 6,3
rnb1k1nr/1pp2p1p/3p1b2/p3p1p1/q3BPP1/Q1P4N/1P1PP2P/RNB1K2R w kq - 0 13,3
rnbqkb1r/pp4pp/2Pppn2/5p2/6P1/N6N/P1PPPP1P/R1BQKB1R b KQkq - 0 9,3
1nb1kbnr/1q2p1p1/1pp5/1B1p1p1p/1p1PP1PP/1r6/P1P2PR1/RNBQK1N1 w Qk - 3 12,3
rn2kbnr/ppp1pppp/1q6/1N6/3p4/5P1P/PPPPP2P/R1BQKBNR b KQkq - 0 6,0
r2qkbnr/pbpp2pp/5p2/1p2p3/3n3P/P2P4/1PPNPPPB/R2QKBNR w KQkq - 1 7,0
1nbqk2r/1pppbppp/r6n/p3p3/1PP2P1P/6P1/P2PPN2/RNBQKB1R w KQk - 0 8,3
rnbqkb1r/pp1p1ppp/4pn2/2p1P2Q/5P2/8/PPPP2PP/RNB1KBNR w KQkq - 1 6,3
rnb1k1nr/pppp2pp/8/4pp2/1PP3P1/8/1P1PPP2/RNBQKBNq b Qkq - 0 6,3
1rbnkbnr/pp1pp1p1/5pqp/2p2P2/3PP2P/2P4R/PP2Q1P1/RNB1KBN1 b Qk - 0 11,3
rn1qkb1r/6pp/bppppn2/p1P2B2/8/1Q4P1/PP1PPP1P/RNB1K1NR b KQkq - 0 9,3
r1b1kbnr/2qp2p1/p1n1p3/1pp2p1p/1PP2P2/N3PN2/PB1P2PP/2RQKB1R w Kkq - 2 13,3
rnb1kb1r/pppp1ppp/8/4pQ1n/2P4P/6P1/PP1NPP2/R1B1KBNR b KQkq - 0 6,2
rn4nr/p1p1pk1p/q1Pp3b/3P2p1/6b1/1p3P1P/PP1NP1P1/R1B1KBNR w KQ - 0 13,3
r2qkbnr/3b2p1/n7/QpP1pp1p/1PP1p2P/4BP2/P5P1/RN2KBNR w KQk - 1 13,3
rnbq1b1r/pp1k3p/2ppp2n/1QP2p2/1P1P4/N5Pp/PB2PP1P/R3K1NR w KQ - 0 11,3
r2q3r/p1pbkppp/1pn1p2n/3p2b1/PP4PP/N2P1N2/2P1PP1R/R1BQKB2 w Q - 1 12,2
rnb2bnr/p1q1pk2/1p1p3p/P1p5/2P5/3P4/1P2PPP1/RNBQKBNR w KQ - 0 9,3
rnb1k1nr/ppp3p1/5p1p/P2pp3/2Pq1P1P/N5P1/1PQPP3/R1B1KBNR w KQkq - 0 10,3
2kr1b1r/2p1pppp/1p1q1n2/p1np2N1/2NP1B2/1PP5/P3PPPP/R2QKB1R w KQ - 0 10,3
rnb2bnr/pp1ppkpp/8/6B1/2p1p2P/3P1P2/PPP1K1q1/RN2QBNR w - - 0 9,1
rnbq1bnr/1pppp1kp/8/p4pN1/6P1/N2PB3/PPP1PP1P/R2QKB1R b KQ - 0 6,2
rnb1k1r1/p2pbp1p/1qp1p3/Pp4p1/1P2P3/N7/R1PPP1PP/3QKBNR b q - 0 13,3
r1b1kb1r/ppqppp2/n4np1/3P2Np/2p1PP2/2PQ4/PP1NK1PP/R1B2B1R b kq - 1 10,3
r1b1kb1r/p1p1p3/np1q1pp1/1P1p3p/Q1N3n1/2P5/PR1PPPPP/2B1KBNR b Kkq - 5 10,3
r2qkb1r/ppp1p1pp/3pbn2/5p2/3P1P2/1PP3nN/P1Q1PBPP/RN2KBR1 b Qkq - 8 9,3
r1b1k1nr/p3bpp1/n1ppp3/4N1qp/1p1Q2P1/NPP1P3/P2P1P1P/R1B1KB1R b KQkq - 0 10,3
rn1qkb1r/5ppp/3p1n2/p1pP2B1/pP2pPbP/4K3/2P1P1P1/RN1Q1BNR w kq - 0 13,3
rnbqkb1r/ppp1p1p1/5n2/3p1p1p/2NP1PP1/4P3/PPP4P/R1BQKBNR b KQkq - 1 6,3
r1bqkr2/ppnp1p1p/3pp1pb/4P3/1PPP4/4nP2/P3K1PP/R1BQ1BNR w q - 0 12,3
1r1qkbn1/2pppppr/ppb5/4N2p/1n1P1P1P/PP2P1P1/RBP1Q3/1N2KB1R b K - 4 12,3
rnb1kb2/1ppq3r/2np1p2/pN4pp/P5P1/8/1P1PPP1P/R1B1KBNR b KQq - 0 12,0
rnb1kb1r/1ppq1ppp/p4n2/3ppB2/1P6/4P3/P1PP1PPP/RNBQK1NR b KQkq - 0 6,3
rn3bnr/p1pkpp1p/4b3/3p2p1/2pPPqQ1/P1N4N/1PP2PPP/R1B1K2R b KQ d3 0 10,3
rnb1kbnr/3pp3/4q3/pp3Qpp/P1B2P2/1p2P3/2PP2PP/RNB1K1NR b KQkq - 0 13,3
r1b2qnr/pppkb1p1/n2p4/4pp1p/P6P/2P1PP2/1PBPK1P1/RNB1Q1NR w - - 0 12,0
1nbqkb1r/r1p1p1pp/pp3p1n/3p4/2P1P1Q1/PP3N2/3P1PPP/RNB1KB1R w KQk - 2 9,3
r1bq1bnr/2pk1ppp/pp6/3pp3/2PPnP1P/P5P1/1PQNP3/R1B1KBNR b KQ - 0 9,3
rnbqkbr1/2pppppp/p7/1p4P1/n1PP4/P7/1P2PP1P/RNBQKBNR w KQq - 3 9,3
2bqk1nr/rp1np3/5p1b/p1pp2pp/5P2/1PQPP1PP/P1P1K3/RNB2BNR w k - 0 11,3
rnbqk1r1/p2pb1p1/1p2p3/2pnp2p/P1P4P/R3P1P1/1P1P1P1R/1NBQK1N1 b q - 0 13,3
rn1qkbr1/p3pN1p/bp4pn/3p4/PpP1P3/N4PP1/3PK2P/R1BQ3R b q - 2 13,3
r1bq1b1r/p1pknppp/1p1pp3/8/2PN3P/NP1P4/P2BPPP1/R2QKB1R w KQ - 1 10,0
r1q2b1r/pbp1pkpp/5p1n/1pnp4/1P1PP1PN/P7/1BP2PBP/RN1QK2R b Q - 1 13,3
rnbqkbnr/4pppp/p1p5/1p1p4/5P2/4KN2/PPPPP1PP/RNBQ1B1R w kq - 0 6,0
1r1qkb1r/1bpppppp/2n5/ppn5/3B1P1P/3P2P1/PP2K3/RN1Q1BNR w k - 0 12,3
1nb1kb1r/1r2ppp1/1qp4n/1p1p3p/PQ4P1/N3P2N/RPPP1P1P/2B1KB1R b Kk - 4 13,3
r1b1kbnr/pppqp2p/n2p2p1/Q4p2/8/2PPP3/PP3PPP/RNB1KBNR w KQkq - 0 6,3
1rb1kb1r/p1pqppp1/np5p/3p4/1BPPPPP1/4n1QN/PP5P/RN2KB1R b KQk - 1 12,3
rnbq2nr/1p1ppkbp/p4p2/2p3p1/2PB3N/3P4/PP2PPPP/RN1QKB1R w KQ - 1 8,3
r1bq1b1r/p4ppp/np1kp3/2p5/1P1n4/3PB1P1/P1P2P1P/RNQ1KBNR b KQ - 1 11,3
2b1kbnr/rp1ppp2/nq6/pPp3p1/4P1Pp/3P1P1N/P1PB2BP/RN1QK2R b KQk - 0 10,3
r1b1kbnr/2qpp3/1p5p/p1p1Bp2/2P5/P3P2P/3PKPP1/RN1Q1BNR w k - 0 12,3
r1bqkbn1/pp2ppp1/2np3r/8/P1pP2Pp/2N4B/1PPBPP1P/1R1QK1NR w Kq - 1 8,2
rnbqk1r1/pppp1ppp/4pn2/8/3PP3/2P1bP2/PP4PP/RNBQKB1R w KQq - 3 7,0
rnbqkbnr/pp3p2/2p1p1p1/3p4/3P3p/4P3/PPPKQPPP/RNB1NB1R b kq - 1 7,0
r1b1kbnr/1pp2p2/3p2pp/p1q1p3/3PNP2/3P3N/PP2PKPP/1RBQ1BR1 b kq - 0 11,3
rnbqkbr1/1pp1pp2/p4Bpp/8/6P1/1PpPKP1B/P3P2P/RN1Q2NR w q - 0 13,3
r1b1kbr1/ppppqp1p/B1n4n/P3p1p1/6Q1/1P2PNPP/2PP1P1R/RNBK4 w q - 3 12,3
r1b1k1nr/pp1pb2p/n3p1p1/2p2pP1/4P3/1P4PN/P1PPK2P/RNBQ1B1R w kq - 0 9,2
rnbqk1nr/2pppp1p/6pb/p7/Pp1P1BP1/N6B/1PP1PP1P/R2QK1NR b KQkq - 1 10,3
rnb1kb1r/1p1ppp1p/5n2/p5p1/2pP1PP1/q3K2B/PPPBP2P/RN1Q2NR w kq - 12 12,1
1r1qkbr1/p1pb1pp1/n2p4/1p2N2p/3Pn1PP/PP3P2/2P1P2R/RNBQK3 b Q - 1 13,3
rnbqk2r/1ppp1ppp/p2b4/3np3/N1P2P2/1P5P/PBQPP1P1/2R1KBNR w Kkq - 1 10,3
rn2kbnr/1b1p3p/p5p1/1pp1pP2/P6q/2N2P2/1PPPPNBP/R1BQK2R b KQkq - 0 9,3
rnbq1b1r/3kpp1p/2p2n2/pp1p2p1/3P4/PP1QBPPP/2P1P3/RN2KBNR b KQ - 2 8,2
rnb1kbnr/ppq2ppp/8/2ppp1B1/P6P/R2P1P2/1PP1P1P1/1N1QKBNR w Kkq - 1 8,0
rnbqkbnr/2p1p1p1/1p3p2/pP1N4/6Pp/8/P1PPPP1P/1RBQKBNR w Kkq a6 0 7,3
rnbqkbnr/1p1ppp2/p5pp/2p5/2P2P1P/N3P3/PP1P1KP1/R1BQ1BNR w k - 0 7,0
rnb2k1r/p2p1pp1/1q1b1n2/2p1p3/1pPP4/1N2P1P1/PP3P1P/RQB1KBNR w KQ - 3 11,3
rn1qkb1r/p1p2p1p/1pb2n2/3pp1p1/1P1NP1P1/B6B/P1PPKP1P/RN1Q3R b kq - 2 10,3
rnbqk1r1/2pp1ppp/p6n/1p2p3/1b4P1/4P2P/PPPP1P1R/RNBQKBN1 w Qq - 2 7,0
rnbq3r/pp1p2kp/2p2n2/4ppP1/7p/N1b4P/PPPPPP1R/1RBQKB2 w - - 2 11,3
rnb1kbnr/2qppp1p/pp4p1/2p5/P4P1P/R7/1PPPPKP1/1NBQ1BNR w kq - 0 6,2
r2qkbn1/pbp2n2/1p1ppp1r/6pP/4P3/3P1PKN/PPP4P/RNBQ1B1R w q - 2 13,2
r1bqkb1r/pppn1p1p/6p1/3pp3/2P1P1n1/P4P1N/1P1P2PP/RNBQKB1R b KQkq - 1 10,3
1rbq1kn1/2ppppbr/np4pp/5P2/p1PPP3/PP3NK1/6PP/RNBQ1B1R b - - 0 11,3
rnb1kbnr/1p5p/p1p1p3/3p1p2/3K1p2/N4Q1P/PPP1P1PR/R1B2BN1 b kq - 1 10,2
1r1qk2r/p1ppppbB/1pn2n2/8/1Pb3p1/P1N1P3/3P3P/R1BQK1NR w KQk - 0 12,2
r1bqkbnr/p2pp3/1p4p1/n1p1Pp1p/3P4/7N/PPPK1PPP/RNB1QBR1 w kq f6 0 8,2
rn1qk1nr/pbpp2pp/5p1B/1pb1P3/4P1P1/5P1N/PPP4P/RN1QKB1R b KQkq - 0 7,3
rnb2kr1/ppppnpqp/8/2b1p1p1/P2P3N/R1P3PB/1P1BPP1P/1N1QK2R b K - 10 11,3
rnbqkb1r/p1pp1p1p/7p/1N2p2n/3P4/6P1/PPPKPP1P/R1Q2BNR w kq - 0 8,3
rn2k2r/pppb1ppp/3q4/3pp2P/1b4n1/3P1N2/PPPQ1PP1/R1B1KB1R b KQkq - 1 11,3
r2qkbnQ/pb2pp2/1ppp4/1P6/1nP2P2/4P3/P2P2PP/RNBK1BNR b - - 0 10,3
rnb1kb2/2p1pp2/p2p1n1r/1p4pp/2qP1N1B/P6P/1PP1PPPR/RN1QKB2 w Qq - 1 11,3
r2qk1nr/4p2p/2p2p1b/1pNp2N1/pn4b1/3PP1P1/PPP2P1P/R1BQKB1R w KQkq - 1 13,3
1nbqkbnr/2p3pp/rp3p2/1B1pp3/p5P1/N3PP2/PPPP3P/R1BQK1NR b KQk - 1 9,1
r1bq1r2/pppp1k2/3bp1pp/3n1p2/P7/2P2PPB/RP1P1PKP/1NB1Q1NR w - - 0 13,3
rnbq1b1r/Npp1knpp/3p4/4pp2/5NP1/P2P4/1PP1PP1P/R1BQKB1R b KQ - 0 9,3
r1bq1b1r/pppppn2/5kp1/n4p1p/3P2P1/4PN2/PPP2P1P/1RBQKB1R w K - 0 10,3
1rbqkb1r/p3p2p/1ppp3n/2n2pp1/2N1P1Q1/6PN/PPPP1P1P/1RB1KB1R w Kk - 0 12,3
r2qk1nr/p2Bpp2/3p3b/1Qp3pp/3P1PNP/1n4P1/PPP1P3/RNB1K2R b KQkq - 0 13,1
r2q1b1r/p1ppkppp/b7/1Pn2nN1/5p2/3BP1PQ/1PPP3P/RNB1K2R w KQ - 0 11,3
rnbqkbnr/1p6/5pp1/p1p1p2p/1PPp3P/B3PNP1/P2P1P2/RN1QKB1R b Qkq - 1 11,3
r1b1kbr1/pppp1p1p/2n3p1/8/6nP/PP3PPB/1BPPP3/qN1QK1R1 b q - 2 10,3
rnbqk1nr/pp1pppb1/7p/2p3p1/1P6/2N1PQ1N/P1PP1PPP/R1B1KBR1 b Qkq - 1 6,3
rnb1kbnr/1p1p2pp/pqp2p2/4p3/P1B5/1PNPP3/2PQ1PPP/R1B1K1NR b KQkq - 1 7,3
rnbq1bnr/1p1kp2p/6p1/p2p1p2/PpPP4/B7/4PPPP/RNQ1KBNR b KQ - 1 9,3
rnb1kbnr/p2p1Q1p/1p2q1p1/2p3B1/P1Pp4/8/1P2PPPP/RN2KBNR b KQkq - 0 8,1
rnbq1bnr/p1p1pkpp/3p4/1p1N1p2/P7/RP5N/2PPPPPP/2BQKB1R w K - 0 7,3
rnbqkbnr/2ppp1p1/pp6/5p2/4P2p/P4N2/1PPPQPPP/RNB1KBR1 w Qkq - 0 6,3
2b2bn1/r1p2pp1/np1p1k1r/1q2p2p/1PPP4/N4N2/P3PPPP/2BRKB1R w K - 6 12,3
r1bqkbnr/2p2ppp/2n1p3/pp6/2pPN3/5P2/PP1KP1PP/R1BQ1BNR w kq - 0 7,2
rnbqk2r/1p1p1pp1/p3pn2/2b4p/8/PP1pB1PB/2PKPP1P/RNQ3NR b - - 1 12,3
rnbqkbr1/p1pppppp/7n/1p6/4P1P1/P4P2/1PPPB2P/RNBQK1NR b KQq - 4 6,2
1nbqkb1r/rppppp2/7n/p5BP/P1PP4/8/1P2PP1P/RN1QKBNR b KQk - 0 8,0
rnq1k2r/2pbppbp/pp3np1/7Q/P1p1PP2/1P4P1/R2P3P/1NB1KBNR w Kkq - 2 12,3
rnbq1b1r/1p1p1k2/p1p1pn2/5ppp/PPPP1P2/7N/1R2PKPP/1NBQ1B1R w - - 3 12,0
1rbqkb1r/p1p1pppp/n2p4/1p3P2/6P1/1P2P2P/P1PP4/RNBQKnNR w KQk - 0 9,0
rn4nr/1bRq1kpp/1p2p3/3p1p2/p4PP1/3PP2N/1PP4P/1NBQKB1R w K - 1 11,3
1nb1kbnr/rp1q1pp1/2p1p3/p1p1N2p/P1B1P3/1PN5/3P1PPP/R1BQK2R b KQk - 1 10,3
rnbqkbr1/2pppppp/1p6/p7/6nP/P3P1P1/1PPP1PBR/RNBQK1N1 b Qq - 1 6,3
rn2kbnr/p1p1qbpp/1p1p1p2/4p2P/5P2/P7/1PPNP1P1/R1BQKBNR b kq - 0 10,3
1nbqkb1r/1ppp1Npp/4p3/1p3P2/Qn1P4/4K3/Pr2PP1P/RNB2B1R b k - 3 13,3
r1bqkb1r/ppppn1pp/8/4p1PP/1P1P4/R2Q1p2/1PP1PP2/1NB1KBNR w Kkq - 1 10,3
B1r1kbnr/2pqpp2/p2p2pp/n7/5P2/2PPP1P1/PP2QK1P/RNB3NR b k - 2 11,0
rnbqkbn1/p2pp1pr/1pp2p1p/8/4P3/2P2P1P/PP1PB1P1/RNBQK1NR w KQq - 0 6,0
r1bqkbn1/pp1pr3/n5p1/2p1ppB1/6Pp/N1PP4/PP1QPP1P/3RKBNR w Kq - 0 10,3
rnbqkbnr/1ppp1p2/6pp/p3p3/4P3/3B1NQ1/PPPP1PPP/RNB1K2R b KQkq - 1 7,2
r1bqkbn1/1ppppppr/p7/4n2p/P1P5/1Q2PP2/1P1P2PP/RNB1KBNR b KQq - 0 6,3
r1b1kb1r/1pp2p1p/p1n5/3pp3/2P1nq2/1P1P1N2/P1Q1P1P1/RNBK1B2 w kq - 0 12,3
r1bq2nr/pp1pkp1p/nbp3pB/4p3/P1P5/NP6/4PPPP/R1QK1BNR w - - 1 10,3
1rb1kbnr/3p1pp1/p1n1p2p/qBP5/3PP1PN/2B2P2/P1PN3P/R1Q1K2R b KQk - 0 13,3
rnb1k1nr/p1pp2pp/3bq3/1p1NppN1/3P1B2/5P2/PPP1P1PP/R2QKB1R b KQkq - 1 8,3
rnbq1k2/pppp2br/7n/3Npp2/1P1PP1pp/P1Q2PPN/2P4P/R3KB1R b KQ - 1 13,3
rnbk1bnr/pp2p1p1/B1pp3p/5pq1/PP1PP3/R1P5/5PPP/1NBQK1NR b K - 0 9,3
r3kbn1/N1p1p1pr/2bq1p1p/B1np4/6PN/3PP3/PPP2P1P/R2QKB1R w KQq - 4 11,3
rnbqkbnr/2p1pp1p/pp6/3p2p1/3PP2P/5N2/PPP2PP1/RNBQKB1R b Qkq - 0 6,3
r1bqk1nr/ppppp1bp/n4p2/6p1/8/1PP2NPP/P2PPP2/RNBQKB1R w KQkq - 1 6,0
rnb1kbnr/pp1ppppp/2p2q2/1B6/3P2P1/1PP1P2N/P4P1P/RNBQK2R w KQkq - 1 9,2
1Brqkb1r/pp1bp1pp/7n/n1pp1p2/8/2PP1N2/PP1NPPPP/RQ2KB1R w KQk - 4 9,2
r2qkbnr/p1pp2pp/b1n1pp2/8/1p3P2/N6N/PPPPPKPP/R1BQ1B1R w kq - 0 7,3
r2qkb1r/pbp1p1pp/7n/1p1p1p2/1P2PQ2/3P1N1P/P1P2PP1/RNB1KB1R b KQkq - 0 10,0
1n1qkbnr/1rp1pppp/p2p4/1p6/1P4bP/N3PQ1N/P1PP1PPR/R1B1KB2 b Qk - 3 8,3
1rbq1b1r/ppp2pBp/3pkPp1/3Q4/8/Pn2p3/RPP1PPBP/1N2K1NR b - - 2 13,1
r2qkbnr/2p1pp2/1p4pp/p2P1b2/n2P3P/1Q4KN/PP1NP1PR/R1B2B2 b kq - 1 12,3
r1bqkb1r/p2pp2p/np4p1/2p3p1/P1P4n/1Q1P2PP/1P1KPP1N/RN3B1R w kq - 1 12,3
2bq1k1r/nrp1npbp/p3p3/4p1p1/1P4PP/N3P3/P1PP1P2/R1B2KNR w - - 1 12,2
rnbqkb1r/1ppp2pp/5p1n/p3p3/P3P3/2P5/1PQPKPPP/RNB2BNR w kq - 4 7,0
rn1qkbr1/3p1pp1/bp2p2n/p1P4p/P1P2P2/1QN4N/3PP1PP/R1B1KBR1 b Qq - 7 9,3
2bqkb1r/r1p1ppp1/1pn5/p2p3p/3P3P/N2Q2Pn/PPP1PP2/R1B1KN1R b Kk - 1 11,3
1nbqkb1r/r2ppppp/2p2n2/p5N1/p2P2PP/2N5/1PP1PP2/R1BQKB1R b KQk - 1 7,2
rnbqk1nr/ppp1p3/7b/3p1ppp/P1P1P3/1P5P/3PKPP1/RNBQ1BNR b kq - 1 6,3
rn1qkbnr/p1p1p1p1/3pb3/1p3p2/1PP3Qp/4P3/P1NP1PPP/1RB1KBNR w Kkq - 4 8,3
r2qkbnr/p2p4/bpn1p2p/5pP1/1P1p4/N2BP3/P1PB2PP/RQ2K1NR b KQkq - 1 10,3
1nbqkbnr/r3ppp1/pp6/3p3p/3p3P/N4NP1/PPPBPP2/R1Q1KB1R b KQk - 0 8,2
1rb1kb1r/pp1ppnpp/5p2/1qp5/1nP3P1/PP2P2N/1B1P1P1P/RN1QKR2 b Qk - 1 12,3
1nbqkb1r/rp1pppnp/8/1pp3p1/2P4P/N2BP3/PP1P1PPR/R1B1K1N1 w Qk - 2 9,3
rn2kb1r/4pp2/p1p1b2p/1p1q2p1/1P1P2n1/PQ2P2N/5PPP/RNB1KBR1 w Qkq - 1 11,3
r1bq1knr/pppppp1p/2nb2p1/8/P3P3/5QPP/1PPP1P2/RNB1KBNR w KQ - 3 7,0
1rb1k1nr/p1p3pp/2nb4/1p1ppp2/2Q1NP1q/2N1P3/PPPP2PP/R1B1KBR1 w Qk - 2 10,1
rn1qkbnr/pp2pp1p/3pb1p1/2pP4/P4P2/8/1PPKP1PP/RNBQ1BNR w kq - 1 7,2
rnb1kbnr/3pp1pp/2B5/p3Pp2/1q3N2/6P1/RPPP1P1P/1NBQK2R w Kkq - 1 11,3
r1b1kb2/pp1pp3/nq3n1r/2p2p1p/P1P5/1PNP1P1N/4P1PP/R1BQKB1R w KQq - 1 10,0
rnb1kbnr/1p1pppp1/8/pqp4p/P1P5/1P4P1/3PPP1P/RNBQKBNR b KQk - 1 8,3
rnbqkb1r/ppp1p1p1/3p3p/3n1p2/7N/1QP5/PP1PPPPP/RNB1KB1R w KQkq - 2 8,3
rn2k1nr/1b1qp1bp/1pp5/p2p2p1/P1P2P1P/1PNP4/5PPR/R1BQKBN1 b Qkq - 2 12,3
2bqkbnr/r1p1p2p/p1np2p1/1p6/P2PPp2/2P2P1N/1PQB2PP/RN3BKR b k - 1 10,3
r1b1kbr1/p1qpp1pp/n6n/1pp3p1/2P5/PP3NPB/3PPP1P/RNB2KR1 b q - 3 10,3
r2qk1nr/p1ppbp1p/B1n3p1/4p3/8/2P1PPPP/PP1P4/RNBQK1NR w KQkq - 1 8,0
rn2kbnr/1p1qpp1p/p2p2p1/1b6/3p1B2/4N3/PPP1PPPP/R1Q1KBNR b KQkq - 1 10,3
rnnqkb1r/2p2p1p/1p2p3/pb4p1/4p1P1/1PN2P1B/PBPPN2P/R2QK2R w KQkq - 0 13,3
rnb2k1r/pB3p1p/2p1qn2/3pp3/1P2P2P/P2K1pP1/R1PP4/1NBQ2R1 w - - 0 13,3
rnbqkbnr/p2ppppp/8/1p6/PPp4P/3P4/2P1PPP1/RNBQKBNR w KQkq - 0 6,3
r1bqk1r1/2pp1pp1/p1n1p3/pnb3Pp/1P6/N1PPP2P/3B1PBR/R2QK1N1 b Qq - 1 13,3
rnb2b1r/p1q1pkpp/2pp1n2/1p3p2/NP5P/5NP1/P1PPPP2/R1BQKB1R b KQ - 0 8,0
rnbqkb1r/1p1p3p/p4p1n/2p1p1p1/2NPP3/P1P2Q2/1P3PPP/1RB1KBNR w K - 0 9,3
rnbqkb1r/p1pp1p2/4p2n/Pp4pp/7P/1P1P4/1BPNPPP1/1R1QKBNR b Kkq - 1 8,2
1nb2bnr/1pq1p1pp/2p3k1/p2p1p2/1PB1PP2/B1N5/P1PQ2PP/3RK1NR b K - 1 13,3
4kb1r/rb1ppppp/n2q3n/1p2P3/p4P2/5NPP/PP1PK2R/RNBQ1B2 b k - 0 13,3
r2qkbnr/2p1pppp/ppnp4/5b2/2PPP3/5Q2/PP3PPP/RNB1KBNR w KQkq - 2 6,2
rqQ2bnr/p1p1pkp1/n2p3p/1p6/P2P4/N1P2P1P/bP1BP1P1/1R2KBNR b K - 2 12,3
r2qkb1r/pbppp1p1/n4n2/5p1p/p1P5/1P1P4/3KPPPP/RNBQ1BNR w kq - 1 8,0
r1bqkbnr/pp2p1p1/n1p4p/3p1p2/6P1/P1P2N2/1P1PPPBP/RNBQK2R w KQkq - 0 6,2
r1bqk1r1/p1pnnp1p/3pp2b/1N4p1/PPP2PPP/8/1B1PP3/1R1QKBNR w Kq - 1 12,3
r2qkbnr/p2np1pp/1pp5/3p1p2/2b1PPP1/3P1N1B/PPPN1K1P/R1B1Q2R w kq - 3 12,3
rn1qkb1r/4p3/b1P3pn/pp1p1pP1/7p/1P1QP3/P1P1BP1P/RNB1K1NR b kq - 0 13,3
rnb2kr1/1ppp1ppp/4pn2/p7/P1PP2PP/bQ3P2/1P1BP2q/R3KBNR w KQ - 5 11,3
rn2kb1r/pp1qppp1/2p2n2/P2p1b1p/3P4/1PP2P2/4P1PP/RNBQKBNR w KQkq - 0 7,0
rnb1kbnr/1ppq2p1/p6p/4pp2/1QP1p3/P6N/1P1P1PPP/RNB1KB1R b KQkq - 1 8,3
rnbqk1nr/ppp2p1p/3pp1p1/8/6P1/PP1Pb3/2P1PP1P/RNBQKBNR b KQkq - 0 6,3
1rb1kb1r/pp3ppp/n7/2Pppnq1/PQ3P2/4B3/1PP1PKPP/RN3BNR w k - 5 9,3
r2qkbnr/p1np2pp/4pp2/2p5/PPb1N2P/1R4PB/1P2PP2/R1BQK1N1 w Qkq - 1 13,3
r2qkbnr/p2bp3/n2p4/1ppR1ppp/6PP/1P1PB3/P1PNPP2/R2QKBN1 b Qkq - 1 9,3
r3kbnr/pp2pppp/nqp5/2Pp1P2/1P1PPBb1/P6P/3Q2P1/RN2KBNR b KQ - 0 12,3
rnb1q1nr/p1p1bp1p/2pkp3/1P4p1/8/4P2N/PP1P1PPP/RNB1KB1R w KQ - 0 9,3
1rbqk2r/2p1p1bp/ppnp4/5p2/P1N1pP2/3B3N/RPPP1KPP/2B4R b k - 3 13,3
rnb1k2r/pp1ppp1p/6Pb/2p4P/1q5P/3R4/PPPPP3/RNBQKBN1 b Qkq - 4 11,3
r4bnr/1p1bkpp1/nqp1p3/p2pP2p/1P5P/N4Q2/P1PPBPP1/R1B1K1NR w KQ - 1 10,3
r2qkbn1/4pppr/npppb3/P6p/2P3P1/7N/P1NPPP1P/R1BQKB1R b KQq - 0 9,3
rnb2bnr/ppqp1k1p/5pp1/4p3/2pP1PP1/4P3/PPP3BP/RNBQK1NR w KQ - 4 8,3
1nb1kbnr/1ppqppp1/r2p4/p4P1p/3P4/P7/RPP1P1PP/1NBQKBNR b Kk - 0 6,0
r1bq1bnr/p2kpppp/3p4/2P5/PpP2B2/5PP1/RPQ2P1P/1N2KBR1 b - - 3 11,0
rnbqk1nr/2pppp2/p6p/bp3PpP/8/4P1PN/P1PPQ3/R1B1KBR1 b Qkq - 2 10,0
r5n1/pppnkppr/4b2p/P2pp1q1/1b2PP1P/7N/1BPP2P1/RNQ1KB1R b KQ - 0 11,3
r1bqkb1r/ppp1p1p1/n4p1n/3p3p/3P4/1P5N/P1PBPPPP/RN1QKB1R b Qkq - 1 6,0
r1b1kb1r/pp2qp1p/n2Q1np1/2p1p2P/3p4/3PP3/PPP1BPP1/RNBK2NR b kq - 0 10,3
rnb1kbnr/p3p1pp/8/1pp1Pp2/q1p2P2/6P1/1P1PN2P/RNB1KB1R w KQkq - 0 10,2
r1bq1b1r/pp1pp2p/4k3/2p2np1/P2nP3/6PN/1PPP1P1P/RNB1KB1R b K - 2 10,3
3qkbnr/r1p1pppp/np1p4/p7/3PP2P/1PP2b2/PB2QPPR/RN1K1BN1 b k - 2 12,3
2b1kb1r/rp1pp1pp/p4p1n/q1p1n3/1P3P1P/2PQ2P1/P1KPP3/RNB2BNR w k - 3 10,3
r1b1kbr1/pp1ppppp/8/q1p5/2Nn2n1/4P1N1/PPPP1PPP/R1BQKB1R w KQq - 5 8,3
r1bk1br1/p1pp1pp1/1pn1p3/3NP2p/1P1P2Pq/5P1B/P1P1K2P/R1B1Q1NR b - - 0 13,3
r1bqkb1r/2p1p1pp/n2p4/pp3p1n/P6P/3KP1PB/NPPP1P2/R1BQ2NR b kq - 3 9,3
rnbqkbnr/pp2pp1p/2p3p1/3p4/2PP4/Q7/PP2PPPP/RNB1KBNR b KQkq - 3 6,0
1r1qkb1r/p1pbp1pp/1p5n/2np1p2/2P2PP1/5N2/PPQPPK1P/RNB2B1R b k - 4 9,3
1rb1kbnr/1pp2ppp/B1n1p3/p2p1q2/PP2P3/N5P1/2PPNP1P/R1BQK2R b KQk - 1 8,3
2bqkbn1/2ppp1p1/1rn4r/1p3p1p/Q4N2/PPN3P1/3PPP1P/1RB1KB1R w K - 3 11,3
2bqkb1r/1pp1n1pp/2np4/Q3pp2/r2P1P2/Np3NPB/P1P1P1RP/R1B1K3 b Qk - 3 11,3
rnbqkbnr/2pp1p2/pp2p3/6pp/P1P5/RQ5P/1P1PPPP1/1NB1KBNR w Kkq - 0 6,3
1r1k2nr/pp1bppbp/n5p1/2pP4/q2P3P/3Q1P2/PPP3PR/RNB1KBN1 w Q - 7 12,3
r1b2b1r/p3p2p/np2kppn/3p4/qp1P2P1/2P1KP2/P2NP2P/R1BQ1BNR b - - 0 13,3
r1bq1rk1/pppp1pbp/2n5/1B2p1p1/PP3P1N/7P/1RPP1PP1/1NBQKR2 b - - 0 12,3
r1b1kbnr/pp1pp1p1/2n2p2/2p4p/1qPP3P/P3PP2/1P1N1KP1/R1BQ1BNR b kq - 2 8,3
rqb1kbnr/p2p4/n4p2/2p1p1p1/3Q1BpP/8/PPP1PP2/1NR1KBNR w Kkq - 4 12,3
rn1qkbr1/1pp1p1pp/3p3n/p4p2/P3PPPP/7N/NPPP2bR/1RBQK3 b q - 0 11,3
rn1qkb1r/pp2pppp/2pp1n2/8/2P3b1/NP3NR1/P2PPP1P/R1BQKB2 w Qkq - 0 8,0
rnbqkb1r/ppp1pp2/3p2p1/4n2p/1P1PP2P/P7/2PK1PP1/RNBQ1BNR w kq - 3 7,3
rnbq1bnr/1p2pppp/2pk4/p2pN3/P2P4/2N3P1/1PP1PP1P/R1BQKBR1 b Q - 0 7,2
rnbqk2r/1p1pp1bp/2p2ppn/p7/P6P/2P1PP2/RP1PN1P1/1NBQKB1R b Kkq - 0 7,0
1nb1kbnr/r1p1pppp/1p1q4/pP1p4/7N/2P4P/P2PPPP1/RNBQKB1R w KQk - 1 8,0
1r2kbnr/1pp1p1p1/2nq1p2/3p3p/1pN1PPbN/3PB2P/P1P3P1/R2QKB1R w KQk - 0 12,3
rn2k1nr/1pq1b2p/p2p1pp1/4p2b/1p2P2P/N1P2Q2/P2PKPP1/R1B2BNR w kq - 6 12,3
rn1qkb1r/pbpppp1p/5n2/1p4p1/1P6/2PP1P2/P2NP1PP/R1BQKBNR w KQkq - 3 6,0
rnbqkb1r/1pp1ppp1/3p3p/p2n4/5P2/1P4K1/P1PPP1PP/RNBQ1BNR b kq - 1 9,0
rnbqk3/p2pp1br/1P3n2/5ppp/1PP4P/N4PP1/P3P3/R1BQKBNR w KQq - 1 11,3
rn2kbr1/p1qp1ppp/bp2p2n/2p5/2PP3P/4P1P1/PP1BQP1R/RN2KBN1 w Qq - 3 10,0
r1bqkr2/pppp1p2/6p1/4p2p/P2n1bB1/N1R1P2P/1PPP1PPn/2BQK1N1 w q - 4 12,3
rnbqkb1r/1p1pp2p/p1p2np1/5p2/1P6/P5PP/2PPPP2/RNBQKBNR w KQkq - 0 6,0
rn2kbnr/pppqppp1/3p4/2P4p/P7/6PB/1P1PPP1P/RNBQK1NR w KQkq - 0 6,3
1nbq2nr/rppp1k1p/6p1/p4p2/P2Pp3/R6N/NPPQPPPP/4KB1R w K - 2 12,0
rn1q1bn1/p1pppk1r/b2P1pp1/1p5p/3Q1P2/1P5P/P1P1P1P1/RNBK1BNR b - - 0 10,0
rnbq1bnr/N2k3p/1p1ppp2/2p3P1/5B2/3PK3/PPP1P1PP/1R1Q1BNR b - - 0 10,3
r2q1b1r/pbpknp1p/1p4p1/n2pp3/PP2PN2/1QP5/3P1PPP/RNB1KB1R b KQ - 2 11,3
rn1qk1nr/p1ppb1p1/b3pP2/1p3P1p/8/P3P3/RP1PN2P/1NBQKB1R b Kkq - 3 12,3
rnbqkbnr/ppp5/2Npp2p/5pp1/5P1P/6P1/PPPPP1B1/RNBQK2R b KQkq - 1 7,3
rnbqkbnr/1p2p3/p2B4/2pp2pp/5p2/1PP3P1/P2PPPBP/RN1QK1NR w KQkq - 0 9,3
2r1kbnr/p1p1p2p/3q4/1pnp1pp1/b2PP2P/Q1P5/PP2KPP1/R3BBNR w k - 1 13,3
rnbq1bnr/p2pp1pp/4k3/1pp5/5p2/NPPBP1P1/P2P1P1P/R1BQK1NR w KQ - 2 7,3
2bqk2r/r2pppb1/2n2np1/pPp4p/2P5/R1N1PN1P/1P1P1PP1/1BBQK1R1 w k - 4 12,3
rn1qkbr1/p3pppp/1p2b2n/2pp4/7P/3P1PP1/PPP1P1BR/RNBQK1N1 w Qq - 0 8,0
rn1q1k2/ppp1pp1r/4bn2/3p1P1p/2P3pP/P3K2R/RP2P1P1/1N1Q1BN1 b - - 2 13,3
r1bqkbnr/ppp1p3/2n2ppp/8/2PP4/PP3NPP/3P1P2/RNBQKB1R b Qkq - 0 10,3
r1kq1bnr/2p1p2p/bp1p1p2/n5p1/2P1P2N/N5PP/PPQP1P2/R1B2K1R b - - 5 11,3
rnbqkbnr/1p1p1ppp/3P4/p1p5/4p3/2P1PP2/PP1N1KPP/R1BQ1BNR w kq - 1 9,2
1n1qkb1r/rb1pnppp/2p5/Pp2p3/P2P4/2Q3PP/2P1PP2/RNB1KBNR w KQk - 3 10,3
rnbqkb1r/1pp1p2p/p2p3n/5pp1/5PQ1/4P3/PPPP2PP/RNB1KBRN b Qkq - 3 7,3
r1b1kb2/pppp1p1r/6pn/4p2p/1nP1N3/3P1P1P/PP1QP1q1/R3KBNR b KQq - 0 10,3
1nbq1b1r/rppp1k2/2Q1pp2/p5pp/1P1PPn2/B1P5/P3BPPP/RN2K1NR b - - 5 13,3
1nbk1b1r/rpqp1ppp/pP5n/2p1p3/7P/N2P4/P1PBPPP1/R2QKBNR w KQ - 1 8,3
rnb1qb1r/3pkppp/pp2pn2/2p5/2NB4/1P3PPB/P1PPP2P/1R1Q1KNR b - - 9 10,2
rnb1kbnr/pp3p1p/1q4p1/2ppp3/4PP2/N4Q1N/PPPP2PP/R1B1KBR1 w Qkq - 0 7,3
rnb1k1n1/pp1p1pbr/8/q3pNpP/2p5/PP6/1BPPPP1P/RN1QKB1R b KQq - 1 10,3
r1bqkbr1/1ppn1p2/5n1p/p2pp1p1/1P3P2/B1N2K1P/P1PPP1PR/R2Q1BN1 w - - 0 11,3
rnqk1bnr/ppp1p1p1/3p3p/3b2B1/2PPP3/1P3P2/P5PP/RN1QKB1R w Q - 3 13,3
rn1qkb2/pbp2ppr/1p1ppn2/5Q1p/P2PP3/1P5N/2P1KPPP/RNB2B1R b q - 0 10,3
rnb1qbnr/4p1pp/p4k2/Pppp4/3P4/BPN1PPpP/2P5/R2QKBNR w KQ - 0 13,3
1nb1kb1r/rp1p1p1p/1qp1p2n/6P1/p1P1P1P1/3P1N2/PP3P1R/RNBQKB2 b Qk - 1 9,3
rn1qkbnr/1b1p3p/p1p5/4p1p1/2pP4/P3p3/1PQ1KPPP/RNB1NB1R b kq - 0 11,3
r1b2rk1/p1ppqp1p/8/1pn1p1P1/6nP/2b1P3/P1PP4/R1BQKBNR w K - 1 12,3
1nbqk1nr/1pppbpp1/4p2p/8/1p1PP1P1/r2B4/2P2P1P/RNBQK1NR b KQk - 1 7,3
rnbqkbn1/ppppp3/5r2/5pp1/P2P1P1p/4P1P1/1PP1B2P/RNBQK1NR b KQq - 0 7,3
rnb1kbnr/p2pppp1/2p5/qp5p/P3P3/7P/1PPP1PP1/RNBQKBNR w KQkq - 2 6,3
rnb2r1k/p1pp1ppp/Q3p2n/2b3q1/1p5P/2P1PPP1/PP1P2B1/RNBK2NR w - - 1 11,3
r1b1kbnr/ppppnppp/P5q1/1P2P3/6P1/7N/2PPPK1P/RNBQ1B1R b kq - 2 10,3
rnb1q2r/p1pk1pbp/3p3n/P7/1p1p2p1/1PP2R2/4PPPP/1NBQKBNR w K - 0 12,3
r1bqk1nr/p1pp4/4nppB/Ppb1p3/3PP2P/1P4P1/R1P2P2/1NQ1KBNR b Kkq - 0 12,3
rnbqkbnr/p1p2pp1/3p3B/1p5p/3Pp2P/PPP2NP1/4PP2/RN1QKB1R b KQkq - 0 11,3
rnbqkb1r/1pp2ppn/3p4/p3p2p/P7/1PP1PP2/3P2PP/RNBQKBNR w KQkq - 1 7,0
rnbqkbnr/pp2ppp1/3p4/6Pp/8/PPp2P1N/2PPP2P/RNBQKB1R b KQkq - 0 6,3
rn1qk1nr/1b1N1p1p/5b2/ppp3p1/3P1Q2/2P3P1/PP2PP1P/RNB1KB1R b KQkq - 0 10,3
rn1qkb1r/1p2pppp/7n/p1pp3P/8/5P2/PPPP1PP1/RNBQKBNR w KQkq - 1 7,0
rq2kbnr/p1pppp2/bpn3p1/7p/PP1P4/2P3P1/2QBPP1P/RN2KBNR b KQkq - 0 7,3
r2qkb1r/p1pb1ppp/np2p3/3p4/P1PP1Bn1/1P3P2/4P1PP/RN1QKBNR b KQkq - 1 8,3
r1bqkbnr/ppn1p1p1/2pp4/4NpB1/P1P1P1p1/RP1P4/5P1P/1N1QKB1R w K - 3 13,3
rnb1kb1r/3pq1pp/1ppnp3/p4p2/1P3PP1/3PP2N/P1PNK2P/1RBQ2RB b kq - 3 12,3
r3k1n1/pb1n1p1r/2p4p/1pq1P1p1/2P1P3/NP6/P2K2PP/R1B2BNR w q - 1 13,2
1rbqkb1r/p1p1p1pp/2n2B1n/1p1pp3/4PP2/3P2P1/PPP4P/RN1QKB1R b KQk - 0 10,3
1n1qkbnr/rppbpp2/p5p1/3p3p/Q4PP1/P1P5/1P1PP2P/RNB1KBNR b KQk - 2 8,3
r1b1kb1r/pp1qpppp/n1p2n2/3p4/N2P4/3Q4/PPP1PPPP/1RB1KBNR w Kkq - 4 7,3
rnbqk2r/1p1pp2p/2p2n1b/p4P1P/5P1R/P1N2Bp1/1PPP2P1/R1BQK1N1 b Qk - 1 13,3
r1bqkbn1/ppppp2r/2n2ppp/8/1PB1P3/2P2P2/P2P2PP/RNBQK1NR w KQq - 0 6,0
rnbq3r/p1p1kppp/1p1p4/4p3/2P1NP1n/b2P3N/R1QKP1PP/2B2B1R w - - 6 12,3
1nb1kb1r/rpqpp1pp/p4n2/2p2p2/2P4P/P4P2/1PQPP1P1/RNB1KBNR w KQk - 1 7,0
r1b1kb1r/pp1p2pp/2p2n2/P3pp1P/8/1PN2PK1/1BPPn1P1/R2Q1BR1 w kq - 0 12,1
rn1qkb1r/p1pb4/1p3np1/2P1pp1p/1N1PPP2/1PN3PP/P7/R1BQKB1R b KQ - 2 13,3
rnbqk1n1/pp1p1ppr/2p4p/4p3/7P/b7/PPPPPPP1/RNBQKBNR b Qq - 1 6,3
r2q1bnr/p1p1p3/b1npk2p/1p3pB1/1PPP4/N7/P3PPPP/1R1QKBNR b K - 0 10,3
2bk1bnr/prp1pp1p/n5p1/3p4/3PP1P1/1P2K3/q1P1QP1P/RNB3NR w - - 0 12,3
1nbqkb1r/1pppp1pp/r4p2/1P3n2/p3P3/N6P/P1PP1PP1/R1BQKBNR b KQk - 0 9,3
r1bqk2r/1ppn1ppp/3p1n2/p3p3/3bP1P1/1PN4N/PBPPQP1P/2R1KB1R b Kkq - 1 10,3
rnbqkb1r/1p1pp1pp/p1p2p1n/8/4P3/P1PB2P1/1P1PQP1P/RNB1K1NR w KQk - 0 7,0
r1bqkbn1/ppppp1p1/n4p2/7p/Q1P2P2/4P1rN/PP1P2PP/RNB1KR2 b Q - 3 9,3
r1b1kbr1/2pqpppp/2np4/1p4NQ/1p5P/2P1P2R/P2P1PP1/RNB1KB2 w Qq - 0 10,3
rnb1kbnr/1pp1p2p/p2P1pp1/8/6P1/P2Pq3/1PP1KP1P/RN1Q1BNR w kq - 0 11,1
1nbqkbnr/1ppppppp/4P3/p7/8/2P2P2/P2P2PP/RrBQKBNR w KQk - 0 8,3
1r1qkbnr/p1ppp2p/b1n5/1p3pp1/P5N1/2P5/RP1PPPPP/1NBQKB1R w Kk - 0 8,2
rn2kbnr/pppqpp1p/8/R2p2p1/1P1PP2P/6P1/2bK1P2/1NBQ1BNR b kq - 1 8,3
r1bq1r2/pppppkbp/2n2p1n/8/3P2P1/4PQ2/PPP2N1P/RNB1KB1R w KQ - 1 10,3
r1b1kb2/1Qppqppn/5r2/p3p2p/PPPnN3/5PPB/4P2P/R1B1K1NR b KQq - 0 12,3
rn1qkbnr/p6p/b1ppN1p1/1p6/1PP1P3/5Pp1/P2P2BP/RNBQK2R b KQkq - 0 10,3
r2q1b1r/p1k1pp1p/np2bn2/3p2p1/P1pN4/NP2P1P1/RBPP1P1P/3QKB1R w K - 4 12,3
rn1qkb1r/p2bpppp/1p1p4/P7/6QP/N1pPP1P1/1PP2P1n/R1B1KBNR w KQkq - 0 13,3
r1bqkb1r/1pp1p1p1/2n4p/pP1p1p1n/P5P1/6RN/2PPPP1P/1NBQKB1R b Kkq - 1 9,3
rnb1k2r/p1bp1pp1/1p1Qp3/2p2n2/P1P4p/5PNN/1P1PP1PP/R1B1KB1R b KQ - 5 13,3
r1bqkbnr/1pp1p2p/p1n2p2/3p2p1/4P1P1/2P5/PPQP1P1P/RNBK1BNR w kq - 0 6,3
rnbqkbnr/pppp2pp/5p2/8/4p2P/Q1P2N2/PP1PPPP1/RNB1KB1R w KQkq - 0 6,3
r2q2nr/pbppk1p1/np5p/2b1p3/2NP1p2/PPP4P/4PPP1/1RBQKBNR w K - 2 11,3
rnb2rk1/1ppp2pp/1b3n2/p4p2/2N1p3/2P2N1q/PP1PPPPP/R1BQKBR1 b Q - 5 11,3
rnbqkr2/pppp1ppn/4p3/P6p/R1P5/4PNP1/1b1PKP1P/1NBQ1B1R w q - 0 9,0
rnbqkb1r/2ppp3/1p4p1/p2P1p1p/5Pn1/N1P1B3/PP2P1PP/R2QKBNR w KQkq - 0 8,2
r2qkb1r/p2bppBp/n2p4/1ppB4/5PP1/1P1PP1nP/P1PK4/RN1Q2NR w kq - 1 13,3
r1b1kb1r/1p5p/nq1p3n/pNp1ppp1/1P2P3/P4P1P/2PP2PR/1RBQKBN1 w kq - 1 10,3
rnbqkb1r/7p/pp1pp2n/2p2p2/1P1P1Pp1/P4NPP/2PKP3/RNBQ1B1R w kq - 0 12,3
r3kbn1/p1q1pp1r/1pppb1pp/1n6/PPP2PP1/4P3/3P3P/RNBQKBNR b KQq - 1 12,3
r1bqkb2/pp2ppp1/n3r2n/2pP2Qp/8/2N3P1/PPPP1P1P/R1B1KBNR w KQq - 5 9,1
1rbq1knr/1p1p1pp1/npp1p2p/8/1PP1PP2/7P/P2P2P1/RNB1KBNR b KQ - 0 10,0
r1b1k1nr/p1pp2p1/2n5/1p3p1p/Pbq4P/3PK2N/1PP1PQP1/RNB2B1R b kq - 6 12,3
rnbqkb1r/5p2/1p1ppn2/2p3p1/p1P2P1p/P2P4/1P1KP1PP/RNBQ1BNR b kq - 1 12,2
r1b1kbnr/pp2p1pp/5p2/nqpp4/2PPP3/PQ5N/1P3PPP/RNB1KB1R w KQkq - 4 10,3
rnbbk2r/pppp1ppp/4p2n/8/3P2q1/2P2N2/P1NBPPPP/R2QKB1R w KQkq - 9 8,0
r2qkbnr/p2bpp2/4n2p/1ppp2p1/1P3P2/P2P3N/2P1P1PP/RNBQKBR1 b kq - 3 10,3
rnb1k2r/ppqpppbp/8/2p3p1/2P2Pn1/PP3K1P/3PP1PR/RNBQ1BN1 w kq - 1 9,3
rn3bnr/1bp1pp1p/1k4p1/pB6/8/4P2P/PPPPKPP1/R1B1Q1NR b - - 0 13,3
rnbqkbr1/1p2pp1p/3p2pn/p1p4Q/1P3P2/N3P3/P1PP2PP/R1B1KBNR b q - 1 7,3
rnq1kb1r/p2ppp2/b1p3p1/1p4Pp/2PPnP1P/PP6/R1Q1P3/1NB1KBNR b K - 0 13,3
rn1qkbnr/p1pppppp/8/1p6/P6P/2N2PP1/1PPP4/1RBbKBNR b Kkq - 0 6,3
r1b1k2r/pp1p1q1p/3bpppn/8/P1pP3P/RP1nPN2/1BP1NPP1/3QKB1R w kq - 9 13,1
r1bqkbnr/pp1p1ppp/2pnp3/8/1PP2P2/3P2P1/P3P1BP/RNBQK1NR b KQkq - 0 7,0
rn2kqnr/p6p/b1pp4/1P2ppp1/1b3P2/P1QPP3/3N1NPP/R1B1KB1R b KQkq - 3 13,3
rnbqkbnr/2ppp2p/5pp1/pp6/2P2P1P/6PN/PP1PP3/RNBQKB1R b KQkq - 0 7,2
rnb1kbnr/1p2ppp1/pq6/2p4p/3p3P/2NPP2R/PPP1KPP1/R1BQ1BN1 b kq - 1 7,3
rnbqkb1r/1p1ppp1p/2p2n2/p5p1/2PN4/7P/PP1PPPP1/RNBQKB1R w KQkq - 1 6,0
r1bqkbnr/pp1pp1pp/5p2/2P5/8/2N1P1P1/P1PPnP1P/R1BQKB1R b KQkq - 0 6,3
rnbqkbnr/1p4p1/1pp2p2/3Bp2p/4P3/7P/P1PP1PP1/RNBQK1NR b KQkq - 0 7,3
1nb3nr/1pppk1p1/r7/p3pp1p/3P1P2/1PP1q3/PQ2P1PP/RN2KBNR w KQ - 0 12,2
2bqk2r/1pppppbp/3r1np1/p7/6PP/P1P1P3/3PKnB1/RNB2NQR b k - 1 12,3
r2qk1r1/pbp2p1p/4p2n/n2pb1p1/Pp1P2P1/3K3N/1PPQ1PBP/RNB4R w q - 0 13,3
1nbqkbnr/3ppp2/1rp5/pp1Q3p/6p1/P3P1P1/1PPP1P1P/RNB1KBNR w k - 0 11,3
rn2kbnr/2pqpppp/pp1p4/8/PPP1b3/6PP/3PBP2/RNBQK1NR b KQkq - 0 7,3
r1bqkbn1/p2pp2r/n1p4p/5pp1/P4P2/3BP2N/1PPB2PP/RN1QK2R b KQq - 0 10,2
r1bqkb1r/1pp2ppp/nn6/B2Pp3/P2P4/1P6/3NPPPP/R2QKBNR w KQk - 3 10,3
rnb1kbnr/pppqpp2/3p4/6pP/8/3PBP2/PPP1PK1P/RN1Q1BNR w - - 3 7,3
r1b1kbnr/pppnq1pp/3pp3/5p2/5P2/P1P2N1P/1P1PP1P1/RNBQKB1R b Qkq - 4 7,0
1nbq3r/1pppk1bp/r6n/4Ppp1/8/3P3P/PPPNPBP1/R2QKBNR w KQ - 1 10,2
r1q1kbnr/p1p1ppp1/1p4n1/7p/P1BPpPbP/1P2B2R/2P2KP1/RN1Q2N1 b kq - 1 12,3
r1bqkbnr/pp2pp2/n5p1/2p4p/3p1P1P/PP4P1/R1PPP3/1NBQKBNR b Kkq - 0 7,0
rnbqkb1r/1ppppp2/6p1/p6p/P5nP/N4N2/1PPPPPPR/R1BQKB2 w Qkq - 0 6,3
rnb1kb1r/Bp1p1p1p/5n2/1N2p1p1/2P5/4PNPB/PPP2P1P/R2QK2R b KQkq - 0 11,2
rnbqk2r/1ppp1pp1/3b4/p2np2p/1P2P1PP/2NP3B/PBP2P2/R2QK1NR w KQkq - 3 10,3
r1bq1b1r/1p1pkppp/2p1p1Q1/p1n5/1PnP1P2/2P4N/P3P1PP/RNB1KBR1 w Q - 0 11,3
r1bq2nr/p1ppkpb1/2n5/1B2p1pp/P2P4/R3P3/1PP2PPP/1NBQK1NR w K - 2 8,3
rnb1kbn1/1ppqpppr/8/pB1p3p/1PP3P1/N3P3/P2P1P1P/R1BQK1NR w KQq - 0 7,3
rnq1k1nr/ppp1p1b1/2bp2pp/1P3p2/6N1/B1N3P1/P1PPPP1P/2RQKB1R b Kkq - 6 9,3
rnb1kbnr/pp1q1ppp/8/2ppp3/5PP1/P6N/RPPPPK1P/1NBQ1BR1 b kq - 6 7,3
r2qkbr1/p1p1npp1/np5p/3Npb2/P2P3P/5PPR/R1P1PKB1/2BQ2N1 b q - 0 13,3
rnb1kb2/2pp1ppr/p6n/1N2p1qp/1P3P2/P7/2PPP1PP/R1BQKBNR w KQq - 1 8,3
5k1r/rb1p1ppp/n4q2/pppPp3/Pb3B1P/5P2/RPPNP1PN/3QKB1R b K - 2 13,3
rnb1k1nr/p1ppbp2/1q2p3/7p/3P1p2/1QP2N2/PP2PPPP/RN2KB1R w KQkq - 2 11,3
r1b2b1r/pp3kpp/2qppP2/1Bpn1n2/2P5/N2P2PP/PP3P1N/R1BQ1K1R b - - 1 13,3
rnbqkbnr/4p2p/ppp2p2/3p2p1/8/NPPQ4/P2PPPPP/R1B1KBNR w KQkq - 0 8,3
rnbqkb1r/p1pppp2/5np1/7p/1p1P1B2/1P3P2/P1P1P1PP/RN1QKBNR w KQkq - 1 6,0
rnbq1b1r/5ppp/pppk4/1P1p2Nn/4p3/P1N2P1P/2PPP1P1/1RBQKBR1 w - - 1 11,3
rnbqkb1r/pp2p1pp/3p4/2p2p2/P3n1P1/1PPP4/4PP1P/RNBQKBNR w KQkq - 0 6,3
r1bqk1nr/pppp1p2/2nbp2p/6p1/P7/2P2P2/1PQPP1PP/RNB1KBNR w kq - 5 8,0
1rbqkbnr/1p2pp1p/p1p3p1/3p4/4P2P/4RP2/PPQP2P1/RNB1KBN1 b Qk - 1 9,0
rnbqk1nr/6bp/pppp1p2/4p1p1/4P3/NQ3P2/PPPPBKPP/1RB3NR b kq - 5 11,0
2bqk2r/1ppp1ppp/2n5/prPn1p2/6P1/N2PPN2/PBP4P/R2QKB1R w KQk - 0 11,3
2bqkb1r/pr1pp1p1/np5p/2p1Pp1n/1PP5/N1BP4/PQ3PPP/R3KBNR b KQk - 1 10,0
r1bqkb1r/ppp1p1p1/n2p1n1p/5p2/3P3P/N6R/PPP1PPP1/1RBQKBN1 w kq - 1 6,0
rnb4r/1p1pk1pp/P3p2n/2p2p1q/7P/B1bP4/P1PQPPP1/1R2KBNR w K - 4 11,3
r1bqkbnr/ppp2ppp/2n5/8/3pp2P/3PP1P1/PPPK1P2/RNBQ1BNR w kq - 2 6,3
r1b1kbn1/3pqpp1/8/pp1p4/5Bn1/2P3Q1/PP2PPPr/RN2KBNR w KQq - 0 12,3
rnbqkbnr/pppp3p/8/1B2ppp1/3PP3/P6N/RPPK1PPP/1NBQ3R w kq - 2 8,3
rnbqkb2/p3p1pr/1npp4/1p3pNP/1P2P3/B1P2P2/P2P2BP/RN1QK2R b KQq - 4 10,3
r2qkbn1/p1pnpp1r/7p/6p1/4p3/RBN3PP/bP1PNP2/2BQK2R w Kq - 1 12,3
r1bqkbnr/pp1pp2p/n7/2p2p2/1P6/2PPP2P/P3BP2/RNBQK1NR b KQkq - 0 8,0
1r1qk1nr/1ppbppb1/p5pp/P2pn1P1/1PP2P2/2N2N2/3PP1KP/R1BQ1B1R w k - 4 12,3
1nb1kbnr/1pqppppp/r1p5/p7/2B5/1PN1P2N/P1PP1PPP/R1BQK2R b KQk - 3 6,3
rnq2bnr/1ppkpp2/2N5/3p2pp/p3P1b1/P1P2P1P/1P1P2P1/R1BQKBNR w KQ - 3 10,3
rnbq2nr/ppppk3/5ppb/4p2p/2N3PP/2P4R/PP1PPPB1/1RBQK1N1 b - - 4 8,3
rnbqk1nr/3ppp2/1p3b1p/p1p2Pp1/2P1B1P1/7N/PP1PP2P/RNBQKR2 w Qkq - 2 9,3
rnb1kbn1/ppq1pp1r/7p/4P1p1/2pp1P2/PP3NPP/2PP3R/RNBQKB2 b Qq - 0 9,3
rnbqkbn1/2pp1pp1/p6r/1p2p2p/1P3N1P/2N2P2/P1PPP1P1/R1BQKB1R w KQq - 0 7,3
rnbqkb1r/1p1p1ppp/8/p1p1p3/PPP4P/4P1P1/3Q1P2/RnB1KBNR w KQkq - 0 8,3
rnb1k1nr/p3p1bp/1pp5/2Pp1pp1/3P2P1/BP1K1P1N/P3P1q1/RN1Q1B1R b kq - 5 11,3
rnb2bn1/p1ppqpr1/3k2pp/1p2p3/3PP2P/1PN1K1PB/P1P2P2/R1BQ2NR w - - 3 11,3
rnb1k2r/1pp1nppp/p7/4pqP1/2P1p3/P3PP2/P2PNK1P/RNBQ3R b kq - 2 10,3
rnb2bnr/2q1ppp1/ppp1k2p/3p3P/6P1/P1PP4/RP1KPP2/1NB1QBNR b - - 2 9,0
r1bq1bnr/2p1pk2/1pn5/pP1p2pp/P3p2P/2P1P3/3P1PP1/R1BQKBNR w Q - 0 13,3
rnb3nr/pp1p2p1/3b2k1/4Pp1p/PPB1P3/6P1/R1PP3q/1NBQK2R b K - 0 12,3
r1b1kbr1/ppqpp1pp/n7/NQp2pN1/4n2P/2P4R/PP1PPPP1/R1B1KB2 b - - 1 12,3
rnbqk2r/ppp2pp1/7p/2Ppp3/1b3P2/N3P1P1/PP1P1n1P/R1BQKBNR w KQkq - 1 9,3
1nbqkbnr/1pppp3/B7/r3Ppp1/1p1N4/P7/2PP1PpP/RNBQK1R1 w Qk f6 0 12,3
rnbq1bnr/2p1pk1p/3p2p1/pp3pP1/3P4/3NP3/PPP2P1P/R1BQKBNR w KQ - 1 10,0
1nbq1b1r/2pkpppp/rp5n/p7/1PP5/3BpNP1/P2P1P1P/RNBQK2R w KQ - 0 9,3
r1bq1k1r/pp2n2p/2n2pp1/B1pp4/3b4/2N1P2P/PPPQBPP1/R3K1NR w KQ - 2 13,3
rn2kb1r/pppqpppp/8/3p4/2b5/N3P3/PPPP1P1P/R1BQK1NR w KQkq - 0 8,0
rn1q1b1r/p4kp1/b1ppppnp/1p6/1P5P/N1PN4/P2PPPP1/R1BQKB1R w KQ - 6 12,0
r3k1nr/pp2qpp1/2ppbB2/4p3/3P2Pp/bnP4P/P3PP2/R2QKBNR b Kkq - 1 12,3
r1bqkbr1/1pp2p1p/p1n2np1/1N1pp3/1P2P2P/3P4/P1P1NPP1/R1BQKB1R w KQq - 3 9,3
rn1qkbnr/ppp2ppp/3pp3/8/P3P3/2PP3b/1P2QPPP/RNB1KBNR b KQkq - 2 6,2
rn1qkbnr/2pppp1p/p5p1/6Q1/P1P1b1P1/R4P2/1P1PP2P/1NB1KBNR b Kkq - 2 8,3
rn2kb2/p3pp1r/1p1p1n1p/q1pP2p1/4KP2/P5Pb/1PP1P3/RNBQ1BNR w q - 2 10,1
rnb1kbnr/2qpp1p1/1p3p2/2pP3p/1p3PP1/P7/2P1P1BP/RNBQK1NR b KQkq - 0 8,3
N1bk1bnr/1p2ppp1/r1n5/p1p4p/3Pp3/1P4P1/P1P2K1P/R1BQ1BNR w - - 0 13,3
rnb2b1r/pp1k1ppp/2p5/2q1p3/PP4nP/4P1P1/2PP1P2/RNBQK1NR b KQ - 1 9,3
bn1qkbnr/3ppppp/rp6/pBp3N1/1P3P2/2P5/P2PK1PP/RNBQ3R w k - 2 9,3
rnbqkb1r/1pp1n1pp/8/p2ppp2/2P5/P2PP2P/1P3PP1/RNBQKBNR w KQkq - 0 6,0
r1b1kbnr/ppppqp1p/n7/4p1p1/4N1P1/PP2P3/2PP1P1P/R1BQKBNR b KQkq - 2 6,0
rn1Nkbnr/p1p1p1p1/3p3p/1p3p2/8/1P1PP3/P1P2PPP/RNBQKB1R b Qkq - 1 9,0
r1bqk1nr/pp3p1p/n2p3b/2p5/2P2Pp1/PP5N/R2PP1PP/1N1QKB1R b Kkq - 1 9,3
rn2k1nr/p1pp1p1p/bp4N1/7q/1bP3PP/8/PP1PPP2/R1BQKBNR b KQkq - 0 9,3
rnbqkbnr/p1pppp2/2p5/6pp/2P5/1P2P3/P2P1PPP/RNBQKB1R b KQkq - 0 6,0
1r1qkbr1/pp3ppp/2p1pn1P/P1np1b2/1P6/3RP3/2PP1PP1/1NBQKBNR b K - 3 12,3
r2k1bnr/pqp2pp1/bp5p/3Pp3/2P1nP2/1PN3P1/P6P/R1BK1BNR w - - 0 13,3
r1b1kbr1/1ppp2pp/p6n/1B2n3/4p1P1/P2q1Q2/1PPP1K1P/R1B3NR w q - 2 13,3
r1b2knr/pppq1ppp/n3pb2/3p2P1/3PP2P/5N2/PPP2P2/RNBQKBR1 w Q - 1 8,3
rqb1kb1r/pp3pp1/n1pp1n1p/4p3/2P1P1P1/P1N2P2/1PQPBK1P/R1B3NR w - - 3 11,0
rnbqk1nr/p2p1p1p/Bpp1p1p1/8/6P1/b3P3/PPPP1P1P/1RBQK1NR w Kkq - 0 6,3
N2q1b2/p1p1pk1r/n2p3n/5bpp/3P1B2/P4P1P/1PP1P1PR/1R1QKBN1 w - - 1 12,3
rnbk2nr/p1ppqp1N/3bp1p1/1p6/6P1/2P4P/PP1PPP2/RNBQKB1R w KQ - 0 9,2
r1bqkbnr/p1p3p1/np1p4/4pp1p/4P2P/2PP3N/PP1B1PP1/RN1QKB1R w KQkq - 0 8,3
rnb1kbnr/ppp2pp1/4p2p/3q4/2p4P/5N2/PPPPPPP1/1RBQKBR1 w kq - 1 7,0
rn1qk1nr/p1p1bppp/8/1P1ppb2/7P/4R3/1PPPPPP1/1NBQKBNR b Kkq - 0 6,3
r1q1k1nr/ppp4p/2n1bp1b/PB1pp1p1/3PP3/R1N4P/1PP2P2/2BQK1NR w Kkq - 3 10,3
r1b1kbnr/p1q1p1p1/np3p2/2pP3p/2B4P/PP2K1P1/2PP1P2/RNBQ2NR w k - 2 11,3
r1bq1knr/pp2bp2/2npp2p/2p3p1/P7/1PPP4/1RN1PPPP/2BQKBNR w K - 1 9,0
r1bqkb1r/p1pp1p1p/1pQ1pn2/4P3/1P4Pp/8/P1PP1P1R/RNBK1BN1 b kq - 0 9,3
rnb1k1nr/p2p1pbp/1p2pq2/2p2Pp1/6PP/2N1P3/PPPPQ3/RNB1KB1R b KQkq - 0 8,3
1rbq3r/pp1pkp2/B3pnpb/2p4p/3Q4/1PP1P3/P2P1PPP/RNB1K1NR w - - 1 10,3
1rbqkbnr/p2np2p/1p4p1/3p1pN1/1PpBP3/P2P4/2P2PPP/RN1QKBR1 w Qk - 4 10,3
2rqkbnr/p1p1n1pp/b2ppp2/1p6/3PP1Q1/2PBB1PP/PP3P2/RN2K1NR w KQk - 7 9,3
rn2kbnr/p2b1Npp/1p1pp3/2p5/2P2P2/3QK1P1/PP1PP2P/1Rq2BR1 w kq - 0 13,3
r1bqkbnr/2p1ppp1/2np3p/pp6/P7/RP3P1P/2PPP1PR/1NBQKBN1 b kq - 3 6,3
rn3k1r/p1pq1ppp/1p5n/3pp3/1b2P2P/N2B1P2/P1PP1NP1/R1BQK2R w KQ - 1 12,0
r1b1kbnr/pppqp1p1/5p1p/n2p4/2P3P1/1PQ5/P2PPP1P/RNB1KBNR b KQq - 0 9,3
rq2kbn1/pp2pppr/5Q2/1Npp1b2/P2P2Pp/5N1P/1PPP1P2/R1B1KB1R b KQq - 6 13,3
r1b1kbnr/pp3ppp/4p3/3nPP2/Pp5P/N7/2P1PKPR/R1B2BN1 w - - 0 12,3
2r1kb1r/pb3pp1/n1pp3n/1q2pP1p/3P4/1PP1P2P/P2B2P1/RN1QKBNR b KQk - 1 12,3
r2q1bnr/pp2pkp1/2Qpb2p/1B3p2/6P1/1PN1P2N/P1PP1P1P/R1B1K2R b KQ - 0 11,3
r1bqkbnr/p1ppp2p/5pp1/1pn2P2/P3P3/3P4/1PP3PP/RNBQKBNR w KQkq - 0 6,3
rnb1kbn1/1p1pppp1/pq5r/2P4p/P7/N7/2PPPPPP/R1BQKBNR w KQq - 3 7,2
rnb1k2r/pp1pnppp/2pb4/q3p3/1PP1P3/3B2P1/P2P1P1P/RNBQK1NR b KQkq - 2 7,3
1nb3qr/rppp1p1p/3k2p1/p1bNp1NQ/3PPn2/P5P1/RPPB1P1P/4KB1R w K - 13 13,3
rn1qkb1r/ppp1p2p/4b3/3p1p2/3P2n1/6P1/PPPKPP1P/RNBQ1B1R w kq - 0 7,2
rnbqkb1r/p1pppp1n/1p5p/8/6P1/PPN2p2/1BPPP1BP/R2QK1NR b KQkq - 1 8,3
rnb1kbnr/p1pp2p1/p3pq2/5pNp/6P1/4PP2/PPPP3P/RNBQKR2 b Qkq - 3 7,3
1r1qkb1r/p1pbpppn/3p3p/1p6/3n4/BP1PPQP1/P1PN1P1P/2KR1BNR w k - 10 13,3
rnb1kbnr/ppp2p1p/6p1/1q2p1N1/2P1P3/8/P2PKPPP/RNB2B1R w kq - 1 11,3
rnb1kb1r/ppp2pp1/4p2n/2qp4/3N4/3P4/PPP1PPPP/RN1QKB1R w kq - 0 7,2
r1b1kbnr/p1p3p1/1p2pp2/3pn2p/1P2Pq2/5N1P/PBPP1PP1/RN1QKB1R w KQkq - 2 11,3
1rbqkbn1/pp1pp1pr/n7/2p2p2/P4P1p/1PB5/2PPP1PP/RN1QKBNR b K - 3 9,0
r1bqk1nr/p1ppppb1/n7/1p4B1/3PP3/6P1/PPP1NP1P/RN1QKB1R w KQkq - 3 7,0
rnb1kbnr/pp1p3p/2p5/qP2pp2/P2P1pP1/N1B5/2P1P2P/R2QKBNR b KQkq - 1 9,3
r1Bqk1nr/ppp2pp1/Q7/2bpp2p/3P1P1P/4B1P1/PP2P3/R3K1NR w KQ - 6 12,3
r2qkbr1/p1p1p1p1/2nP1p1n/8/6Pp/1b3P2/PP1PBK1P/R1B1Q1NR w q - 1 13,3
r1b1kbnr/1p1nppp1/p2P4/2p4p/8/2PP1P2/PP2q1PP/RNB1KB1R w KQkq - 0 12,1
rnb1kb1r/1pq2ppp/p1p1pn2/P2p4/4PP2/6P1/1PPP3P/RNBQKBNR b KQkq - 3 9,3
1rb1kbnr/p1p2p1p/np4p1/3pp1q1/2P4P/1P5N/P2PPPP1/RNBQKB1R b KQk - 0 8,3
rq2kbnr/pp3ppp/2n1b3/2Ppp3/6PP/PPP2P1B/2Q1P3/RNB1K1NR b KQkq - 0 10,3
r1b1kb1r/ppp1qp1p/n2p2pn/3P4/2P1Pp2/7N/PP2KPPP/RN1Q1BR1 b kq - 1 10,3
r1b1kbnr/ppp4p/n4pp1/3pp1q1/2PNP3/1P5P/P2PNPP1/R1BQKB1R w KQkq - 1 9,3
r3qb1r/1bpppkpp/P1n5/1p3p1n/6P1/B3P2B/P1PPKP1P/RN1Q2NR w - - 1 10,3
r1b1kbr1/p1p1pp2/Bp3np1/3pP2p/1q5P/2P2Q2/PB1P1PP1/RN2K1NR b KQq - 4 13,3
r1b1kb2/4pp1r/p1p2np1/q6p/3pP3/1P1B4/P1PP1PPP/RNBK2NR w q - 0 11,0
rnb1kbr1/p1pp3p/1p4p1/4pn2/1P2B2q/P1N5/R1PP1PP1/2BQK1NR b Kq - 0 9,3
r1bnkbnr/2pqp1p1/pp5p/3p1p2/PPPP4/3K1P1P/3BP1P1/RN1Q1BNR w kq - 3 12,3
r1b1kbnr/pp2pppp/q2p4/2p5/1nB1P2P/PPP5/3P1PP1/RNBQK1NR w KQkq - 3 7,3
r1b1kb1r/p2pq1pp/npp1p2n/1N3p2/1P6/B5PN/P1PPPP1P/R2QKBR1 b Qkq - 1 8,3
rnb1k1nr/pp1p1p1p/3b2p1/2p1p3/1PP5/P6P/3PPPq1/RNBQKBNR w KQkq - 0 8,3
r1bqkbnr/1pp1pp1p/2Bp2p1/p7/5P2/4P2P/PPPP2P1/RNBQK1NR b KQkq - 0 9,1
rn1q1bn1/1b1pkppr/2p4p/pB2p3/1p1PP1PP/2N2N2/PPPQ1P2/R1B1K1R1 b Q - 0 10,3
r2q1b1r/p1p1k1p1/b2p1n2/np3p1p/P3pPP1/RPP1PN1P/2QP4/1NB1K2R w K - 0 13,3
rnb1kbnr/6p1/p1pp3p/qp2pp2/4P1PP/P7/1PPP1P2/RNBQKBNR w KQkq - 0 9,3
r1bqkbnr/p1p2pp1/1pnp2Q1/4p3/1P2P2P/2P3P1/P2P1P2/RNB1KBNR b KQkq - 1 8,3
r1bqkbnr/pBp1n3/3p4/1P2pppp/1P2P3/N4K2/P2P1PPP/R1BQ2NR b kq - 0 10,3
rnbq2n1/1p1p3r/3kp2p/pQBP1p2/2P4b/NP6/P3PPPP/3RKBNR b K - 0 13,1
rnbk1bnr/p1p1pppp/1p6/3p4/3P3P/N5q1/PPP1PPP1/R1BQKBNR b - - 4 6,3
rnb1k1nr/1p2qppp/2p5/p2p4/Pb2p1PP/1PPBPP2/R2P4/1NBQK1NR b Kkq - 1 9,3
r2qkb1r/pp2np2/n1pp3p/6p1/P1P1pP1P/NP3b2/3PP1PR/R1BQKBN1 w kq - 0 13,3
rnb1kbnr/3p2pp/pp3p2/2p1p3/PqP5/6P1/1P1PPP1P/RNBQKBNR w KQkq - 0 8,2
2bqkb1r/prpppp1p/n6n/1p4p1/1P3P2/4PNPP/P1PP4/RNBQKB1R b KQk - 0 7,3
r1Bqkbnr/p1p1ppp1/1pnp3p/8/1PPP4/N4NP1/P3PP1P/R1BQK2R w KQkq - 1 9,2
rnb1kbnr/ppp1q3/4p1p1/5p1p/4pP1P/N1P1K1P1/PP1P4/R1BQ1BNR b kq - 0 10,3
rnbqkb1r/p1ppppp1/5n1p/1p6/8/N3P1PP/PPPP1P2/R1BQKBNR b KQkq - 0 6,2
r1bqkb1r/3pp1p1/pp5n/4n3/1Qp1pP2/2PP2PN/PP2K2P/RN3B1R b kq - 1 11,2
r1b1kbnr/pp2p1pp/n1pq4/3p1pP1/5P2/P2P4/1PPNP2P/R1BQKBNR w KQkq - 0 7,2
2bqk2r/rppppnbp/5p1n/p1P2Pp1/P7/1Q6/RP1PPKPP/1NB2BNR w k - 5 12,3
rnbqk1nr/p1pp1pp1/1p2p3/7p/4P2P/BP1P4/P1P2PPN/RN1QKB1R b KQkq - 1 7,0
rnbk1bnr/1p1pp3/2p2ppp/pq3P2/P1P1P1PQ/7P/3PK3/RNB2BNR b - - 2 11,3
rnbqkbnr/ppp2p2/3p3p/4p1p1/3P3P/1P1K4/P1P1PPP1/RNBQ1BNR w kq - 0 6,3
rnbqkbn1/3pp1p1/1p3p2/p1pQr3/2B3Pp/2N1P3/PPPPNP1P/R1B1K1R1 b Q - 4 11,3
1rb1kbnr/ppp1ppp1/2n5/3pN2p/5P2/2N3Pq/PPPPP2P/1RBQKB1R w Kk - 0 7,3
rnbqkbnr/p5pp/4pp2/1ppp4/4P1P1/1PN5/P1PPNP1P/R1BQKB1R w KQkq - 0 6,3
rnbqkbnr/2p1p2p/pp3p2/3p2p1/P3P3/3B4/1PPP1PPP/RNBQK1NR w KQkq - 0 6,3
r2q1bnr/pppnpk2/B4p2/6pP/3p4/1bNPP2P/PPP1NP1R/R1BQK3 w Q - 1 13,3
rnbq1b1r/pppp3p/3k1p1n/4NPp1/1P2p3/P1P3PP/3PP3/RNBQKB1R b KQ - 1 10,3
r2qkbr1/1p3ppp/1Q1pb2n/p3p3/2p2P2/PP2P2N/2PP2PP/RNB1KB1R b Qq - 0 11,3
r1b1kbnr/pppp3p/n3p1p1/5pq1/5PP1/N2P3B/PPP1P2P/R1BQ1KNR w kq - 1 8,3
rn1qkb1r/pbppp1pp/1pB5/8/4n3/4PNp1/PPPP1P1P/RNBQKR2 w Qkq - 0 10,3
rnb1k1nr/pp1q1p2/1Qp4p/3pp1P1/P2N4/2P1P3/3P1PP1/bNB1KB1R w Kkq - 2 11,3
rnbqkbn1/pp1pppr1/6p1/2p4p/1P3NP1/P1N5/2PPPP1P/R1BQKBR1 b Qq - 2 7,3
rnbk1bnr/1pppqpp1/p6p/4p1P1/8/P2BP3/1PPP1P1P/RNBQK1NR w KQ - 0 6,3
rnb2bnr/ppp2k1p/3q1pp1/3pp3/3P1BP1/2P4N/PP2PP1P/RN1QKB1R w KQ - 1 8,3
rnbqkb1r/p1pp1p2/4pnpp/1N6/5P2/4P3/PPPPNQPP/R1B1KB1R b KQkq - 1 8,0
rnbqk1nr/bppp1pp1/p7/7p/3p3P/1P3N2/P1P1PPP1/RNBQKB1R w KQkq - 1 7,0
r1bqkb1r/pppppp1p/5n2/6p1/3P3P/1P2B2N/PP1KPPP1/RN1Q1B1R b kq - 0 6,2
1rbqkb1r/ppppppp1/7p/1N5n/1P3P2/8/2PPP1PP/R1BQKBNR b KQk - 1 9,2
r2q1bnr/Q2ppk2/n7/2P2ppp/2b5/P1N2N2/1PP2PPP/1RB1KB1R b K - 0 13,3
r1b1kb1r/1pppqppp/n4n2/4p3/1p6/N2P1P1P/P1P1P1PR/1RBQKBN1 b kq - 0 7,0
rnbqk2r/pppp3p/5p1b/6p1/Q1P1Pp2/1P6/P2BP1PP/RN1K1BNR w - - 1 11,3
r1b2k1r/ppp1npb1/nN4p1/3pp1qp/2P5/PP1P1PP1/R2BP2P/3QKBNR b K - 2 12,3
2bqkb2/2rn1ppr/p1pp4/1p2pn1p/2PP4/1P2PN1P/P1QK1PP1/RNB2BR1 w - - 5 13,3
rnbk1bnr/pppq2p1/4pp2/3pN3/4B3/6P1/PPPPPP1P/RNBQK2R b KQ - 2 7,3
1rb1kb1r/p1qp1p1p/2n3pn/1pp1p3/4P3/N1PP1P1P/PPQ2KPR/R1B2BN1 b k - 2 9,0
rnb1kb1r/pp1ppp2/6pp/P1pn4/3PP2P/RqP2PP1/8/1NBQKBNR b Kq - 0 10,3
rn3bnr/p1qbk1pp/1pppp3/5p2/3P1P2/NQP4N/PP2P1PP/R1B1KB1R w Q - 4 9,3
2b1kbnr/rppq2p1/3pp2p/2nB1p2/p2P1P2/1P4PP/P1P1P2R/RNBQ1KN1 b k - 0 13,3
rn1q1b1r/pppbnk2/7p/2Nppp2/4P1p1/N5P1/PPPP1P1P/R1BQKB1R w KQ - 4 12,3
r1b1kbnr/ppqp1pp1/n7/2p1p2p/3P4/N6P/PPPQPPP1/R1B1KBNR w KQkq - 0 6,3
2bnkb1r/rp1ppp1p/1q5n/p1P5/3PK1pP/2N3P1/P1P1PP2/R1BQ1BNR w k - 3 13,3
r2qkbnr/pppbpp1p/2n5/3p2p1/3P2Q1/2N1P3/PPP2PPP/R1B1KBNR w KQkq - 1 6,3
rnbqk1nr/p2p1pb1/p1p1p1pp/4P3/8/5P2/PPPP1KPP/RNBQ2NR b kq - 1 7,0
rnbqkbnr/1ppp4/p5pp/4pp2/PPP2P2/7N/R2PP1PP/1NBQKB1R b Kkq - 1 6,3
rnb1k1nr/pp1p1ppp/2p5/4p3/P2b1P2/2PPB1P1/2q1P2P/RNQ1KBNR b KQkq - 4 10,3
r3kbnr/1pp3p1/2np3p/pN2pP2/Q1b2Pq1/3P4/PPP3PP/R1B1KBNR w KQkq - 1 13,3
r4bnr/pp2kpp1/n3b2p/2p1p3/2pQ1PPN/1P6/P3P2P/RNB1KB1R b - - 0 13,3
r1b1kb1r/ppp1q1p1/n3pn1p/3P1p2/1P3P2/6P1/P1NPP2P/R1B1KBNR b KQkq - 0 10,3
r3kb1r/pppqpppp/2n1b3/3p2N1/1P4n1/8/PBPPPP1P/RN1QKB1R b KQkq - 5 7,3
r2qkb1r/1bppp3/p4p1n/1p2P1B1/4P1Pp/7P/PPP1NP2/R2QKBNR b KQkq - 0 12,3
r1bqk1nr/1pppbp2/2n5/p3p1pp/P3PPP1/3Q3N/1PPP3P/RNB1KB1R b KQkq - 4 8,3
rnb1k1nr/pp1ppp2/1q4pb/2p5/3P3p/NP6/P1PQPPPP/R1B1KBNR w KQkq - 0 7,3
r2q1bnr/ppp1pkp1/3pbp2/7p/3PP2P/PPP5/5PP1/RNnKQBNR b - - 0 13,2
rnb1kb1r/p1ppq1pp/1p2pp1n/8/2Q1P3/2P3P1/PP1P1P1P/RNB1KBNR w KQkq - 0 6,3
rnbqk1r1/pppp2pp/3b3n/1P2pp2/8/N4N1P/P1PPPPP1/R1BQKBR1 b Qq - 1 6,0
1nb2bnr/1rq1pkp1/1ppp1p2/p6p/P1PP1P1P/4B1R1/1P1QP1P1/RN2KBN1 w Q - 3 12,3
rn1qkbnr/p2ppp2/b5p1/1pp4p/7Q/2P5/PP1PPPPP/RNB1KBNR b KQkq - 1 6,0
rn1qkbnr/p1pbp1p1/1p5B/3p4/3Pp1P1/2N4B/PPP1NP1P/R2QK2R b KQkq - 0 8,3
4kbnr/r1pbp1p1/2nq1p1p/pp1p4/5PP1/P2PPN2/RPPBK2P/1N1Q1B1R w k - 0 12,2
r2q1bnr/1pp2kpp/Q2p1p2/4p3/1P1n4/P1P2PPb/3PP2P/RNB1KBNR b KQ - 0 10,3
rnq1kb1r/3ppp2/p5bn/1pp3pp/1P4P1/2PPBP2/P3P2P/RNQ1KB1R b KQkq - 0 13,3
r1bq1bnr/p1pkpppp/n7/1p1p4/Q7/N1P3PP/PP1PPP2/R1B1KBNR w KQ - 0 6,3
rn1q2nr/2pbk1pp/pp2p3/3P1p2/2B3P1/bP1P1P2/R1P2K1P/1NBQ2NR w - - 1 13,3
r1bq1b1r/pppkp1pp/2n2p2/3P4/Q2n3P/P1N5/1P1P2P1/1RB1KBNR w K - 1 10,3
rnb1k2r/p1ppqppp/1p1bp1Pn/8/8/N4P1P/PPPPP3/R1BQKBNR b KQkq - 0 6,3
r1bqkb1r/1p2ppp1/3p3p/p1p5/1Q4P1/PP1B4/n1PP1P1P/R1B2KNR w kq - 0 12,3
rnb1k1nr/1ppp1pp1/8/p3p1qp/1bP1P1P1/BP3P2/P2P3P/RN1QKBNR b KQkq - 2 8,3
rnb1kbn1/1p1pp2r/p5pp/2p2p2/4PPP1/2PP1K1N/PB5P/RN1Q1BR1 w - - 3 11,0
rnb1kbnr/ppB2ppp/4p3/2pp4/1P4P1/3P1P2/P1PqP2P/RN1QKBNR w KQkq - 1 9,1
rnbqk1nr/1p1pp2p/p6b/2p3p1/4Pp1P/3B1N2/PPPPQPP1/R1BNK2R b KQkq - 3 7,0
r1b2b1r/1pqpp1p1/p4nkp/5pP1/1pP4P/N2PP3/P4P1Q/1RB1KBNR w K - 1 13,3
r2q1b1r/p1k1p2p/P1n3p1/3p1p1n/QPp2P1P/N1P2K2/3PP1P1/R1B2BNR b - b3 0 13,3
rnbq1b2/1ppkp1pr/p7/3p3p/6p1/N2BP1PN/PPPP3P/R1BQK1R1 w Q - 0 12,3
rnb1k1nr/1pp1pp1p/7b/p2p2p1/3P4/PqP2N1P/3BPPPR/RN1QKB2 b Qkq - 3 8,3
rnb3nr/pq2kp2/3bp2p/1ppp2p1/QP6/1NP5/PBNPPPPP/1R2KB1R w K - 6 12,3
rnbqkbr1/p1pp1p1p/6pn/1p2p3/P3N1P1/1P6/2PPPP1P/R1BQKBNR w KQq - 0 6,2
r1bk2n1/p1p1q1p1/1pn1pp1r/2bp1P1p/BP6/2N1P3/P1PPK1PP/R1BQ2NR w - - 1 12,3
rnbq1bnr/ppp2kpp/3pp3/1P3p2/2N5/7N/PBPPPPPP/R2QKBR1 b Q - 1 7,0
r1bqkbnr/ppppp2p/n7/5pp1/3P1P1P/BPP3P1/P3P3/RNQ1KBNR w KQk - 1 9,3
rnb1kb1r/p2ppp1p/q5pn/1Bp1P3/8/2P2P2/PPNP2PP/R1BQK1NR b KQkq - 0 8,3
r1q1kbr1/pppnpp1p/3p2pn/5b2/P1PP1P2/2N1Q3/1P2P1PP/R1B1KBNR b KQq - 5 8,0
r1bqk1nr/ppppppb1/2n4p/6p1/8/1PN4P/P1PPPPP1/R1BQKBNR w KQkq - 2 6,0
rnb1k1nr/pp1pp3/2p4b/4qpp1/P1P1P2p/1Q1P1P2/1P1N2PP/R1B1KBNR b kq - 0 11,3
r1b1kb1r/ppqnpp2/3p1n2/2P3pp/2P1P3/B2P2P1/P2N1P1P/R2QKBNR w KQkq - 1 9,3
r1b2bnr/ppq1p3/2kp3p/n1p2p2/5P1Q/P2PPN2/RPPK2PP/1NB2B1R b - - 6 11,0
1rbqkb1r/pp1pp1pp/P1p4n/5p2/3P1P2/1nN4P/1PP1P1P1/R1BQKBNR b KQk - 0 9,3
rn2kbnr/p1qbppp1/7p/1pp5/1P3PP1/N1P1p2P/P2PNK2/R1BQ1BR1 w kq - 0 11,1
rnbqkb1r/p1ppp1p1/1p1P1p2/7p/8/4QP2/PPP1PnPP/RNB1KBNR w kq - 1 9,3
rnbqkb1r/2pppppp/p4n2/1P6/8/2P4N/RP1PPPPP/1NBQKB1R w Kkq - 3 6,2
r1b1kb1r/pppp1p1p/2n3pn/4p3/6Pq/BP6/P1PPPP1P/RNQ1KBNR b KQkq - 4 6,3
rn2kbn1/p2p1pp1/bp1rNq2/2P1p2p/1P6/P7/2P1P1PP/1RBQKBNR w Kq - 2 12,3
r1bqk2r/1pppppbp/p4n2/6p1/7B/1P3P1P/P1PPP1P1/RN1QKBNR b KQkq - 4 7,2
rnbqkbnr/p2pp1pp/1p3p2/2p5/3P4/2PQ2PP/PP2PP2/RNB1KBNR b KQkq - 0 6,0
rnb1kbnr/2pqpp2/pp4p1/3p3p/6PP/P1NP1N2/1PP1PP2/R1BQKB1R b KQkq - 2 7,0
3qkb1r/1pp2pp1/r1b1pnN1/p2p3p/P3P3/3n1P2/RPPPB1PP/1NBK3R b k - 5 13,3
rnbk1bnr/1ppp1ppp/8/5P2/p1Q1p3/2P4P/PP1Pq2R/RNB1KBN1 w Q - 0 12,1
r2qkb1r/p1p1pppp/1p1pbn2/8/3n1P2/1P4P1/P1PQP1BP/RNB1K1NR w KQkq - 4 9,3
1rb1kbnr/p1pq1ppp/3p3B/1p1Pp3/1n6/P1P3PB/1P1KPP1P/RNQ3NR w - - 1 13,3
r1bqkbnr/p1p2p1p/2npp1P1/1p6/8/N1P4N/PP1PPPP1/R1BQKB1R b KQkq - 0 6,2
r1b1kbnr/1ppqppp1/3pn2p/p7/PPN3P1/4PQ2/2PP1P1P/1RB1KBNR b Kkq - 2 12,3
rnbqk1Br/p1p4p/3p1p2/1p2p3/3bP1p1/PP5P/2PP1PP1/RNBK2NR w kq - 1 10,3
r2q2nr/p1pp1kpp/bp1bp3/2n2p2/7P/P4NP1/RPPPPP1R/1NBQKB2 b - - 6 9,3
rnbqkbn1/2pppp2/p6r/1p4pp/P5P1/6RN/1PPPPP1P/1NBQKB1R w Kq - 2 6,3
rnbk1bnr/pp1pp1pp/2p5/4qQ2/1P2P3/7P/P1PP1PP1/RNB1KBNR w KQ - 1 6,3
rnb1kbnr/1p1p3p/p1p3P1/5p2/3Pp3/1PP4P/2q1P1PR/RNB1KBN1 w Qkq - 0 11,3
r1bqkbnr/nppppp1p/5Q2/p5p1/8/1P2P2P/P1PP1PP1/RNB1KBNR w KQkq - 0 6,3
r2qkbnr/p1p2p1p/1pnp4/2B1p1p1/1PP5/3P1PPb/P1Q1PK1P/RN3BNR b kq - 0 11,3
rnb1k1nr/ppp1qpPp/3pp3/6P1/P7/1P5N/2PPPK1b/RNBQ1B1R w kq - 1 11,3
rnb1kb1r/pp1p1ppp/1qp1pn2/8/3PP1B1/7P/PPP2PP1/RNBQKR2 b Qq - 2 10,3
rnb1k1nr/1pp1bppp/p4q2/3pp3/3PP3/1QP4P/PPK2PP1/RNB1NB1R w kq - 1 10,3
r1bqk1nr/p1pn3p/3p3P/4pp2/Qp6/P1P2P1N/1P1PP1PR/RNB1KB2 b Qkq - 1 9,3
r1q1kbnr/p3p3/nppp1p1p/6p1/BP2PPP1/B6b/P1PP4/RN1QK1NR w KQkq - 1 10,3
2bqkb2/2pppppr/r6n/pp1P3p/1nP3PP/1P3P2/P2NPK2/R1BQ1BNR w - - 0 11,3
rnb1k1r1/1ppq1ppp/6Qn/p2pp3/1bP1P3/6PP/P2P1P2/RNB1KBNR b KQq - 0 11,3
r1bnkbr1/ppp1pp1p/6pq/3P1P1P/1P6/3PP1n1/P4BP1/RN1QKBN1 b Qq - 0 13,3
r1bqkbnr/p1p1pppp/3pN3/1p6/5P2/1P3N2/P1PnP1PP/1RBQKB1R w Kkq - 0 9,3
r1b1kbnr/3pp2p/p1p1N3/qp3pp1/4P1B1/2P3P1/P2P1P1P/nNBQKR2 w kq - 0 12,3
rn1qkbnr/ppp1p1pp/6b1/3p4/3P2pP/1P2B2B/P1PNPP2/R2QK1NR b KQkq - 0 9,3
r1bqk1nr/pppp3p/5p1b/4p1N1/1n3P2/PPP5/1B1PP1PP/RN1QKB1R b KQkq - 1 7,3
1nbqkbnr/rpppp3/p6p/5pp1/P6P/N6R/1PPPPPP1/R1BQKBN1 b Qk - 3 6,0
rnbqk2r/ppp2p1p/4pnp1/3p4/1P3P1P/P2B2PN/2PP1P2/RNBQK2R w KQkq - 1 9,0
r1b1kbr1/1p1p2p1/B1p4p/2n2pPP/4p3/4P3/qBPP1P2/RN1QK1NR b KQq - 0 13,3
B1b2q1r/p1pp1kpp/1bn1pp1n/8/p7/2PPPN1P/1P1Q1PP1/RNB1K2R w KQ - 1 11,3
2rqkb1r/pppbp3/n6n/3p1ppp/3P4/NP3N1P/P1PQPPPR/R1B1KB2 w Qk - 2 11,0
rnbqkbnr/3pp1p1/1p1p1p1p/p7/5P2/8/PPPPPKPP/R1BQ1BNR w kq - 0 6,0
rn1qkbnr/p1pp2p1/b4p2/4p1Bp/p2PPQ2/8/1PP2PPP/RN1K1BNR b kq - 1 8,3
r2q1bn1/p1pkp1p1/1pn1bp2/3p3r/3PN2P/N3B3/PPP1PP2/R2QKB1R w KQ - 0 13,2
r1bqk1nr/p1ppb2p/1p4p1/4pp1B/1nP1P3/N4N1P/PP1P1PP1/R1BQK2R b KQkq - 1 8,3
rnbqkbnr/p2pp1pp/1pp2p2/8/2P5/BP6/P2PPPPP/RN1QKBNR w KQ - 3 6,0
r1bq3r/p1pk1ppp/1pnbpn2/3pP3/6PP/1P1P1N2/P1PQ1P2/RNB1KB1R w KQ - 5 11,3
rnb1kb1r/p1p2pp1/3pp3/1p1nN2p/P2P3P/1PP1B3/4PPP1/RNQ1KB1R b KQq - 4 13,3
rn1qkbr1/pbp1p3/3p1n2/1p1P1ppp/Q6P/P1P2N2/1P2PPP1/RNB1KBR1 w Qq - 0 12,3
rnbqk2r/ppppbppp/4Nn2/8/4P3/8/PPPPQPPP/RNB1KB1R b KQkq - 0 6,3
1rbq2nr/pppp1p2/n2b1kp1/2P1P2p/PP6/NQ6/3PP1PP/R1B1KBNR b KQ - 0 11,1
rnb1k1nr/p1q1p1b1/3p3p/2p2pp1/Pp1N4/3PB1P1/NPP1PPBP/R2QK2R b KQkq - 3 10,2
rnbq1rk1/p1ppnp2/Bp1bp1p1/7p/3PP3/3Q4/PPP2PPP/RNB1K1NR w KQ - 1 8,3
1rbq1br1/p1p1pk1p/Bp1p3n/4P1p1/5P2/N1P2N1P/PP1P1KPR/R1B5 w - - 0 13,3
rn1qkbr1/pp2pppp/3p1n2/2p2b2/PPP1P3/5P2/3P2PP/RNBQKBNR b KQq - 0 6,3
r1bqkb1r/2ppp1pp/8/pP3p2/3n1Pn1/2P4N/1P2P2P/RNBQKB1R w KQkq - 0 9,3
rn1q1rk1/1bpp1npp/3b4/pp2p3/1P1BpN2/3B2P1/P1PPKP1P/RN2QR2 b - - 4 12,3
rn1q1b1r/1ppbpk1p/3p3n/p5p1/P1N1P3/1P5P/2PP1PP1/R1BQK1NR w KQ - 2 10,3
r1bq2nr/1pppp2p/p4pk1/P7/2P1Pb2/3B3N/P2P1PPP/RNB1K2R b KQ - 1 13,3
rnbq1b1r/p2kpppp/1pp2n2/3p4/3P3P/3Q1PPB/PPP1P3/RNB1K1NR b KQ - 3 6,1
r1bq1rk1/1pppppbp/p1n2n2/4B1p1/2PP2P1/7N/PP2PP1P/RN1QKB1R w KQ - 5 10,3
1r1qkb1r/p1p1pppp/2n2n1B/p2p3b/3P4/7N/RPPNPP1P/2Q1KB1R b Kk - 9 11,3
rn2k1nr/p3pp2/b1pp3b/1B3qpp/PP6/2P1PP1P/3P2PR/RNBQK1N1 b Qkq - 0 10,3
rnbqkb1r/1p2p3/p4n2/2pp2pp/1P1PPP2/P1P2N2/1B3P1P/RN1QKB1R b KQkq - 0 9,3
1nbq1bnr/1p1pp1kp/5pp1/p1p3B1/PP3P1P/2NP2P1/2PKr3/R2Q1BNR w - - 0 11,1
r1b1kbnr/1p2ppp1/pq3B2/2Pp1n1p/4NPP1/PP6/2P1P2P/1R1QKBNR b Kkq - 0 11,3
2kr1bnr/p2pqp1p/1pn1p3/2p4Q/8/1PP1PP2/P2Pb1PP/RNB1KBR1 w Q - 3 10,3
rnbq1k1r/ppb2pp1/2Q4p/2p1p3/1nP3PP/8/PP1PPP2/R1B1KBNR w KQ - 2 10,3
rnb1kb1r/1p1qpppp/p1p2n2/3p4/2P1P3/1P1P2P1/P2N1PBP/R1BQK1NR b KQkq - 0 9,3
rn1qkb1r/p1p2pp1/1p1pb3/5n2/2P1p2p/P2PBPP1/1P2P2P/RN2KBNR b KQkq - 1 12,3
r1b1kb1r/pppq1p1p/n3n3/3p2QP/P2B4/1P3P2/2P1P1PR/RN2KBN1 b Qkq - 0 13,3
r1q1kbnr/ppnbpp1p/2p5/3p2p1/6P1/N4P1P/PPPPP1B1/1RBQK1NR b Kkq - 2 8,0
r1bqkbr1/Np2pppp/n7/2pp1n2/p1P3Q1/P3P2P/1P1P1PP1/R1B1KBNR w KQq - 2 9,3
rnq2b1r/p1ppkpp1/b3pn2/1p3P1p/8/PPP4P/1Q1PP1P1/RNB1KBNR w KQ - 3 9,2
r1b1kbnr/3p1p1p/ppn1p1q1/2p5/6p1/1PNP1PP1/P1P1P2P/R1BQKBNR w KQkq - 1 10,0
r1bqkbnr/p1p1ppp1/np6/3p3p/P3P1P1/7N/1PPP1P1P/RNBQKB1R b KQkq - 1 6,3
rn1qkbnr/pb2pp2/3p2pp/1pp5/P5PP/1P1P3B/2P1PP1R/RNBQK1N1 b Qkq - 1 9,2
rnbqkb1r/2pp3p/8/pP2ppp1/8/NQ4P1/PP1PPP1n/R1B1KBNR w KQkq - 0 9,3
rn2kbnr/p1p2p1p/b5pB/1p1pp1Q1/1P1P2P1/P4N2/2P1PP1P/RN2KB1R b KQkq - 2 9,3
r1bqkbnr/pppp1ppp/4p3/8/1P6/B1NnPP2/P1PPK1PP/R3QBNR b kq - 4 7,3
rn1qkbn1/ppp1p1pr/8/3p1bPp/P3Pp2/5P2/RPPP3P/1NBQKBNR b Kq e3 0 7,2
r1bqkb1r/ppppB1p1/n7/4pp1p/3P4/1PP1n2P/P2KPP2/RN1Q1BNR w kq - 4 9,3
r2qkbr1/4pppp/1pnp4/p7/3P1P2/NPP1P2b/P3N1P1/R1BK1B1R b q - 1 13,3
r2qkbnr/p1p1ppp1/1p2b3/3N3p/1n1P4/P4N1P/1PP1PPP1/R1BQKB1R w KQkq - 1 7,3
rnb1k2r/p3ppbp/1ppp1np1/2q3N1/2P4P/1P1P3R/P3PPP1/R1BQKBN1 b Qkq - 1 9,3
r1bqk1nr/pp1npp1p/2pp2pb/7P/P2P4/2PN4/1P2PPP1/RNBQKB1R b KQkq - 2 8,3
r1bqk2r/1ppp1p2/4pn1p/p5p1/P2nPP2/b2B4/1BPP2PP/R2QK1NR w KQkq - 3 10,3
2b1kbnr/r1qnpppp/1p6/p1ppB3/6P1/PP3P1N/2PPPK1P/RN1Q1B1R w k - 2 11,3
1rbqk1nr/ppp2pp1/3bp3/3P3p/5N2/3PP1P1/PPQ2P1P/RNBK1BnR b k - 8 10,3
1rbqk1nr/pp1p2pp/2p5/P3pp2/1PPPP3/Q2nB2P/3NKPPb/R4BNR b k - 1 13,3
rnbqkb1r/p1pnp3/1p3pp1/3p1P2/P2PP2p/RP5P/2P2KPR/1NBQ1BN1 w kq - 0 11,3
rn1qkb1r/1ppbpp1p/p7/3p1np1/8/2N2NPP/PPPPPP2/R1BQKB1R w KQkq - 4 7,3
r1bqk1nr/p1p1ppb1/np1p4/6Np/3P3P/2N1P1P1/PPP2P2/R1BQKB1R b KQkq - 0 7,0
rn1q1bnr/p1ppk3/4p2p/1B3pp1/8/2P1Pb1P/PPNPN1P1/1RBQKR2 b - - 1 10,3
r4bnr/pbp1k1p1/2n2p1p/1pq1Q3/5PPP/2Pp2K1/PP1PP1B1/RNB3NR b - - 0 13,1
rnbqkbn1/p1ppp1pr/1p6/5p1p/P1PP4/1Q5N/RP2PPPP/1NB1KB1R b Kq - 0 6,0
r1bq1bnr/p2kp1pp/n4p2/1p1p4/P1pP2P1/2P2P2/1P1NP1BP/R1BQK1NR w KQ - 2 9,3
r2qkbnr/pbp1p2p/n4p2/1p1p2p1/2P5/NP3PPN/P2PP2P/1RBQKB1R w Kkq - 2 8,3
rnb2kr1/pppp1p1p/1b3n2/P1qNp1p1/RP3NP1/8/2PPPP1P/2BQKB1R w K - 7 10,3
rnb1kbnr/p1p1pppp/8/1p6/8/PPNq1p1P/2PP1PP1/R1B1KBNR b KQkq - 2 6,3
rn2kbnr/p1qpp3/bp6/P6p/2p1Pp1p/R4B2/1PPP1PPR/1NBQ1KN1 w kq - 2 12,3
rnbqkb1r/p1p1p2p/3p1p1n/1p4pP/QPP5/B7/P2PPPP1/RN2KBNR b KQkq - 0 7,3
1nb1kbr1/rpp1p1pp/p6n/1q1p1p2/2N4P/3PBN2/PPP1PPP1/1R1QKBR1 w - - 5 9,3
r1bqkbnr/1ppnppp1/8/p2pN2p/P7/R5P1/1PPPPP1P/1NBQKB1R w Kkq - 0 6,3
rnb1kbr1/1p1N1p1p/4pn2/p1p3p1/P3p3/1P1P2P1/2PN1P1P/R1BQKB1R w KQq - 0 10,3
rnbqkb1r/pp1p2p1/2p2n1p/4pp2/7P/2N3PN/PPPPPP1R/R1BQKB2 w Qkq - 0 8,0
r1bqkbnr/2pnpp1p/pp4p1/1N1p4/8/1P1PP3/P1P2PPP/R1BQKBNR w KQkq - 1 6,2
r1b1kbnr/p1pqp1p1/1p3p1p/8/3P2P1/2N5/PPP1PP1P/R1BQK1NR b KQkq - 0 6,3
r1b1k2r/pppp1p1p/2n1pq1n/6B1/1b1P2P1/7P/PPPNPP2/R2QKBNR w KQkq - 7 9,3
rnbqkbr1/p2p1p1p/4p1pn/1p4N1/P1p5/5P1N/1PPPPKPP/R1BQ1BR1 b q - 1 8,3
1nbqkb1r/1ppppppn/5r1p/p7/P1P5/1PN2PPP/2QPP1B1/R1B1K1NR b KQk - 6 10,0
r3kbnr/p2b1ppp/n1pp1P2/1p2p3/P7/3P2K1/1PP1P2P/RNBQ1BNR w kq - 1 10,3
rn2kb1r/pp3ppp/4b3/1qppp2n/1PBPPPP1/P1P2Q2/6KP/RNB3NR b kq - 0 12,3
rn2kbnr/p3p1pp/b1pp1p2/1p6/3P1P1P/P1P3Pq/1P2P2R/RNBQKBN1 w Qkq - 1 8,2
rnb1kbnr/1pp1pp1p/p1qp4/5Pp1/8/6PP/PPPPPK2/RNBQ1BNR w kq - 1 6,2
rnb1kb1r/p2p3p/1q2pp1n/1pp2PB1/1P4P1/P2PP3/2P4P/RN1QKBNR b KQkq - 0 8,3
rnbqkbn1/2ppp1r1/pp4pP/P4p2/4P3/2N3R1/1PPP1P1P/2BQKBNR b Kq - 0 11,3
1nbqkbn1/rpppp1pr/7p/1p3p2/1P6/2P1P3/PB1PKPPP/RQ3BNR w - - 1 9,0
rnb1kbnr/3p1ppp/ppp1p3/6N1/8/1q1BP1P1/PPPP1PKP/RNBQ3R w kq - 2 9,3
r1bqkbnr/p3p2p/np1p4/2p2pp1/4P1PP/1P1PB2R/P1P2P2/RN1QKBN1 b Qkq - 1 7,3
2bqkbr1/r2n1pp1/1pppp2n/pP4Pp/7P/2PP1P2/P2BP1B1/RN1QK1NR w KQ - 0 12,3
r1bqkbnr/n1ppppp1/pp5p/8/2B3P1/P3PQ2/RPPP1P1P/1NB1K1NR b Kkq - 1 8,2
rnb1kb1r/3q1p2/1p1p1n2/p1Q1p1pp/5BP1/2PP3N/PP2PP1P/1R2KBR1 b kq - 1 12,3
r1bqkbn1/2ppp1pr/pn2P3/7p/P4p2/6PP/2PPQP2/1RB1KBNR w K - 0 13,3
rnb1kbnr/2q1p1pp/pppp4/5p2/P4PPP/R1P2N2/1P1PP3/1NBQKB1R b Kkq - 0 7,0
rn1qkb2/1b2ppp1/1pp2n2/pB1pP2p/P1P5/5P1P/1P1PQ1P1/R1B1K1NR w KQq d6 0 12,3
rnb1k2r/1p2pp1p/p1pp1nNb/6p1/4N3/2PPBq2/PPR1PPPP/3QKBR1 b kq - 1 11,3
r2qkbnr/pp1npp2/6pp/2pp1P2/2PPP1b1/2K3PP/PP6/RNBQ1BNR b kq - 1 9,3
1nb1kbnr/rpqpppp1/7p/p1p5/4P3/PP3N2/2PP1PPP/RNBQKB1R w KQk - 0 7,0
r1bqkbn1/pp1pp1p1/6Pr/P1pn1p1p/2P1P3/5Q1N/1P1P1P1P/RNB1KB1R b KQq - 2 10,3
r2qk2r/p1p1p1bp/1p1pb3/5pP1/R2Pn3/1Pn1BPR1/2P1P1P1/3QKBN1 b kq - 4 13,3
rnbqkbr1/2p2ppp/pp2p3/3p4/P3PPPP/2N5/1PPP3n/R1BQK1NR w KQq - 3 11,3
1rbqkbnr/pp2p3/n6p/2p2p2/PP2ppPP/N7/2PP4/R1BQKBNR w KQk - 0 11,3
rnbq1bnr/p1pk4/Np1pp1pp/5pP1/P7/2P5/1PQPPPBP/1RB1K1NR b K - 5 11,3
r1bq2nr/pppp2pp/n2b1p1k/2P1p3/5PP1/2N1P2P/PPQP3R/R1B1KBN1 b Q - 4 10,3
r1b1kbnr/qp1p4/n1p2p2/p1P1p1pp/Q2P2P1/P3PN2/RP1N1P1P/2B1KB1R b Kkq - 0 12,3
rn1q1rk1/p1pp1p1p/bp2pPp1/5n2/6P1/b1PPPN2/PP1BQ2P/RN2KB1R b KQ - 6 10,3
r1b1kbnr/ppqp1ppp/n1p5/4p1N1/P7/RP6/2PPPPPP/1NBQKB1R w Kkq - 2 6,3
rn1qkbr1/2p1ppp1/pP5n/3p3p/2PP3P/6Pb/RP1QPP2/1NB1KBNR b Kq - 4 9,3
rnbqkb1r/1p1p2pp/p6n/2p1pp2/2P1N1P1/4P2N/PP1PBP1P/R1BQK1R1 b Qkq - 0 9,3
rnbqk1nr/p1ppp2p/6p1/1p3p2/P6P/2PP2R1/2P1PPP1/1NBQKBNR b Kkq - 0 7,2
r1bq2n1/p1ppbk1r/n3p3/1p3Ppp/3P3P/PPP1PP2/2Q1K3/RNB2BNR b - - 3 13,3
rn1qkbnr/p1pppp2/7p/1p4pb/1BP5/P2P1PP1/1P2P2P/RN1QKBNR w KQkq - 0 8,3
1rbq1bnr/pp1pkp1p/n1p4p/4p3/1PP4P/N2P4/P3PPP1/1R1QKBNR w K - 0 9,0
rn1qkb1r/1ppb1pp1/p2pp2p/1NP4n/1P6/8/P1QPPPPP/1RB1KBNR w Kkq - 0 10,3
rnb2b1r/p2kn1pp/2pp4/qB2pp2/2NPP3/2P1Q3/PP3PPP/R1B1K1NR b KQ - 0 10,3
2bqkbnr/r1pnpppp/pp6/3p4/P3P2P/3P1Q2/1PP2PP1/RNB1KBNR w KQk - 2 6,3
rnb1kbnr/1pp2ppp/p7/3pp3/1q1P1P2/P3P3/2P3PP/RNBQKBNR w KQkq - 0 8,1
r1bqk1nr/p1pp1ppp/np2p3/8/1b6/N7/PPPPPPPP/R1BQKBNR w Kkq - 6 6,0
rnb1kb1r/p2ppp1p/2p1B3/1p4p1/4P1n1/3P1N1P/PPP1KPP1/RNB1q2R w kq - 3 12,1
1nbqk1nr/1pppb3/r2pQp1p/p5p1/3P4/P4P2/1PP1P1PP/R1B1KBNR w KQk - 4 10,3
rnbqk1r1/2ppn1pp/1p6/pPbPp3/2B1pPP1/3Q4/P1P1K2P/RNB3NR b q - 2 13,3
r2qkbnr/p3pp1p/bp6/2pp4/P2P2PR/N1PP4/1P1Q1PB1/R1BK2N1 b kq - 1 12,3
rnbqk1nr/pp1p1pp1/2pb4/4P2p/8/1P3NPN/P1P1PP1P/R1BQKB1R b KQkq - 0 7,2
r3kbnr/1b1pp1pp/pq6/1Np2p2/1P1N4/3QK3/P1P1PPPP/1RB2B1R b kq - 0 10,3
rnbqkbnr/1ppp1p2/p6p/2P1p1p1/1P4P1/N4P2/P2PP2P/R1BQKBNR w KQk - 0 8,0
r3kbnr/1ppb1pp1/n2p4/pQ2p2p/2B1P2q/5N2/PPPP1PP1/RNB2K1R w k - 0 10,3
rnbqkb2/2pppp2/p5pn/1p6/1P3P1p/N1P1r2N/P2BP1PP/1RQ1KB1R b Kq - 0 12,3
rnbqkbn1/1p1p1p2/4p1pr/p1p4p/2P2P2/PP3N2/R2PPKPP/1NBQ1B1R w q - 2 9,0
rnb2knr/pp1p1p1p/4p1p1/2p5/4P1PP/2N5/PPPP1K2/1RBQ1BNR w - - 2 12,0
rnb1kbnr/p3p1p1/1pp4p/3pPp2/1P6/P6P/2PNPPP1/1RBQKBNR w Kkq f6 0 8,0
r1bq1bnr/4pk2/1N3p1p/p1pp2p1/P2n2P1/7P/1P1PPPBR/1RBQ1KN1 w - - 1 13,3
r1q2knr/1bpnppb1/8/1P1p2pp/1p3PP1/P2PP2B/7P/RNBQK1NR b KQ - 0 13,3
r1bqkbr1/p2pp1pp/1p5n/2p2p2/P4P1P/RP1P4/2nKP1P1/1NBQ1BNR w q - 0 10,3
r1bqkbnr/ppp2p1p/4p1p1/3pn3/8/Q1P2P1N/PP1PP1PP/RNB1KB1R w KQkq - 0 6,3
1nbqkbn1/rpp1ppp1/p2p4/3P2N1/1P5r/P1N5/2P1PPPP/R2QKB1R w KQ - 1 9,0
rnbqkb1r/p2ppp1p/2p4n/1p4p1/P7/5PPK/1PPPPQ1P/1RBN1BNR b kq - 0 11,0
rnb1kb1r/1p1p1ppp/p3p2n/2p2P2/7P/q1PP3R/PP1KP3/RNBQ1BN1 w kq - 1 9,3
r1b1k1nr/p1pp1qpp/n3pp2/1p6/1P1P2P1/N4P2/PP1QP2P/1RB1KBNR b Kkq - 0 8,2
r1bqkb1r/1pp1pppp/2np4/p7/2P2Pn1/P6N/1P1PP1PP/RNBQKB1R b Qkq - 0 7,0
r1bk1bn1/p1qppppr/npp5/5N1p/1P5P/B1N5/P1PPPPP1/R2QKB1R b KQ - 5 9,0
r1bqk2r/pppp4/2n4p/4p3/PbP3Q1/R4N2/3PPPPP/1NB1KB1R b K - 4 13,3
2bqkb1r/2ppp2p/rpn3p1/2P2p2/pP4P1/3P4/P1NBPP1P/R2QKBNR b KQ - 3 11,3
r1bqk1nr/p1pp1pp1/2n1p3/1p5p/4N3/b2PP3/1PP2PPP/R1BQKBNR w KQkq - 0 6,3
2b3nr/r1ppkpqp/n2bp1p1/p7/p1PP4/4B2P/1P2PPP1/RNQK1BNR w - - 4 13,0
rnb1kbnr/pp1p1p1p/2p1p3/1q4p1/1P5P/N1P3P1/P2PPP2/R1BQKBNR b Kkq - 0 7,3
rnN2b1r/2qk1ppp/p1p4n/4p3/3pPP2/6PP/PPPP3R/R1BQKBN1 w Q - 1 10,3
rnbqkbn1/p2pp3/1p4p1/5p1r/1PpP4/N3P1P1/P1P2P1P/R1B1KBNR b KQq - 0 9,2
rn1q1bnr/pp1k2p1/3pp2p/1bp2P2/2P2P2/NQ1B2P1/PP1P3P/R1B1K1NR w KQ - 3 10,3
rn1qkb1r/1pp1pppp/p3b3/3p3n/1P5P/4PP2/PNPPQ1P1/R1B1KBNR w KQkq - 3 10,0
rnbqk2r/pppp3p/5ppn/2b1p3/P1PP4/5N2/1P2PPPP/RNBQKB1R w KQkq - 0 7,3
1r1qkbnr/pp2pppp/n1p5/3p4/1P2PPb1/B4N2/P1PP2PP/RN1QKB1R w KQk - 6 8,3
r1b1kb1r/p2ppp1p/nq4p1/1Bp5/5P2/2N1P1nP/PPPP2P1/R1BQK1NR b KQkq - 2 9,3
rn1qkb1r/p1pbpp1p/1p1p1n2/6P1/3PN3/8/PPP1P1PP/R1BQKBNR w KQkq - 2 6,3
r1kq1bnr/pb2p3/1p3ppp/2pP4/1B1PQ3/5P1P/PP2P1P1/RN2KBNR b KQ - 1 12,3
2bqkbnr/r1pppp2/p5pp/np3P1Q/8/NP2P2N/P1PP2PP/R1B1KB1R w KQk - 0 9,3
3qkb1r/2p1p1p1/rpnp1p1n/p7/2PN2p1/B2P1P1P/P1P1P2R/RN1QKB2 w Qk - 0 13,3
rnbqkb1r/1pppn2p/6p1/4pp2/P2PP3/1PP1Q2N/5PPP/RNB1KB1R b KQkq - 3 11,3
rnbq2n1/3pk3/p2b1ppr/3Pp2p/1pP1P3/N5PP/P1PBBP2/R2Q1KNR b - - 2 13,3
rnbqkb1r/p1p1npp1/1p2p3/3p2Pp/1P1P4/NQP5/P3PP1P/R1B1KBNR b KQkq - 2 7,0
rnb1kb1r/3p1ppp/5n2/p7/5P2/q1p1P3/RP1B2PP/1N2KBNR w Kq - 0 13,3
rnb1kbnr/6pp/p2p1p2/qpp1p1B1/P3P3/R2P1P2/1PPNN1PP/3Q1BKR b kq - 1 11,3
1n3knr/rb1p1p1p/1p2pq2/p1p3p1/N1P3Pb/P3P2P/1P1PKP1R/R1B1QBN1 b - - 2 13,3
rnbqkb1r/1pp4p/p2pp1p1/5p2/P5n1/1PNP2P1/RBP1PP1P/3QKBNR b Kkq - 3 8,3
2r1k1nr/p1ppqp1p/2b1p1p1/Pp2P1B1/1b6/2NP1N2/RPP1PKPP/3Q1BR1 w k - 5 12,3
rnb1k2r/2ppnpp1/p3pQ1p/1p6/4P1P1/P1PB4/1P1P3P/RNB2K1R w kq - 0 13,3
1rb1kbnr/4ppp1/p6p/1p1P4/1npP4/1PN1B1PP/q3PP2/R1Q1KBNR b Qk - 1 12,3
rnbqk1nr/p1pp1p1p/1p6/1B4p1/1P2p2P/4PPb1/P1PP2P1/RNBQK1NR w KQkq - 1 7,1
rnb1kb1r/3ppp1p/2p2n2/qN4p1/pP1P4/2B2PP1/P1P1P2P/R2QKBNR w Kkq - 1 11,2
rnbqkbnr/1pppp1pp/8/p4p2/P1P2P2/4P3/1P1PN1PP/RNBQKB1R w KQkq - 0 6,0
rn1qkb1r/p2p2pp/b3p2n/1pp2pP1/7P/2BP4/PPP1PP2/RN1QKBNR w KQkq - 2 7,3
rnbk3r/1p1pnppp/2p1p3/6q1/p1PP1P2/b5PP/PPQNP3/1RB1KBNR w K - 4 9,3
r2k1bn1/pb1p1p2/n1p3pr/qp2p2p/1PP3P1/B2PP2N/P2K1P1P/RN1Q1BR1 b - - 2 11,3
rnbq1bnr/1ppppkp1/5p2/7p/p1P5/N2PP3/PP3PPP/R1BQKBNR w KQ - 2 7,3
r1b1kbnr/pp1p1p1p/nNp1p1p1/5P2/6Pq/P6B/1PPPP2P/1RBQ1KNR b - - 3 10,3
rnQqkbr1/p1p1pppp/1p1p1n2/8/P1P5/7N/1P1PPPPP/RNB1KB1R b KQq - 3 6,0
rn1qkbnr/p2p1ppp/b3p3/1p6/3B4/2PQ2PN/PP1KPP1P/RN3B1R w kq - 4 12,3
r1bqkb1r/pppppp1p/2n5/6p1/P2PPP2/1P1B4/2P2KPn/RNBQ2NR w kq - 0 8,3
rnbk2nr/pp1p2p1/2p2p1p/q1b1p3/3PP3/N2K1N1P/PPP2PP1/R1BQ1BR1 b - - 2 8,3
rnbqkb2/4pppr/5n1p/p1pp4/1p1PP1P1/P1P2P1P/1P2N1B1/RNBQK2R b KQq - 1 9,3
rnb2knr/p1pp1pp1/4q3/3Pp2p/QpB1P3/P1P5/P1KB1PPP/RN4NR w - - 4 11,3
r1b2k1r/2pp1p2/n2b1q1n/1p4pP/P3p3/R1P4N/2QPPP1P/1NB1KBR1 b - - 0 13,3
r1bqkbnr/pp1nppp1/2p4p/4N3/P2p4/2P4P/1P1PPPP1/RNBQKB1R w KQkq - 1 6,3
rnb1kbnr/1p1pp2p/p1p2pp1/qP5P/3P4/8/P1PQPPP1/RNB1KBNR b KQkq - 0 8,3
1nbqkb1r/2pppppp/r7/pp4Nn/1P1P4/N3P3/PBP1BPPP/R2QK2R w KQk - 8 9,3
rnbqkbr1/p2p1p1p/2p1p1p1/1p4Bn/P2PQ2P/2N2NP1/1PP1PP2/R3KB1R b KQq - 3 11,3
rnq1kbnr/4pppp/3p4/p1p2P2/b1P4P/1p1P2PN/PP2P1B1/RNBQK1R1 b Qkq - 2 13,3
rnb3nr/p2pk1p1/Qpp1p2p/2b2p2/2PP3P/4B3/PP2PPP1/RN2KBNR w KQ - 0 10,3
2bqkb2/p2ppp1r/nr5p/1pp2PpP/P3P3/2NP2P1/1PPB2Bn/R2QK1NR b KQ - 1 13,2
rnbqkbnr/p2pppp1/2p5/1N5p/1P6/8/P1PPPPPP/B1RQKBNR b Kkq - 0 6,0
r1bk2n1/p2p1p1r/B1nb2pp/1p1Qp2P/2pP2Pq/4P2N/PPP2P2/RNB1KR2 w Q - 2 12,3
rnbk1bnr/pq1ppp1p/8/1pP3p1/4N1P1/8/PPP1PP1P/R1BQKBNR b KQ - 4 7,2
rnbqkb1r/p2pn3/2pp4/6pp/P2P4/2p2P2/1PP1P1PP/R1BQKBR1 b Qkq - 0 9,2
1nb1kbnr/1p1p4/5pp1/r1P1p2p/p2N2P1/q1PBP3/P2P1P1P/RN1QK2R w KQk - 0 12,3
rn1q1b1r/ppk1pppp/2ppb3/6P1/5Pn1/PPN4P/2PPP2R/R1BQKBN1 b Q - 2 8,3
rn1qkbnr/2p1pp2/1p6/p4b1p/P3pp2/1PN4B/2PP2KP/RNBQ3R w kq - 0 12,3
2bqkb1r/1ppp1p1p/r4n2/p7/P1P3p1/3QP1P1/1P3P1P/RNB1K1NR w k - 1 13,3
rnbk1bnr/1p1q4/B1p1ppp1/7p/pP6/P1PpPP1N/3P1RPP/RNBQ3K w - - 0 13,3
1rbqkbnr/ppp1pppp/2np4/8/Q7/2P2P1N/PP1PP1PP/RNB1KB1R b KQk - 1 6,0
rnbqk1nr/p3pp1p/1ppp2pb/8/1P4P1/2N2P1P/P1PPPK1R/R1BQ1BN1 w kq - 5 8,0
rn1qk1nr/p1pppp1p/b6b/1p4p1/1P1P1P2/P6P/2PBP1PN/RN1QKB1R b KQkq - 1 8,0
1nbqkbn1/r1pppppr/pp6/2P4p/P2P4/6PP/1P2PP2/RNBQKBNR b KQ - 0 6,0
rnbq3r/p1ppk3/3b1p1n/4p1p1/4P3/2P2P1p/PB1PB1PP/R2Q1KNR w - - 1 13,0
r3kbnr/1pp1pp1p/2q5/P2p2p1/4P3/B1PP3b/P2N1PPP/RN2KB1R w KQkq - 1 11,3
rnb1kbnr/pp1p1pp1/2p5/4p2p/5P1q/2PKP2P/PP1P2P1/RNBQ1BNR b kq - 0 6,3
rnb1kbr1/pp1ppp1p/6pn/2p5/q1P1P3/1P1Q1N2/P2P1PPP/RNB1KB1R w KQq - 0 7,3
rnbq1rk1/1p1p1p1p/pb3np1/2p1p3/PP5P/2NPQP1R/2P1P1P1/R1B1KBN1 w Q - 6 12,3
r1bqk1nr/ppppppbp/8/4n1p1/5P2/1QP5/PP1PPKPP/RNB2BNR w kq - 8 7,3
rnq1kbnr/p1ppp2p/b7/1p3pp1/P5P1/4P2P/1PPP1P2/RNBQKBNR w Qkq - 1 7,3
rnbqkb1r/4pp1p/2p2np1/pB1p4/P3PP2/5N1P/1PPP2P1/RNBQK2R w KQkq - 2 7,3
r1bqkbnr/pppppppp/8/8/P7/RPN2P1P/2nPPKP1/2BQ1BNR w k - 0 8,3
r1bq1bn1/ppp1p1pr/n3kp2/1B5p/4p3/P2P1QP1/1PP2P1P/RNBK2NR w - - 3 9,3
1rb1kbnr/1ppp1p2/n3p1pp/p4q2/2P2P2/P1QP4/1P1KP1PP/RNB2BNR w k - 1 9,3
r1b1qbnr/1p1pk2p/2n1p2p/p4p1P/2pP4/P6R/1PPNPPP1/RQ2KBN1 b Q - 0 12,3
rnbq1knr/p1p5/3p2p1/PpPNpp1p/5bP1/1P1PP3/1R3P1P/2BQKBNR b K - 0 12,3
rn1qkb1r/pb1p1p2/1p2p2p/6p1/2p1PPQ1/PPP3PN/3P3P/RNB1KB1R b KQkq - 2 10,3
rnb1k1nr/p2pp1b1/2p2p1p/1q4N1/1P3P2/1P6/PN1PP1PP/1RB1KB1R w Kq - 1 13,3
rn1q1bnr/1p2kppp/3p4/1bp1p3/pP1P4/4P2R/P1PQ1PP1/RNB1KBN1 b Q - 5 13,3
1nbqkb1r/4pp2/rp1p2pp/p7/P2p4/1P1Kn1P1/2PB1P1P/RNQ1NB1R b k - 1 13,3
2bqkbnr/2p1p3/rp3ppp/3p3Q/pn2PP2/PPN3PN/1BPP2BP/R3K2R w KQk - 0 11,3
rn2kbnr/1ppbppp1/7p/3P4/QP1p4/p4PP1/P2PP2P/1RB1KBNR w Kkq - 2 11,3
rn1qk1nr/2pbp2p/p1N2ppb/Q7/4P2P/8/PPPP1PP1/1RB1KBNR w Kkq - 3 11,3
rnbqk1nr/1ppp1ppp/p2b4/4P3/2P5/1P1P4/P3P1PP/RNBQKBNR w KQk - 1 6,2
1nb1kbnr/3pqpBp/1pp2r2/p3p3/2N5/3P1PPN/PPP1P2P/R2QKB1R w KQk - 1 9,3
r1bqkbn1/p1ppp3/n6r/1p4pp/5p2/N1PP1P1N/PPQKP1PP/R1B2B1R w q - 2 10,3
r1bqkbnr/ppnpp2p/6p1/2p3N1/5pP1/N2P4/PPP1PP1P/R1BQKB1R b KQkq - 3 7,2
rn1qkbnr/pbp1p2p/1p6/3P1pN1/8/N7/PPPPKPPP/R1B1QB1R b kq - 1 7,0
rnbq1b1r/4kp1p/p1pp1np1/1p2pQ2/1P5P/3PP3/P1P2PP1/RNB1KBNR w KQ - 2 11,3
r1b1k1nr/pppqppb1/2n4p/3p2p1/7P/NP2PPP1/P1PP4/1RBQKBNR w Kkq - 1 8,0
r1b1k1nr/3q1pb1/2n4p/pPpp2p1/1P2p2P/4BP2/2PPP1PR/RN1QKBN1 b kq - 0 13,3
r1b1kb1r/pppp1ppp/2n1p2n/4N1q1/3P3P/8/PPP1PPPR/RNBQKB2 w Qkq - 3 6,3
1nbqkb2/1pppnNpr/3r4/p3p2p/P7/RP2PPP1/2PP3P/1NBQKB1R w K - 1 11,3
r1b1kbnr/pp1p1ppp/2p1p3/4n1q1/1PQ1P3/P7/2PP1PPP/RNB1KBNR w KQkq - 0 6,3
r1b1k1nr/ppqp1ppp/n1p5/4p3/PbP5/4PPP1/1P1P3P/RNBQKBNR w KQkq - 1 6,0
rnbk1b1r/ppqpp2p/2p2n2/5pp1/3P4/1PN1P3/PBP2PPP/R2QKBNR w KQ - 0 10,0
rn1q1bnr/p1p2kpp/1p2pp2/P2p4/5P2/2PP3b/1PQ1P1PP/RNB1KBNR b KQ - 1 7,3
2r1kbnr/pp1n1p1p/6p1/q1pppP2/PPP5/8/3PP1bP/RNBQKBR1 w Qk - 1 10,3
r1bk1bnr/3ppQp1/np3p2/2p3N1/p3PP2/3P4/PPP3PP/RN2KB1R b KQ - 1 13,3
r1q1kb1r/p1pppppp/1p6/4n3/3Pb3/P3Kn1N/1PP1QPPP/RNB2B1R b kq - 1 12,3
r2qkbr1/p1p1p1pp/b1n2p2/1P1p4/1P3P1n/3P4/P1NQP1PP/R1B1KBNR w KQq - 0 10,3
rn1q1bnr/p5kp/b4pB1/1ppp4/1PP3P1/N3P3/P2P1P1P/R1BQK2R w KQ - 1 13,3
rn2kbnr/p1pP1p1p/1p5R/3N2P1/Q3p1q1/5N2/PP1PPPP1/1RB1KB2 b kq - 0 12,1
rnbqk1n1/p2p2b1/1p2p1pr/4PQ2/2p1B1P1/PP6/2PP1P1P/RNB1K1NR w Kq - 2 12,3
1nb1kb1r/rppqn3/p2pPp1p/6p1/P4P2/1PP4P/4P1P1/RNBQKBNR w k - 1 11,3
r1bqkbnr/pp1pp1pp/8/2p2p2/1P3PnP/3P4/P1P1P3/RNBQKBNR w KQkq - 0 6,2
2r1k2r/p1pq2pp/np1pb1n1/2P1pp2/1P2PP1P/b2P2P1/P2Q1K2/R1B2BNR b k - 2 13,3
r3kbr1/ppp1ppp1/n6n/8/1P1q4/N2PP3/b1P1BPPP/R1B1K1NR b KQ - 1 10,3
r1bqkb1r/1ppnpppp/p2p4/3P4/8/1P2B2N/P1PQPn1P/RN2KB1R b KQkq - 0 7,3
rnbqkb1r/3p3p/8/p1p1pPp1/PP5P/R1P2N2/2QP1PP1/1NB1KB1R b Kq - 2 13,3
r1bqkbnr/pppppp2/2n3pp/4P3/P7/6PP/1PPPNP2/RNBQKB1R b KQk - 0 6,0
r1b1k1n1/p2pbppr/npp4p/5N2/1PPp3q/B7/P2PPPP1/R2QKB1R w KQq - 0 12,3
r1bqkb2/2pppp1r/p1n5/p1P1P1pn/QP5p/5P2/P2P1KPP/RNB3NR w q - 0 10,3
1rb1k2r/pp1pb1pp/n4n2/q3ppN1/PPp2NP1/7P/2PPPP1R/R1BQKB2 w Qk - 4 11,3
r1bqkb1r/p1p1pp1p/6pn/1pnp4/4B1P1/NPPP4/P1Q1PP1P/1RB1K1NR b Kkq - 5 9,3
rnb1k1nr/ppp1bpp1/2q4p/4p3/1P1p1N1P/P1PP4/4QPP1/RNB1KB1R b KQkq - 0 12,3
r1bqkbnr/1pp4p/8/p2ppp2/1n2P1pN/7P/PPPPNPPR/R1BQKB2 b Qkq - 1 9,3
rn2qb1r/pppkpp1p/4b2n/6P1/1P1p4/N1B5/P1PPP1PP/1R1QKBNR b K - 2 8,3
rnbqkbr1/1p2pppp/2p4B/p2p4/3P3N/1P1Q4/P1P1PPPP/RN2KB1R b KQq - 1 6,2
rnb3nr/ppp4Q/3k2q1/3p1pp1/Pb2Bp2/1P2P3/2PP2PP/RNBK2NR w - - 1 11,3
r1b1kbnr/p2np1pp/1pp5/q2p1p2/PP2P3/2N5/2PPNPPP/R1BQKBR1 w Qkq - 0 7,3
rnbqkb1r/1p1p1p2/p5pp/2pnp3/P3Q1P1/1P2PP1N/2PP3P/RNB1KB1R w KQkq - 0 10,3
rnbq1k1r/1pppbp1p/4p2n/6p1/p3P2P/P5QN/1PPP1PP1/RNB1KB1R b KQ - 2 8,3
rn1qkbnr/1ppbpppp/p7/3p3P/P7/1PP5/3PPPP1/RNBQKBNR b KQkq - 0 6,0
r1bqk1nr/2p1b1p1/p1P1pp2/1p3P1p/6PP/5N2/PPPPB2R/RNBQK3 b Qkq - 0 10,3
rnbq1bnr/pppkpp2/3p2p1/7p/8/1P1P3P/PBP1PPP1/RN1QKBNR w KQ - 1 7,0
r1bqkbnr/3pp1p1/ppn4p/2p5/3PPpPP/PPP2P1N/4K3/RNBQ1B1R b kq - 2 11,2
1rb2bnr/pp2k1pp/n1qppp2/B1P5/2P1PN2/1P1Q4/P4PPP/RN2KB1R b KQ - 1 11,3
2q1kbnr/rbp4p/ppn1ppp1/B2p4/2PPP2P/1P3P2/P1QK2P1/RN3BNR w k - 1 13,3
1rb1q1nr/pppppk1p/B1n5/5p2/1P2P1p1/2N5/P1PbKPPP/R1BQN1R1 w - - 8 10,3
rnb1kbr1/pp1pppp1/3q3n/2pP3p/1P1N3N/B7/P1P1PPPP/R2QKB1R w KQq - 9 10,3
rnb1k1n1/pp1p1p2/2p1pBpr/7p/4NPP1/bP1PP2q/P1PQ4/R3K1NR b KQq - 2 12,3
1nbqkb1r/rppppp2/5n2/p3B1pp/1P1P4/5N1P/P1P1PPP1/RN1QKB1R w KQk - 0 7,3
rnb2qnr/ppppk1p1/3bpp2/7p/3P2P1/4BP1N/PPP1P2P/RN1QKB1R b KQ - 5 8,3
1nbqkb2/3p2p1/r3pn1r/1pp2p1p/1pPP1P2/N7/P2KP1PP/1RBQ1BNR b - - 3 12,3
rn1qkbnr/2p1p1pp/1p1pbp2/p7/PB6/3P3N/NPP1PPPP/R2QKB1R w KQkq - 0 8,3
r1bqkbn1/pp4pN/2np4/2p1pp2/4r3/2NP2P1/PPP2P1P/R1BK1B1R b q - 1 10,3
1rb1k2r/pppp1p1n/4p1pb/5P2/6P1/P2P4/1PnB1P1P/RNKQ1BNR w k - 5 13,3
r3k1nr/1pp1ppb1/2nq2p1/p4b1p/2p4P/4P2Q/PPPP1PP1/RNB2KNR w kq - 0 10,3
r1bqkb1r/2pppp1p/2n3p1/pp1n2P1/P2P4/3QP3/1PP2P1P/RNB1KBNR w KQkq - 1 7,3
rnbq2nr/ppppbk2/4ppp1/7p/P1P2P2/1P1P2P1/4PK1P/RNBQ1BNR b - - 2 9,0
r1bqkbr1/1ppp1ppp/p1n1p3/8/1P2P3/5N1P/P1PP1nP1/RNB1KB1R b KQq - 3 8,3
r1b1k1r1/pp1pqp2/2p1p2n/4n1pp/Pb2P2P/3B1PP1/2PP4/RNBQ1KNR b q - 0 13,3
r1bqk1nr/1p2p3/2np3b/p1p2ppP/2P2P1P/1P1PP3/P5B1/RNBQK1NR w KQkq - 2 12,3
1nb1kbnr/rpppqp1p/4p3/p5p1/PP6/R4PP1/2PPP2P/1NBQKBNR w Kk - 2 7,2
r1bqkbr1/Qpp4p/4p2n/3pn1p1/6P1/P4pN1/1PPP2BP/RNB1K2R b KQq - 0 13,3
rnb1kb1r/2ppq1pp/8/1p2pp2/Q1P1P3/5PNP/PP1P2P1/RNB1Kn1R b KQkq - 0 12,3
rnkq1br1/ppp1pppp/7n/3pP3/Q7/P1P2N2/1P1P1PPP/RNB1KB1R w KQ - 1 9,0
r1bqkb2/p4p1r/Pp4p1/2p1p2p/3p1PnP/2P1P3/P2PNQ2/RNB1KB1R w KQq - 0 13,3
r1q1kbr1/ppp1pppp/3p4/3n1bN1/2N1nP2/1P1P2PP/P1P1P3/1RBQKB1R w Kq - 1 11,3
r2qk2r/pbp2p2/n3pn2/1N1pQ1pp/8/P2Pb2N/1P2PPPP/R1B1KBR1 b Qkq - 3 12,3
rn1qkb1r/p3pppp/5n2/2pp1b2/1p1PP3/2P2P2/PP1QK2R/RNB2BN1 b kq - 1 11,3
rn1q1knr/1p3pp1/p1p1b3/Q2pp1N1/3P4/4P1Pp/PPP2P1P/RNB1KB1R w KQ - 0 11,3
rn2kbn1/p1q1ppp1/1p2br2/1Ppp2P1/6Bp/P4N2/1BPPPP1P/RN1QK1R1 b Qq - 2 11,3
3rkbnr/2pp2pp/1Pn1pp2/p7/1q2P3/P1P2PPN/1Q1P3P/RNB1KB1R b KQk - 0 13,3
r1bq1b1r/1pp1pkpp/p1n4n/3p1p2/5P2/7P/PPPPPKPR/RNBQ1BN1 w - - 2 7,0
r1bqkbnr/1pp1p2p/2n2pp1/p2p4/1P2P3/2PB1N2/P2P1PPP/RNBQK2R w KQkq - 0 6,3
r1bNkb1r/p1pq1p1p/4pn2/np1p2p1/1PP5/3P4/P1K1PPPP/RNBQ1B1R b kq - 1 11,3
rnb1kbnr/p3p1p1/1Qp1q3/1PPp1p1p/8/5N2/P2PPPPP/RNB1KBR1 w Qkq - 1 10,3
r2qkbnr/pb1pp1p1/np6/2p4p/Q1P2p1P/2N1P3/PP1P1PPR/R1BBK1N1 b Qkq - 5 10,3
1rbqk1nr/2pp1pb1/4p3/1N4pp/6Q1/PP2P1PP/2PP1P2/RNB1KBR1 w Qk - 0 13,3
rnb1k1nr/pp1p1pp1/2p4p/3Np1q1/2P2P2/3K3B/PPQbP2P/R1B3NR b kq - 1 10,3
rn3b1r/3k2pp/1p1p1p1n/pRpqpP2/PP1P2b1/7P/2P1P1PR/1NBQKBN1 w - - 1 13,3
r2qk2r/pbpn1p1p/1p2p2n/3p2N1/Q1PPP1P1/b7/PP3P1P/RNB1KB1R w KQkq - 2 9,3
1nbqkb1r/1p3ppp/r1p2n2/p2pp3/P5Q1/1P2P1P1/R1PP1P1P/1NBK1BNR w k - 0 8,3
rn1qkbnr/1b1ppppp/8/ppp2P2/3PP3/2P4N/PP4PP/RNBQKB1R b KQkq - 0 6,3
2bq1bnr/1pp1p3/nrk4p/P2p1pp1/PQ1P1P1P/6PR/R1P1P3/1NB1KBN1 b - - 1 12,3
rnbq1bnr/ppppp1pp/4k3/1B6/4P1P1/5p2/PPPP1P1P/RNBQK1NR b KQ - 0 6,2
2rqk1nr/ppp3pp/4Np2/2npp3/8/bPPPPP2/3N1P1P/1RBQKBR1 b k - 0 12,3
rnbqkb1r/p1pppp1p/p5p1/5nP1/1P2P3/N6P/P1PPQP2/R1B1K1NR b KQkq - 2 9,3
rnb1k2r/p2p1ppp/q1B2n2/4p3/Pb2P3/2P2P2/1P1P2PP/RNBQK1NR b KQkq - 0 7,3
1rb2bnr/p1pqkppp/1p1p4/2n1p2P/1P1P2P1/2N2N2/P1P1PP2/R1BQKB1R w KQ - 0 10,3
rnb1kbn1/ppqpppr1/2p3pp/3P4/6PP/P6N/1PP1PP2/RNBQKB1R w KQq - 3 7,3
rnb1kbn1/pp2ppr1/2pq2pp/3p1P2/1P6/N2P2P1/P1P1P2P/R1BQKBNR w KQq - 0 8,3
r1b1kbnr/pp2p3/n1p2p2/1B1p2pP/1q2P3/8/P1PP1P1P/RNBQK1NR w KQkq - 0 9,3
r1bqkb1r/pppp2pp/2n1p3/6N1/3P1pn1/P5PP/1PP1PP2/RNBQKB1R w KQq - 0 9,3
r1bqkb1r/pp3ppp/2p1pn2/2np4/5Q2/7P/PP1PPPP1/RNB1KBNR w KQkq - 2 7,0
rn2kb1r/1bqpp2p/pp3p2/2p3pn/NP6/4P1PB/P1PP1P1P/RNBQKR2 w Qkq - 0 11,3
r1b1kb1r/1ppq1p1p/p1n4n/6p1/8/4K3/PPP1PPPP/RNBQ1BNR w kq - 0 7,2
r1bqkbnr/p1npppp1/1pp4p/8/N5PP/4P3/PPPP1P2/R1BQKBNR b Qkq - 2 8,0
rnbq1b1r/1pp2kpp/3ppn2/p4p2/2PP3P/1P4P1/PB1NPPB1/RN1QK2R b KQ - 2 9,0
rn1qk2r/p3pp1p/bp1p3b/1p1n2pQ/2B5/BP2P2P/P1PPNPPR/R3K3 b Qkq - 3 12,3
1nbqkb1r/2p1pp1p/r7/pp1p1np1/2P5/N3PPPB/PP1PN2P/R1BQK2R b KQk - 1 8,3
r2qkbnr/p1p1p3/2n2p1p/1p1p2N1/P2P1p2/N2bP3/1PPB1KPP/R4B1R b kq - 1 12,3
r1bq1bnr/3kpp2/npp4p/8/p1P3p1/P3P2P/1P1PNPP1/R1BK1BNR w - - 0 10,0
r1bqkbnr/ppppp2p/5p2/6p1/PP6/3P1QPP/2PP1P1N/RNB1KB1R b KQkq - 1 8,0
r1bqkbr1/pppppp1p/n5pn/1P6/P7/R1P5/3PPPPP/BN1QKBNR b Kq - 2 7,3
rnbqk1nr/3p1ppp/pp1b4/2p1p3/4P1P1/PB5P/RPPP1P2/1NBQK1NR b Kkq - 2 7,0
rn4qr/ppp1p2p/4kppb/3p4/3P1Bn1/P1N5/1PP1P1PP/R1K2BNR w - - 4 12,3
r1bqkb1r/p2p2pp/1pp4n/1N2p3/Q1PP1p2/5BPP/nP2PP2/R1B1K1NR b KQkq - 1 10,3
rnbq1b1r/pp2n3/2ppkp2/4p1pp/6PP/BPN4N/P1PPPP2/R2QKBR1 b - - 1 13,3
rnb1kb1r/1p1pnppp/p1p5/3qP3/3P2P1/1PP4N/P3P2P/RNBQKB1R w KQk - 1 10,2
r1bqk1nr/p1pp1ppp/n7/1p2p3/2P1NPP1/4b3/PP1PP2P/RNBQKBR1 w Qkq - 0 8,3
rnb1kbnr/3pp2p/1q5p/ppp2p2/3P4/1PQ2P1N/P1P1P1PP/RN2KB1R w KQkq - 2 10,3
rnb1k1nr/2qpp2p/ppp3p1/5p2/1PP4P/3KP3/PbQP1PP1/RNB2BNR b kq - 3 9,3
1n2kbnr/rq1pQ2p/b7/p1p2p2/2p2P2/PP6/3PPKPP/RNB2BNR b k - 0 12,1
r1bq1b1r/1ppkp3/5p1n/p5pp/1n6/N2BP2P/PPPP1PP1/1RB2KNR w - - 2 11,3
r2qkb1r/2pn1p1p/bp1pp1pn/pP4N1/8/P2BP1P1/2PP1P1P/RNBQ1RK1 b kq - 1 9,3
1rb1k1nr/pp1pp3/1qp2ppb/2n4p/2N2P1P/3P4/PPP1PKPR/R1BQ1BN1 w k - 1 10,0
rnbqkbnr/p1ppp1pp/5p1B/1p6/3P2P1/N1P4N/PP2PP1P/R2QKB1R b KQkq - 2 6,2
rn1qkbnr/ppp1p2p/3pb3/B4p2/3PP3/1P3P2/P1P1N1PP/RN1QKBR1 w Qkq - 2 12,3
rn2kbnr/pbp1p2p/1p4p1/PN1pPp2/5P2/4P3/1PPQ2PP/R1BK1BNR w kq - 1 11,3
r1bq1b1r/2p3p1/np1k1n1p/p3pp2/QP3P2/2N5/P2PPKPP/R1B2BNR w - - 0 12,3
rnbqk2r/pppp1p2/4p1pp/8/1bPP1B2/4P2P/PP1NBnP1/RN1QK2R b KQkq - 4 9,3
r1bqkb2/pp1p1p2/n3pnpr/2p3Pp/7P/P7/1PPPPP2/RNBQKBNR w KQq - 1 8,3
r1b1kr2/2p2p1p/pQn2q1b/3pp1p1/2P3n1/2NP1P2/PP2P1PP/R1B1KBNR b KQq - 0 12,3
r1bqkbr1/1pnppppp/5n2/p1p5/P2P1P1P/1PN5/1BP1P1P1/R2QKBNR b KQq - 4 7,2
rnb1k1nr/pp3ppp/2ppp3/2bq4/P2PP3/1P3P2/2P3PP/RNBQKBNR b KQkq - 0 7,3
rnbqkbnr/pp3p2/3p2p1/2p1N2p/P3p3/2P4P/RP1PPPP1/1NBQKB1R w Kkq - 0 7,3
rnbqkbr1/3pp1B1/1pp3pp/p4p2/1P3P2/8/P1PPP1Bn/RN1QKRN1 b Qq - 1 12,3
1rbqkb1r/pp1nppp1/3p1n1p/5P2/1P4PN/2pP4/P1P1PK1P/RNBQ1B1R b k - 1 9,2
r1bqkr2/2ppb3/np3p1n/7p/pP2NP2/P2PP1PN/R1P4P/2BQKBR1 b q b3 0 13,2
rnb1kbnr/pp2pppp/2p1q3/3p4/P1PPP2P/5Q1R/1P3PP1/RNB1KBN1 b Qkq - 0 7,3
rnb1k1nr/p1Qp1ppp/5q2/1p2p3/4P3/b4PPP/PPPPN3/RNBK1BR1 b - - 0 13,3
rnbqnb1r/pp1kpppp/2p5/3p4/6P1/P1N1PN2/RPPP1PBP/2BQK2R w K - 0 8,0
rnbqkb1r/3pp1pp/p1p5/1p3pB1/1n1PPP1P/P7/1PP1B1P1/RN1QK1NR b KQkq - 1 8,3
rnb1k2r/pp3ppp/2pb3n/3pP1q1/6P1/3PP2N/PPPQ3P/RNB1KB1R b KQkq - 4 10,3
r1bqk2r/p1p3pp/1pn1pn2/2bp1P2/P4PP1/3P1N2/1PP1B2P/RNBQK2R b KQkq - 0 8,3
r2q2nr/p1ppk2p/b3pp2/np4p1/1P5P/N2PP1P1/2P2P2/R1BQKBNR b KQ - 0 10,2
r1bq1knr/pppppp1p/n7/8/3P1bP1/P1N5/1PP1PPP1/R1BQKBNR b KQ - 4 7,2
r1bqkb1r/ppppn3/n3p3/5p1p/3PPp1N/7P/PPP3P1/RNBQK2R w KQkq - 0 9,3
r1b1kb2/p2p1ppr/npp2q1n/4p2p/6PP/P1PP1R2/1P2PPB1/RNBQK1N1 w Q - 2 11,3
rn1qkbnr/1pp2ppp/4p3/pb6/P2pP1P1/3P3N/RPPQ1P1P/1NB1KB1R w Kkq - 0 8,3
rnb1kb1r/p1p1pp1p/Bpqp2pn/4P3/1P4P1/8/P1PP1P1P/RNBQK1NR b KQkq - 0 7,3
r2qkbnr/pppnp2p/5pp1/5Q2/2Pp4/NP5N/P2PPPPP/R1B1KB1R w KQkq - 0 7,3
r1b2b1r/p1pk1pp1/n3pn1p/3P4/Np6/7P/PP1PPKP1/R1BQ1BNR w - - 1 11,2
rn1q1b1r/pp1kp1pp/3p4/2pP1p2/bPP3n1/4PN2/5PPP/RNBQKB1R w KQ - 1 10,3
r1bqkbn1/1pp2ppr/1pnpp2p/8/4P2P/2P3P1/PP1P1P2/R1BQKBNR b KQq - 0 7,3
rn1qkb1r/1pp1pp2/p2pbn2/6pp/8/4NN2/PPPPPPPP/R1BQKB1R w KQkq - 2 7,0
r1bq1bnr/2pppk2/p1n5/5pPp/1pP3P1/P1NPP2B/RP5P/2BQK1NR w K h6 0 11,3
rn2k2r/pbpp1ppp/1p1b4/5P2/P3n3/1Pq4P/3PP1P1/RNB1KBNR w KQkq - 1 10,2
rnbqkb1r/1ppp2pp/7n/4pp2/pP6/3PPN2/PBP2PPP/RN1QKB1R w KQk - 0 9,2
rn1qkb1r/p3pp1p/b2p3n/1p5P/1Pp3p1/N1PP1P2/PRQ1P1P1/2B1KBNR b Kkq - 0 10,3
r2qkbnr/pp2pp2/2n1b3/3p2pP/P2P4/RpP1PN1P/1P1B1P2/1N2KB1R w Kkq - 2 12,3
r1bk1bnr/p1pp1pBp/n3p3/6q1/1p3N2/1P2P3/P1PPKPPP/RN1Q1B1R w - - 7 8,3
rn2kb1r/3qpp2/2ppbn2/pP4pp/5RP1/2P1P2P/1P1PQP1R/1NB1KBN1 b kq - 1 10,3
r1b4r/p2qpkbp/n4ppn/1ppp4/3PP1PP/P1N1BP2/1PP3B1/R2QK1NR w KQ - 5 13,3
rn2kbnr/pbp2pp1/3ppq1p/1pP5/1P3P2/N6P/P2PP1PR/R1BQKBN1 b Qkq - 0 7,3
r1bnk2r/pp1p1pp1/3b4/q1p1pn1p/5P2/PPNPB2N/2P1P1PP/R2QKB1R w Kkq - 1 10,3
rnbq2r1/2ppk1bp/pp2pp2/4Bnp1/1PN2P2/8/P1PPPNPP/1RQ1KB1R w K - 5 11,3
r1bqk1nr/1pppppbp/2n5/p2P2p1/7P/P4N2/1PP1PPP1/RNBQKB1R w KQkq - 0 6,3
1rb1q1nr/p2pbkpp/2pQ1p1B/1p2p3/P1P4P/6P1/RPK1PP2/1N3BNR w - - 2 12,3
rnb1kbnr/3p2p1/1p6/p1p1Np2/3P3q/1P4P1/P1PQPP1P/RN1K1B1R w q - 0 11,3
r1bq1br1/2p1kp1p/2np1n2/p3pPp1/1pP4P/3P3N/PPQBP1P1/RN2KB1R w KQ - 0 13,3
r1bqkbn1/3pppp1/ppp3nB/1Q5p/P1N1P3/8/1PP2PPP/R3K1NR b q - 3 13,3
r1bqk2r/pppp3p/n2b2p1/1N1P1p2/6n1/5P1N/P1PBP1PP/R3KB1R w KQ - 0 12,3
rnb1kbnr/p3Qp1p/3q4/2pp4/2P2pP1/1p3P2/PP1PP2P/RNB1KB1R b KQkq - 0 13,1
rnbqkb1r/1pp3pp/B2p1p2/4p3/6n1/N3P3/PPPP1P1P/R1BQK1NR b KQkq - 1 7,3
r1b1kb1r/pppnpnpp/3q4/3pPp2/1P1P1B2/7P/P1P2PP1/RN1QKBNR b KQkq - 0 7,3
r1bqkbnr/p3p1p1/2n5/1ppp1p1p/2P4P/N2PPP2/PP3KP1/1RBQ1BNR b kq - 1 8,2
rnb1kb1r/p2p2Bp/4pppn/1P6/2B2P2/1Pp1P2P/2PN2P1/R2QK1NR b KQkq - 0 12,3
r1bqkbnr/p2p1ppp/n7/2p1p3/1p3P1P/P2P2PB/1PP1P3/RNBQK1NR b KQkq - 0 6,3
rnb1kb1r/pp1ppp1p/5q1n/2p3p1/4P2P/P1N5/1PPPNPP1/R1BQKB1R w KQkq - 2 6,0
rn1qkbn1/p1pppp1r/6p1/3P3p/1p4P1/P2P3P/RP1KPP1R/1NBQ1BN1 b q - 1 9,3
rnbqkbnr/p3pp2/1p4pp/3p4/3p1N2/P5P1/1PPKPP1P/RNBQ1B1R w kq - 0 7,3
rnbqk1n1/p1pp2br/4pp2/1pP3pp/6P1/P2PP2P/1P3P2/RNBQKBNR w q - 1 10,0
r1b2bnr/p2kpp2/2qp2p1/PpB2P1p/3Pn1P1/7P/2P1P3/RN1QKBNR b KQ - 1 12,3
rnb3nr/1p2k2p/p3pp2/b1pp4/P4PP1/2NP3N/1PP1P1BP/R1BQ1RK1 w - - 0 13,0
rn2kb1r/4qp2/1p1p3n/2P1pbp1/p1P1P2p/3P1NPB/P2BQP1P/RN2KR2 w Qkq - 0 13,3
rnbq1rk1/ppppp1bp/5ppn/7P/PP6/5P2/2PPP1P1/RNBQKBNR w KQ - 1 6,0
1nbqkbn1/2ppp3/r7/pp3Ppp/2P1r2P/N2P3N/PPQ1PP1R/R1B1KB2 w Q - 1 12,3
r1b3nr/p2pb1p1/np2ppkp/P1p4R/6P1/R4PP1/1PPPPK2/1NBQ1BN1 w - - 7 12,3
r1b3nr/pp1kp2p/n1p3pb/P1qpP3/5p1P/2N2Q2/1PPP1PPR/R1B1KBN1 w Q - 1 11,3
1nbq1br1/rp1p1kpp/p4p2/2pP4/P3p1n1/4P2N/1PP1KPPP/RNBQ1B1R w - - 6 12,0
rn1qkb1r/pbppp1pp/5n2/1p6/3P1p1P/BP1K1N2/P1P1PPP1/RN1Q1B1R b kq - 2 7,0
r2qbbnr/ppp1kp1p/3pp1p1/2B5/8/3P4/PPP1QPPP/R2NKBNR w KQ - 5 10,3
rn1qk2r/pbp1bpp1/3p1n1p/4p1P1/1p2P1Q1/3B3N/PPPP1P1P/RNB1K2R w KQkq - 2 9,3
r1bqk2r/1pppb2p/BNn1pp2/p2n2p1/3PPP2/5N2/PPPB2PP/R2QK2R b KQkq - 0 10,3
rnb1kb1r/1p1p4/pqp2pp1/1N2p1Pp/4n2P/2P1PP1N/PP1P2B1/1RBQK2R b Kkq - 0 11,3
rnb1q1nr/3pk2p/1ppbpp2/6p1/1p1PPP1P/3Q4/PBPK2P1/RN3BNR w - - 2 11,2
rnbqk1r1/2ppppbp/p5p1/7N/1B3P2/1P2nN1P/P1PPP1P1/R2QKB1R b KQq - 4 12,3
rnbqkb1r/p2ppppp/1p6/7n/2pP2PP/PP6/2P1PP2/RNBQKBNR w KQkq - 0 6,3
r1bq1bnr/ppn1kppp/3pp3/2p5/3P1P1P/N1P1P1P1/PP2B3/R1BQK1NR b KQ - 0 8,0
rnbq1r1k/1ppppp1p/p7/4b1p1/3n4/Q1P1P2P/PP3PPN/RNB1KBR1 w Q - 11 13,3
r1bq1b1r/ppp1p1pp/2kp1p1n/n5N1/P7/N2P3P/1PP1PPP1/R1BQKB1R b K - 2 10,3
r1b1kbnr/1pp2pp1/n7/p3p2p/7P/2N2q1N/PPPPPPB1/R1BQK2R b Qkq - 9 13,3
rnb1kb1r/ppqpp3/5n2/2p2ppp/3P4/4P3/PPPN1PPP/1RBQKBNR w Kkq - 0 7,3
r1b1kb1r/pp1pp2p/B5pn/q1pN4/P2PPp2/5N2/1PP2PPP/R1BQ1K1R b kq - 4 8,3
r2qkbnr/p2bpppp/n1p5/1B1p4/1P4Q1/p1N1P3/2PP1PPP/R1B1K1NR w KQkq - 2 8,3
1nb1k1nr/2pp1p1p/rp2p1p1/p5q1/1bB5/3PP3/PPPNQPPP/R1BK2NR w k - 4 8,3
rnbq2nr/1ppp1k2/5p2/4P1pp/p1P1P2P/P2P3R/1B2K1P1/RN1Q1BN1 b - - 3 13,3
rnbqk1nr/p1ppp1bp/5p2/1p4pP/1P2P3/P5P1/1BPP1P2/RNQ1KBNR b KQkq - 0 8,2
rnb1kbnr/pppp1p1p/2Q5/4p1q1/2P3P1/1P3P2/P2PP2P/RNB1KBNR b KQkq - 2 7,3
r1bqkb1r/p1pp1ppp/p3p3/3n4/P1PP3P/5P2/1P1KP1Bn/RNB3NR b kq - 1 11,3
rnbqkb1r/1p1pppp1/2p5/p6p/Q1P1nP1P/3BP3/PP1P2P1/RNBKN2R b q - 1 9,2
r2qkb1r/pbp1pppp/1p5n/n2p4/5P1P/1P1P4/PBP1P1P1/RN1QKBNR b KQkq - 0 7,0
2bqkbnr/rn1pp1pp/p7/1pp1Np2/1P2PP2/3P4/P1PB2PP/RN1QKB1R b KQk - 0 11,3
3qkb1r/4pppp/2n1b3/ppNp3n/4P2P/BP1B1N2/P1PP1PrR/R2QK3 b Qk - 2 13,3
rnbqkb1r/p1pp1ppp/1p6/3np3/5N2/1P6/P1PPPPPP/RNBQKBR1 w Qkq - 2 7,2
r2qkbnr/pppnpppp/8/1N1p4/6bP/PP1P4/2PQPPP1/R1B1KBNR w KQkq - 3 8,3
rn2kbnr/p1qpp1pp/b1p5/1p3p2/P6P/R5PB/1PPPPP2/1NBQK1NR w Kkq - 2 6,3
rnbqkbnr/p2pN1p1/2p5/1p3P1p/4p3/5N2/PPPP2PP/R1BQKB1R b KQkq - 0 7,3
1nbqkb1r/2p2p1p/rp1p3n/p3p1p1/5P2/BPP4P/P2PP1P1/RNQ1KBNR w KQk - 0 8,3
rn1qkb1r/p1ppp2p/b6n/1p3pp1/1PB1PP2/B6N/P1PP2PP/RN1QK2R w KQkq - 0 7,3
rn1qkbnr/pp2p2p/2pp2p1/5p2/3Q2b1/P1P1PP1P/1P1P2P1/RNB1KBNR b KQkq - 1 7,3
rn1qkb1r/p1p2p1p/3p2pn/1p3b2/P3p2P/3P1N2/1PP1PPPR/RNBQKB2 w Qkq - 1 9,3
1rq1kb1r/p1pppppp/b7/4n1B1/1p3Pn1/NPPP4/P6P/R2QKBNR b k - 1 13,3
rnbqk1r1/2pp1ppp/1p2p2n/p7/1P3P1B/1P1P3N/P3P1PP/RN1QKB1R b KQq - 0 8,3
rnbqk2r/p1p1bp1p/3pp2n/6p1/4P1Q1/p1PP2PN/1P1K1P1P/RNB2B1R w kq - 1 13,3
rnb1kN1r/pp2ppp1/1q6/2p1n2p/1P6/3P2P1/P1P1PP1P/RNBQKB1R b KQkq - 0 7,3
rnb1kbr1/3qp1pp/p1pp1n2/1p3p2/2PP1P2/NP4P1/P1Q1P2P/R1B1KBNR b KQq - 1 9,0
r1bqk3/bpppNppr/p1n4p/3np3/2P3P1/1P3P2/P2PP1BP/R1BQK2R w KQq - 5 13,3
rnb1kb1r/pp2pp1p/2pp2pQ/5P2/3P4/N1P3P1/Pq2P2P/R1B1KBNR b KQkq - 0 11,3
rn1qkbr1/2p1pppp/3p3n/pp6/PP1Pb1P1/2N2P2/2PQK2P/R1B2BNR b q - 1 12,3
r1bqkb2/p1pp1pp1/N5nn/1p2p2p/3PP3/P5rP/1PP1BPP1/R1BQK1NR b KQq - 0 12,3
rnb2b1r/1ppkpppp/p4n2/2qp4/2N3PP/3P4/PPP1PPB1/R1BQK1NR w KQ - 5 7,3
1nb1kbnr/rp1pppp1/1q5p/p1p1PN2/Q1P3P1/7P/PP1P1P2/RNB1KB1R b KQ - 0 9,0
rn1qkbnr/p2p1p1p/b1p1p1p1/1p6/PP3P2/B1P3P1/3PP2P/RN1QKBNR b KQkq - 1 6,3
r1bqkbnr/pp1pp3/n6p/2p2p2/P4Pp1/N3P2N/1PPP2PP/R1BQKB1R w KQkq - 0 7,3
r1bqkb1r/pp3p2/5npp/2ppp3/1Pn1P1P1/N4P1P/P1PPB1Q1/R1B1K1NR w KQkq - 0 12,3
rnbqkbr1/3ppppp/2p5/1p6/Pp6/5NP1/2QPPP1P/RN2KB1R b KQq - 0 10,2
r1bqkb1r/p1p1pp1p/4nnp1/1p1p2P1/1P2N2P/N7/P1PPPP2/R1BQKB1R b KQkq - 0 8,3
rnb1k1nr/2pp1pp1/p7/1P2p2p/3PP2q/bP6/2P2PPP/RNBQKBNR w KQkq - 1 7,3
rnbqkb1r/p3n1pp/3p4/1pp1pp2/Q4N2/1PP2P2/P2PP1PP/R1B1KBNR b KQkq - 0 7,3
r1b1kb1r/pp1pn1pp/4p3/5pBP/1qpn4/P1P1P3/2Q2PP1/RN2KBNR w KQkq - 0 10,3
rnbq1b1r/pppkppp1/3p3p/6B1/2PP2n1/7N/PP1KPPPP/RN1Q1B1R b - - 2 6,3
rnbqk1nr/p1p2p1p/7b/2Ppp1p1/1p2P2P/N6N/PP1P1PP1/R1BQKB1R w KQkq - 0 9,3
1nbq1k1r/1ppp1ppp/r6n/4p1b1/p2PPP2/PP4P1/2PQ3P/RN2KBNR w KQ - 0 10,3
rnbqkbnr/p2ppp2/8/1Np3pp/P1P5/1P5P/2QPPPPR/R1B1KBN1 w Qkq - 1 10,0
r1bqkb1r/p1p2p1p/n2ppnp1/1p5Q/5P2/P2PP1P1/1PP4P/RNBK1BNR b kq - 1 7,2
r1b1k1nr/1p1pq2p/n1p1ppp1/8/1QP5/P2P3P/4PPPR/RN2KBN1 w Qkq - 1 12,3
r1b1k1nr/pp1p1pp1/P6p/2p1p3/P3P2P/3P2qR/1BP1K1P1/RN1Q1BN1 b kq - 1 11,3
r1bqkbnr/pp1p1p2/n6p/2P1p1p1/3P2P1/N4P2/P1P1P2P/R1BQKBNR b KQkq - 0 6,3
r1bqkb1r/p1ppp1p1/n4p2/1p4Np/1P1P2n1/7B/P1P1PP1P/RNBQK2R w KQkq - 0 7,3
3qkbn1/1bpppppr/r6p/pp6/Pn2PP2/3B3P/NPPPN1P1/R1BQK2R b KQ - 7 9,3
rn1q1bnr/pbp1p2p/3k4/5Qp1/2p3P1/4P2P/PP1P1P2/RNBK1BNR w - - 1 11,3
rnbqkbr1/1p1p2pp/5n2/2p1p3/p2P1p2/2PQ1PPN/PP2P2P/RNB1KB1R w KQq - 1 11,3
r1b1kbnr/pp1p1p1p/4p3/q5pP/2p2PP1/2P5/PPnPP1B1/RNB1QKNR w kq - 2 12,3
rnb1k2r/3p2pp/p3pp1n/qPb5/1p3PPP/N2PP3/2P1K3/R1BQ1BNR w kq - 1 12,3
rnbqk1nr/pp1p2pp/4p3/2p5/2N1p1P1/b1PP4/PP2PP1P/RNB1KB1R b KQkq - 1 8,3
r1bqkb1r/p2ppppn/8/1pp4p/Pn2PQ2/2RB2P1/1PPPNP1P/1NB1K2R b Kkq - 4 9,3
rnbqkbnr/pp3ppp/2pp4/4p3/7P/1P2P1R1/P1PPNPP1/RNBQKB2 b Qkq - 2 6,0
r1bqkbnr/2npp1p1/p1p4Q/Pp6/1P1P2pB/8/2P1PP1P/RN2KBNR b KQkq - 0 10,2
rnbqkbnr/p2pp3/1pp5/5ppp/2P3P1/P6N/1P1PPP1P/RNBQKB1R w KQkq - 0 6,3
r2qkbn1/2ppppp1/1pb4r/pB5p/nPPP2P1/5Q1P/R4P1R/1NB1K1N1 w q - 2 13,3
r1bqkb1r/p2ppppp/np5n/7P/8/p4NP1/2PPPP1R/RNBQKB2 b Qkq - 2 7,2
rn2kbnr/pp1qp1p1/2p1bp1p/3p4/P2P3P/4P1P1/RPP1QP2/1NB1KBNR b Kkq - 4 7,0
r1bqkbnr/p1p1pp1p/n2p2p1/1p6/P6P/3P1N2/1PP1PPP1/RNBQKB1R w Qkq - 0 7,0
rn3b1r/pppk1p1p/3q2pn/3ppbN1/2PPPPQ1/P6P/1P4P1/RNB1KB1R w KQ - 3 10,3
1nbqkb1r/1ppppp1p/r7/4n1p1/pPP4P/B3PPP1/P2PN3/RN1QKB1R b KQk - 2 8,3
r1bqkbnr/p1p1p3/1p1p1p2/N3n1p1/1P1PP2p/P1P2P2/4B1PP/R1BQK1NR b KQkq - 2 12,3
rnqk1bnr/1pp1pppp/7B/p2p4/1P6/Pb1PPP2/4K1PP/RN2QBNR b - - 3 11,3
rnbqkbnr/ppp3pp/B2pp3/8/1PP2Pp1/3PP3/P1Q4P/RNB1K1NR b KQ - 0 11,0
r1b1q1r1/p1p2kpp/1pnbpp1n/3pP3/1P4P1/2P2P1P/P1NP4/R1BQKBNR w - - 1 12,3
r2qkbnr/pppnp1p1/3p3p/3bNp2/7P/2NPP3/P1PK1PP1/R1BQ1B1R b kq - 4 9,3
r1bqk1nr/1ppppp2/2n3pb/p6p/6Q1/P1P3PP/1P1PPP1N/RNBK1B1R b kq - 3 9,3
rnbqkb1r/1p2pp2/p2p3p/2pP2p1/1P4n1/P1P4N/3BPPPP/RNQ1KB1R w KQkq - 1 10,3
rnbqk2r/p1n1p1b1/1ppp1p2/1NP3pp/P7/3R2P1/1P1PPP1P/2BQKBNR w Kkq - 4 13,3
r1bqkbn1/nppp2p1/4p2P/P1P2p2/1p1B1P1p/7N/3PP2P/RN1QKB1R b KQq - 1 13,3
r1b1k2r/1ppp1ppp/p3p2n/2P3q1/Pb2P3/1P1Q4/3PKPPP/RNB2BNR w kq - 1 9,3
2bqkbr1/prpp2pp/8/1p2pp2/Pn2P1P1/N5K1/1PPP1P1P/R1BQ2NR w - - 0 12,3
rnb2q1r/ppp1kp1p/3p3b/2n1PP2/6p1/1P2PN2/PBP1K1PP/RN1Q1B1R w - - 3 12,3
rnb1kbnr/2qpp2p/2p2p2/ppP3p1/1P6/P3PP2/3PBKPP/RNB1Q1NR b kq - 2 9,3
1nbBk1nr/rp1ppp1p/2p5/pP4b1/3P1PpP/2P4N/P3P1P1/RN1QKB1R w KQk - 1 11,3
rnbqk3/pppp2r1/5bpn/4p1Np/1P3p1P/2P1PP2/P2P1KPR/RNB1QB2 w q - 4 11,0
rnbq1bnr/pp1pk1p1/4p3/2p2p1p/4P3/5PPN/PPPP3P/RNBQKBR1 w Q - 1 7,0
r3kb1r/p1p2p1p/np6/3Ppn2/P5pP/1P1P3b/4PP1N/RNBQKB1R b kq - 0 13,3
r1bq2nr/ppp1kppp/2n1p3/3p4/P2P3P/bP2P3/2P2PP1/RNBQKBNR w KQ - 1 6,0
rn1q1k1r/3pp1bp/pBp2p1n/6p1/1P5P/N5P1/P1PPPPbR/R2QK1N1 b Q - 1 11,3
2b1k2r/p1pqb2p/n2p1p1n/1r2PPp1/8/N1P1P3/PPQ1B1PP/R1B1K1NR w KQk - 2 13,3
rn1q1bnr/p2ppkpp/b1p2p2/1p2P3/3Q1P2/8/PPPPN1PP/RNB1KB1R w KQ - 1 8,3
r2qk1nr/1bppppbp/p1n2Bp1/1p6/4N3/3P1PP1/PPPKP2P/2R1QBNR b kq - 9 12,2
rnbqkb2/1pp2ppr/4pn2/p2p3p/4PPPP/3P4/PPP1Q3/RNB1KBNR w Qq - 2 11,3
rnb3nr/pp1kbppp/3pp3/2p3N1/P3P1q1/3P3R/1PPN1P1P/R1BQKB2 w Q - 0 11,3
1r2kb1r/p1pqpppp/n2p3n/1p6/5PbP/NP4P1/P1PPPN2/R1BQKB1R b KQk - 2 8,3
r1bk1b1r/ppp1npp1/4p3/Pqn4p/2P5/3P2PB/1P2PP1P/RNB1K1NR b KQ - 0 11,3
rnbqk1r1/2ppppbp/pp4p1/3n4/P2P4/2P2P1N/1P2P1PP/RNBQKB1R w q - 1 8,0
rnq1kbnr/2p1pp2/pp1p2pp/3P4/2P4P/P4PP1/RPbNPK2/2BQ1BNR b kq - 0 10,2
rnbq1knr/p1p1b2p/8/3p1pp1/2p2p2/NP1P3P/P1Q1PKPR/R1B2BN1 w - - 0 10,3
r1bqkb1r/1ppppp2/p4n1p/n5p1/1P6/2P1PP2/P2PNKPP/RNBQ1B1R w kq - 0 7,0
r1bqkb1r/2p1pp2/pp1p1n2/n5pp/2N5/2P1P1PP/PPQPNP2/R1BK1B1R w kq - 0 12,3
1n1qk1nr/4r1b1/b1pp1ppp/pp2Q3/1P1P4/N4PPN/P1P1PKBP/R1B4R w k - 3 13,3
r1b2bn1/1pp1kppr/2n1Bq1p/p2p4/3P1p2/2N3P1/PPP1P2N/R1BQ1KR1 w - - 2 13,3
rnb1kbnr/p1qppppp/2p5/1p6/4P2P/3P4/PPP1KPP1/RNBQ1BNR b kq - 5 6,0
r2qkbnr/1b1pppp1/n4Q2/1pp4p/pP1P1N2/6P1/P1P1PP1P/R3KBNR w KQq - 0 13,3
rnb1kb1r/pp1ppppp/3q4/2p2B2/8/4PPP1/PPPP3P/RNBQ1KNR w kq - 1 7,3
rnb1kb1r/2pp3p/5qpn/pp3p2/PPP1P3/B2N4/R2PBPPP/1N1QKR2 b kq - 1 12,3
rn1qk3/3bnppr/p2b3p/1ppp4/P3PpP1/2PP1P2/1P1Q2BP/RNB1K2R w q - 4 13,3
r1bq2nr/pp1ppk1p/2p2ppb/8/PP2n3/2N1P2N/2PPQPPP/R1B1KB1R w KQ - 4 9,0
r1b1k1nr/ppp1b1p1/3qpp1p/3p4/Pn2P3/6PP/2PPBP2/RNBQK1NR b Kkq - 1 10,3
rnbqkbr1/ppp2p1p/4p2n/3p2p1/3P2PP/5N2/PPPQPP1R/RNB1KB2 b Qq - 1 6,3
r1bqkbnr/pp2pp1p/2np2pB/8/2P1N2P/8/PPP1PPP1/R2QKBNR b KQkq - 1 6,0
rnbqkbn1/p3p2r/1p1p1p1p/2p3p1/P4PP1/7P/1PPPP2R/RNBQKBN1 w Qq - 0 8,2
rnbqkbn1/2pp1ppr/pp5p/4B3/P7/1P3N2/2PPPPPP/RN1QKBR1 b Qq - 0 8,0
rnb2bn1/pp1qp1kr/6p1/2pp1p2/7N/PP4P1/2PPPPRP/RNBQKB2 w Q - 1 12,3
rn1qkb1r/2pppppp/pp3n2/1P1b4/P1P5/5P1N/3PP1PP/RNBQKB1R b KQkq - 0 6,3
rn1qkb1r/pppb4/2n2pp1/3pp2p/P2P1B2/1N6/1PP1PPPP/R1K1QBNR b kq - 3 12,3
2rBkbnr/pbpp1ppp/n3p3/1p6/1PP4P/PQ6/3PPPP1/RN2KBNR b KQk - 0 8,3
Bnkq1br1/p1p2p1p/bp5n/4p1p1/1P1p4/P3P1NP/R1PP1PP1/1NBQK2R b K - 0 11,3
r1bqk1nr/Q1pp1p1p/1p2p2b/8/3n1PPR/2P5/PP1PP1P1/RNB1KBN1 b Qkq - 2 8,3
r1bq2nr/pppk1pp1/n2p3p/4p3/1b4P1/PP2P2P/R1PP1PB1/1NBQK1NR b K - 0 7,3
rn1qk2r/pbppp3/1p3bpn/P4p2/3PPP1p/2P4P/1P1B1QP1/RN2KBNR w KQ - 1 13,3
1rbqkbnr/ppnppp1p/2p5/4N1p1/1P6/P4P1P/1BPPP1P1/RN1QKBR1 w Qk - 1 10,3
r1bk1bnr/pp1p1pp1/n1p1pq2/7p/1P2N2P/5PP1/P1PPP3/R1BQKB1R b KQ - 0 9,3
r1bqkb1r/pppppppp/7n/4n3/P6P/2N5/1PPPPPPR/R1BQKBN1 w Qkq - 5 6,0
r1bqkb1r/1pppp1p1/p4n1p/5p2/3P4/3n2QP/PPP1PPPR/RNB1KBN1 w Qkq - 6 8,1
r1bqkb1r/3pp2p/npp5/p3p1P1/N2P2n1/4P2P/PPP3PR/R1BQKB2 w Qkq - 1 11,3
r1bq1k1r/pppp1ppp/n7/2b1P3/4PBn1/2N5/P1P1KPPP/R2Q1BNR w - - 1 8,0
rnb2b1r/pPpk1p1p/5np1/3pp3/2P5/7N/P1NPPPPP/R1BQKB1R b KQ - 2 8,3
r1bqkbnr/pp1p4/n3p2p/2p2pp1/5NP1/N4P1B/PPPPP2P/R1BQK2R w KQkq - 0 7,3
rnbqkb1r/pp1pp2p/5pp1/2p2P1N/P5PP/3nP3/1PPP2B1/RNBQK2R w KQkq - 1 12,1
rn1qkb1r/4pp1p/1pp1b1pn/1N1p3Q/p1P1P3/7P/PP1P1PP1/R1B1KBNR w KQkq - 2 9,3
r2qkbnr/pp3p2/n1ppp2p/6p1/QP5P/P1P3Pb/3PPP2/RNB1KBR1 b Qkq - 0 8,3
rn2kb1r/pbqpp3/1p5p/3n1pp1/P1pP1P1P/4P1P1/1PP1Q3/RNB1KBNR w KQkq - 1 11,3
rnbq3r/1pp1nk2/2N1pp2/p1bp2pp/4N3/3P2B1/PPP1PPPP/R1Q1KBR1 w Q - 6 12,3
r1bqk1nr/2pp1p1p/1p4p1/pN2p3/1b4P1/B3P2P/P1QP1P2/R2K1BNR b kq - 2 9,3
rnb1kb1r/ppp2pp1/4p2n/8/PPq2B1p/N2P3P/4P1P1/1R1QKBNR w Kkq - 2 11,3
1n1q1bBr/1pp1k3/r2p2pp/p7/4N3/N3P2b/PPPPK1PP/R1BQ1B1R b - - 6 12,3
rnb1kbnr/pp1p2pp/5p2/1qN1p3/1P4PP/8/P1PPPPR1/RNBQKB2 w Qkq - 1 12,3
rnbk2nr/pppp3p/4ppp1/8/3PP2b/2N5/PPP2PP1/1R1QKBNR w K - 0 9,0
rn1qkbnr/pppbpppp/8/1Q1p4/P1P2P2/7N/1P1PP1PP/RNB1KB1R b KQkq - 0 7,3
rn1qkbnr/1ppbpppp/p2p4/8/QPP5/N4P2/P2PP1PP/1RB1KBNR w Kkq - 0 7,3
r2qk1nr/1pp2p1p/2n1bb2/3pp1N1/1p2PP2/N2P2P1/P1PB3P/R2QKB1R w KQkq - 2 10,3
1rbq1knr/p2pp2p/npp3pb/5pQ1/4PP2/2N3PP/PPPP4/RNB1KB1R b KQ - 5 9,3
r1bq1k2/ppppb1p1/n3p2r/3n1p1p/1P1P1P2/B3P2P/P1P1K1PR/RN2QBN1 b - - 0 11,3
1nbqkbnr/1ppppp2/8/r6p/p1PN1P1P/6p1/PP1PP1PR/R1BQKBN1 w Qk - 0 9,2
r1bqkb1r/1ppppp1p/p3Pnp1/5n2/P7/3B1N2/1PPP1PPP/RNBQK2R w KQkq - 0 7,3
rnbq1bnr/p1pppkp1/7B/1p5p/3P1p1P/4P1P1/PPPK1P2/RNQ2BNR w - - 0 8,3
1nb1k1nr/1rpp1ppp/1p2p3/p1b2Pq1/3P3P/2N3PR/PPP1PB2/1R1QKBN1 b k - 5 11,3
r1bqk2r/ppp1ppbp/n7/3p2p1/6P1/P2P1N2/1P1P1P1P/RNBQKBR1 b Qkq - 0 9,3
r1bqkbr1/pppppp2/5npp/8/1P1n4/B7/PNP1PPPP/R2QKBNR b KQq - 1 7,3
rnb2bnr/2qp2p1/1ppkp2p/pQ3p2/1PP2PP1/P3P2P/1B1P1K2/RN3BNR b - - 2 11,3
r1b1knnr/p1pp1p2/1p6/2bPp2p/4N2P/4N3/PPP1PPq1/2RQKB1R w Kkq - 0 13,3
rnbqkbnr/pp2pp1p/2pp2p1/8/1P3P1P/P1N5/2PPP1P1/1RBQKBNR b Kkq - 0 6,0
rnbqkbnr/p1p1p2B/5p2/1N1p2pp/2P3PP/1P2P3/p2P1P1R/R1BQK1N1 b Qkq - 0 13,3
rn1qkb1r/2ppp1pp/b7/pp4B1/5pn1/P2PP2P/QPP2PP1/R2NKBNR w KQkq - 3 11,3
rnb1k1nr/Bp1p1ppp/p1pb4/4p3/2q5/PP1PP3/2PN1PPP/RN1QKB1R w KQkq - 1 11,3
1nbqk1n1/1p2bppr/r1p4p/p2pp3/6P1/BPN4P/PQPPPP2/R3KBNR w KQ - 4 11,3
rn2k1nr/pp1bppbp/6p1/q1pp4/1P2NP2/8/P1PPP1PP/RNBQKB1R w KQkq - 1 8,3
r1bqkbnr/1pp2pp1/p7/2Ppp3/1P1P3p/P7/3P1PPP/RNBQKBNR w KQkq - 0 8,3
rn1q3r/pb1pnkbp/2p1pp2/6p1/1pP1B1P1/P3PN2/1P1PKP1P/RNBQ3R w - - 3 12,3
1r1qkbn1/pbpnp2r/7p/1p1p1p2/2PPQ2R/P3P3/1P1B1PP1/RN2KBN1 b - - 5 13,3
1rb1kb1r/pppp1ppp/n4q1n/4p3/2P5/4PPPP/PP1PQ3/RNB1KBNR b KQk - 2 6,0
r1bqkb1r/3n1pp1/pppp4/5n1p/3P1B2/2P1pNPN/PP2PPBP/R1QK3R w kq - 2 13,3
rnbqkbr1/ppppp1p1/7p/3B1p2/4n1P1/1P1PP3/P1P2P1P/RNBQK1NR w KQq - 1 7,3
rnb1k1nr/p1pp1ppp/8/1p2pq2/2PN3P/BP6/P1QNPP2/2R1KB1R b Kkq - 4 11,3
r1bqkb1r/2p3pp/pp1pp2n/4np2/3P4/P3BN2/1PP1PPPP/RNQ1KBR1 w Qkq - 0 9,3
rnb1kbnr/ppq1p3/3p1pp1/6Pp/P1Pp1B2/7P/1P2PP2/RN1QKBNR w KQkq - 0 9,3
2rqk1nr/2p1ppbp/b1np2P1/1p6/p2P2PP/2P1B3/PPQ1P3/RN2KBNR b KQk - 0 10,3
rnbq1b1r/1pp1npp1/p3p3/P2pk2p/4P2P/1PN3P1/R1PPNP2/2BQKB1R b K - 0 9,0
rnbqk1nr/pp2bp1p/4p3/2pp3p/4P3/3P1N2/PPPKQPP1/RNB2B1R b kq - 1 8,2
r1bqkbnr/pppppp2/n7/6pp/3P4/N3P3/PPP1NPPP/R1BQKB1R b KQkq - 1 7,0
rnb1k2r/q2p2pp/pppb3n/4ppB1/3P2P1/P3PP2/1PP3BP/RN1QK1NR b KQkq - 0 10,3
r2n1bnr/p1pkp1pp/2bN1pN1/3p4/4P2P/5QP1/PPPP1P2/R1B1KB1R b KQ - 2 10,3
1nbqk2r/rp1p1pb1/8/p1Pnp1pp/1P2N3/4B1P1/P1P1PP1P/RQ2KBNR b KQk - 4 11,3
r2qkb1r/pppbpp2/1n4p1/1B1p1n1p/1P2P2P/5P1N/P1PP2P1/RNBQ2KR w q - 5 11,3
rnbq1bnr/pp2p1k1/7p/2pp1ppP/5P2/N1P4R/PP1PP1P1/R1BQKBN1 w Q - 1 9,2
1rb1kb1r/pp5p/3p1ppn/2p1n2q/2PP4/2K5/PPQ1PPPP/RN3BNR w k - 0 12,3
rn1qkb1r/p1pppppp/2b5/8/1p4nP/1PNP3N/P1PQP1PR/1RB1KB2 w kq - 2 9,3
1rbqkbnr/p1ppppp1/1p5p/P4P2/2P5/7P/P2PP1P1/RNBQKBNR b Qk - 0 8,0
r1b1kbn1/pp6/q2pppp1/1Np3pr/6P1/7P/P1PPPPB1/R1BQK1R1 w Qq - 0 12,3
rnb1k1nr/1p1p1p1N/p1p5/3Qp3/8/P1P1bq1P/1P1PPPPR/RNBK1B2 b kq - 2 12,3
r2qk1nr/pbppp1b1/np5p/4Npp1/3PP3/N7/PPP2PPP/1RBQKBR1 w kq - 2 8,3
r1bqkb1r/2p2ppp/1pn1p3/p2p4/3PnP2/2P5/PP2P1PP/RNBQKBNR w KQkq - 0 8,0
rnb2bnr/p1pkp2p/2qp4/1p4p1/1P2p3/P2P2PP/R1P1QP2/1NBK1B1R b - - 5 13,3
rn1qkbnr/2p1pppp/p2p4/1p6/PP4b1/2P1P2P/3P1P2/RNBQKBNR b KQkq - 0 6,3
rn1q1k1r/p1ppb1pp/bp3n2/1B2pp2/2K5/4P3/PPPP1PPP/RNBQ2NR w - - 6 8,3
rnbqkb1r/3pp1pp/5n2/ppB2p2/2pP3P/5P2/PPPKP1P1/RN1Q1BNR b kq - 1 7,0
rnb3nr/Np1p2p1/2N2k2/2p2pqp/4p1Q1/3BP1P1/1PPP1P1P/R1B1K2R w KQ - 5 13,3
rn2kbnr/pp3ppp/2qpp3/2p5/3PPPbP/6PB/PPPK3R/RNBQ2N1 b kq - 0 13,3
rnbqkb1r/2ppn1pp/pp2pp2/2P5/8/N4P2/PP1PP1PP/1RBQKBNR w Kkq - 0 6,2
r3k2r/2pqppbp/2np4/p5p1/Pp1PN1P1/2P1B2P/1P2PPB1/R1Q1K1R1 b Qkq - 2 13,3
rnbqkbnr/1p2pp2/3p3p/P1p3p1/4NP1P/3P3N/P1P1P1P1/R1BQKB1R b KQkq - 0 8,3
rn3bnr/p2ppk1p/3p1pp1/P1B5/2qP4/1P5N/2PKPP1P/R2Q1b1R b - - 6 13,3
r1b1kb1r/1pp1p2p/p1n3p1/1Q1p1p1n/1P3P2/2P4P/P2BP1P1/RN2KBNR b kq - 2 12,3
r1bqk1nr/pp1npp1p/2p3pb/3p4/P1P5/1P5N/3PPPPP/RNBQKB1R w Kkq - 4 7,0
rnbqkb1r/pp3ppp/3p1n2/2p1p3/2P1P1P1/P4N2/1P1P1P1P/RNBQKBR1 b Qkq - 1 7,3
r2qk1nr/p1pppp1p/b1n3pb/8/P1p5/6P1/1P1PPP1P/RNBQKBNR w KQkq - 1 7,0
rnb1k1n1/2ppbpr1/p6p/1P1BQ1p1/8/1P2P2P/P2P1KP1/RNB3NR b q - 1 11,2
rnbqkb1r/2p1pn2/p2p3p/1P3p2/2P3p1/1P2P2P/2QP1PP1/RNB1KBNR b KQkq - 1 10,3
r1b1qbn1/pppp1pp1/5k1r/2n4p/1P2p3/2P1P2N/P2P1PPP/RNBQKB1R w KQ - 9 12,3
1nbqk1nr/1p1p2p1/r2b4/p1p2p2/PPB1p1Pp/4PP1P/2PP4/RNBQK1NR b k - 1 10,3
1nbk1bnr/rBp5/1p1qpppp/3p4/pP1P2P1/N2QP3/P1P2P1P/R1B1K1NR b KQ - 1 12,3
rn1qkb1r/1pp1ppp1/4b2p/p2p3n/3N4/3P3P/PPP1PPP1/RNBQKB1R b Qkq - 1 8,3
rnbqkb1r/1ppppppp/8/p7/2P5/1P3P2/P2PK1nP/RNBQ1BNR w kq - 0 6,0
rnbqkb1r/1p1p1ppp/p7/2p1pn2/PP6/5N1P/2PPPPP1/RNBQKB1R w KQkq - 3 6,3
rnbq1bnr/1p2pk2/8/p1p2ppp/1PPp2P1/2N2P2/PB1PP2P/RQ2KBNR w KQ - 0 12,3
1rbqkb1r/p3nppp/4p2n/1p1p4/2P4B/N2P4/P1P1PPPP/R2QKBNR w KQk - 0 11,3
rnbq1knr/1ppp2p1/3bpp2/p6p/P1P2P1P/8/1PQPP1P1/R1BNKBNR b KQ - 1 8,0
r2qk1r1/pbp1bp1p/2pp4/5np1/1P1p1PP1/NP6/PB1QPK1P/R5NR b q - 0 13,2
r1bqkbnr/1pp2ppp/p3p3/3p4/P1n1PP2/2N2Q2/1PPPN1PP/R1B1KB1R b KQkq - 1 7,3
rnbqk1nr/pp1p1p2/2p1p2b/6pp/6P1/1P1PP2P/P1P2P2/RNBQKBNR w KQkq - 0 6,0
r1bqkbnr/2p1ppp1/np1p4/p5Bp/3PP3/3B3P/PPP2PP1/RN1QK1NR b KQkq - 1 7,0
r1bqkb2/p1n1pNp1/3p3n/1pp4r/PQ1P3p/2P1B1P1/1P2PP1P/RN2KB1R b KQq - 0 12,3
r1b1kbnr/pppp3p/4n1q1/5Qp1/1PP1p3/N3PPPN/P2P1K1P/R1B2B1R w kq - 0 13,3
rn1qkb2/ppp4r/4p1pn/3p1p1p/P2PP1b1/2PB1PP1/1P1N3P/R1BQK1NR w KQq - 0 11,3
rnbqk2r/1pp1pp1p/3p1npb/p7/8/1PN1P3/P1PP1PPP/R1BQKBNR w KQkq - 1 6,0
rnbqkbr1/3p2pp/pnp3pB/P7/Rp1pP2P/6R1/1PP2PP1/1N2KBN1 w q - 0 12,3
rnb2bnr/p1qp1kp1/1p2p2p/2p2p2/1P2P1PP/B1P2N2/P2P1P2/RN1QKBR1 w Q - 1 9,3
r1bqk3/p1ppn1p1/1p1bpp1r/5P1P/2Bn4/3PP2P/PPPN1N2/R1BQK2R b KQq - 0 11,3
rnbqk1nr/1p1p1pp1/2p5/p1b4p/2P1P3/P3P2N/1P3PPP/RNBQKBR1 w Qkq - 0 9,3
rn1qk1nr/p2p1ppp/b7/1pp1P3/4P1P1/b6N/PPPK1P1P/RNBQ1B1R b kq - 0 6,2
r1bqkb1r/ppppppp1/n7/4n2p/5NB1/2P3P1/PP1PPP1P/RNBQK2R b KQkq - 6 6,0
1nb1k1nr/r1pp1pp1/1p1b1q1p/p3p3/3PP3/PP3N1P/1BPQBPP1/RN2K2R w KQk - 6 10,3
rnb1kbnr/p2ppppp/8/1pp5/3q1P2/N3P2P/PP1PN1P1/1RBQKB1R w Kkq - 3 8,3
rnbqkbnr/2ppp1p1/1p3pp1/p7/P5Q1/R1N1P3/1PPP1PPP/2B1K1NR b Kkq - 3 7,2
1nb1kb1r/rp1pnp1p/2q1p3/p1p3p1/8/P1PPPPPB/1PQN1K1P/R1B3NR w k - 7 12,0
r1b1kbnr/p1p1ppp1/npq4p/8/4P3/N1PP2P1/PP3P1P/R1B1KBNR w KQkq - 1 8,0
rnbqk1nr/3p1ppp/2p5/ppb1p3/P5P1/5N2/NPPPPP1P/1RBQKB1R w Kkq - 0 7,3
rnb1kbnr/3p1pp1/pp2p3/2p4p/PQ2P2q/3P4/RPP2PPP/1NBK1BNR b kq - 3 9,3
1r1qk1nr/1pp1p1bp/p4p2/3p1bp1/2P3P1/8/PPQ2PBP/RNB1K1NR w KQk - 0 11,3
1Q1q2nr/r1p1k1N1/B2p1p1p/2b1p1B1/4P3/2PP3b/PP3PPP/RN2K2R b KQ - 0 13,3
r1bk1bnr/3n1p1p/p7/qp1pp1p1/3P4/3BP2N/PP1N1PPP/R1B1K2R b KQ - 1 13,3
rnb2b1r/p1ppqkpp/1p6/4Bp2/3Q2Pn/7B/PPP1PP1P/RN2K1NR b KQ - 0 11,3
rnbk1bnr/ppq2p2/B1pp3p/4p1p1/1P1PPP2/P1P4N/6PP/RNBQK1R1 w Q - 1 11,3
rn3bn1/2pkpp2/p1q1bP1r/1p1p2p1/3P2Pp/P3K2P/1PPBP3/R1NQ1BNR b - - 0 13,3
r1bqkbnr/pp2pp1p/n2p4/2p5/7p/3N4/PPPPPPP1/RNBQKBR1 w Qkq - 0 6,0
rnb1k1nr/1pppqppp/p7/2b1p3/P1P5/6PP/1PQPPP2/RNB1KBNR w KQkq - 0 6,0
r3kbnr/ppp2p1b/2nppq1p/6p1/P4PP1/N1PPP2P/1P1B4/R2QKBNR b KQkq - 4 10,3
r1bq1bn1/2pk2p1/1pn1p2r/3pPp1p/p4PB1/BPP5/P2PQ1PP/RN2K1NR b KQ - 1 11,3
rnbq1b1r/pp1knppp/3p4/2p1p3/1PPP4/N3B2P/P3PPP1/R2QKBNR w KQ - 3 7,3
rn1q2nr/p1p1bk2/8/1p2pppp/1P1p2b1/5PP1/PBPPPK1P/RN2QBNR w - - 4 11,3
rnb1k1nr/1p2q2p/p4p1b/2ppp1B1/PPPP4/N6N/4PPPP/R2QKB1R w KQkq - 1 9,3
rn1q1b1r/2p2ppp/3Bbk1n/pp6/2P1pPP1/1P5N/P1QPPK1P/RN3B1R w - - 0 10,3
rn1qkbn1/p1pp2pr/bp6/5Q1p/1PPpP3/P6P/1B2KPP1/RN3BNR b q - 3 12,3
1rbqkb1r/pp1p1ppp/4pn2/2p5/1PPn4/1Q5N/PB1KPPPP/RN3B1R b k - 3 7,3
rnq2rk1/p1ppbppp/1p2p3/8/3P1B1P/NP1KPbPN/P1P2P2/R2Q1B1R b - - 8 11,3
1n1qkb2/rp3pp1/7r/p1ppp1Pp/P2NnPb1/4P2B/1PPP3P/R1BQK1NR w K - 4 13,3
rnbq1bnr/p1p1p1pp/1pkp4/5p2/P1P2B2/3P3N/1PQ1PPPP/RN2KB1R b KQ - 2 6,0
1n1qk1nr/r3pp1p/pp5b/2pp2p1/4P3/3P3N/PPPK1PPP/RNB1QBR1 b k - 2 9,0
r2qkbr1/1bppp2p/2n2p1n/pp4p1/P3P1P1/BPP4B/3PNP1P/RN1QK2R w Kq - 6 12,3
r1b1qbnr/p1pkpppp/3p4/1p6/1P1n2PP/P4P2/2PPP2R/RNBQKBN1 w Q - 0 7,0
rnb1k1nr/p1q1p2p/1p1p1ppQ/2p5/PP6/2N1P3/2PP1PPP/RNB1KB1R w KQkq - 1 9,3
1r2kb1r/pp2pp1p/1nqpbP1p/2p5/P5P1/2PP1P1N/1PQK3P/RN3B1R b k - 0 13,3
r1bqkbnr/p1p1pppp/8/1p1p4/1P3NP1/P1n1P1Q1/2PP1P1P/RNB1KB1R w KQkq - 1 9,3
rnbq1bnB/1p2kp2/p3p3/P2p2pp/2p2P2/1P6/2PPP1PP/RN1QKBNR w KQ - 0 10,3
rnbk1bn1/1pq2pp1/7r/2p1p2p/2pP3P/Q3PNP1/PP1N1P2/R1B1KB1R b KQ - 0 12,3
r2q1bnr/p1pk2pp/2n5/1p1p1pN1/b4p2/PPP3P1/1B1PPK1P/RN1Q1B1R w - - 0 13,3
rnbqkb1r/p3p1pp/1p1p1n2/2p2p2/8/N4PP1/PPPPP2P/R1BQKBNR w KQkq - 2 6,0
r1b1qr1k/ppppNpbn/2n3p1/1P5p/P7/6P1/2PPPP1P/R1BQKBNR w K - 1 10,3
r2qkbr1/1ppnp3/p2pb1p1/3n1p1p/PPPP1P2/4P1P1/5KBP/RNBQ2NR b q - 0 13,3
r1b1kbnr/pp1pp1p1/2n2p2/2p4p/P2PP2P/2q1N3/3B1PP1/1R1QKBNR b Kkq - 0 13,3
rnbqkbn1/p1ppp1p1/1p3p1r/8/3N3p/P5PP/1PPPPP2/RNBQKBR1 b Qq - 0 6,0
rnb1kb1r/ppqppppp/8/6P1/2N1n3/7P/PPPPPP2/R1BQKBNR w KQkq - 1 6,2
rnbqkb1r/1ppppp2/p4np1/8/1P3N1P/2P1PP1P/P1QP4/RNB1KB1R w KQq - 2 11,3
rnbqk2r/ppppn1p1/3b3p/1N2pp2/2P5/5PPN/PP1PP2P/R1BQKB1R b KQkq - 1 6,3
r4qnr/p1p2kpp/1pn2p2/b2pp3/2P2P1P/7R/PP1PP1P1/RNBQKBN1 w - - 3 13,3
5bnr/pp2k1pp/n1rp1p2/qBp1pb2/N3P1P1/P6N/1PPP1P1P/R1BQK2R b KQ - 4 12,3
Bnbq1rk1/2pp1p1p/3b2pn/p3p3/3P1PP1/NQP1B2P/PP2P3/R3K1NR b KQ - 4 11,3
rnbqkbn1/2pppp1r/p7/1p1N2p1/1P2PNPp/3B1P2/P1PPQ2P/R1BK3R b q - 3 13,0
r1bqkb1r/p2pppp1/1p6/7p/1nP1nP2/2P1P1PN/P3K2P/RNBQ1B1R b kq - 0 11,3
rnbqk1nb/pp1pp3/7r/2p2ppp/PP4P1/B1P2P2/R2PP2P/1N1QKBNR b Kq - 2 10,3
rnbq1k1r/pp5p/2p2pp1/8/1bPp2p1/P2PP3/1P3PPP/1RBK1BNR w - - 0 13,3
rn1qkbnr/1pp1pppp/3p4/p1B5/P4P1P/1P3b2/R1PPP1P1/1N1QKBNR w Kk - 5 9,3
rnbq1b1r/pp1pkp1p/2p1p1pn/8/2P5/N2PP1N1/PP3PPP/R1BQKB1R b - - 4 8,0
rnbqk3/2ppp1br/p4npp/1p6/P1P1P3/8/1P1P1PPP/RNB1KBNR w KQq - 0 9,2
rnbqkbn1/2ppp2r/p4pP1/1p5p/3P4/1PP3P1/P3PP2/RNBQKBNR b Q - 2 9,2
r1bq2n1/1pppkppr/p2b4/1N2p1Pp/1Pn4P/P7/2PPPPR1/R1BQKBN1 w Q - 3 10,3
1rbqkbr1/ppp2p2/2np1n1p/P5p1/1P2pP2/2P2NKP/R2PP1P1/1NBQ1BR1 w - - 0 13,3
r1bqkbnr/ppp2p1p/2npp1p1/8/3P2P1/5P2/PPP1P2P/RNBQKBNR b KQkq - 0 7,0
rnb1kbr1/1p1p1ppp/2p1pq1n/pN6/1P2P3/5N2/P1PP1PPP/R1BQKB1R w KQq - 1 8,3
rn1qkbnr/1bp1p2p/8/pp1p1pp1/Q2P2P1/P1P2P1N/1P2P2P/RNB1KB1R w KQkq - 1 10,3
r1b1kbnr/pp3p1p/5q2/2pppNp1/PnP5/8/1P1PPPPP/RNBQKB1R w KQkq - 0 8,2
r1bqkb2/p1ppnp1r/np2p2p/2P3p1/1PQ4P/8/P2PPPP1/RNB1KBNR w KQq - 0 8,3
r2qkbnr/ppp1pppp/2np4/4P3/1P6/P1N2bP1/2PP1P1P/R1BQKBNR w KQkq - 1 7,3
rnb1k2r/1p1p2pp/p1p1pp1n/6q1/2P2P2/b2PP3/PP2K1PP/R1BQ1BNR b kq - 0 8,3
rnb2rk1/1p1p2pp/2qbp3/p1p2p2/P4Nn1/1P4PP/R1PPPP2/1NBQKB1R w K - 1 11,3
rnbNkn1r/ppp1pp1p/2qp2pb/8/5P2/1PP1P3/P2PK1PP/RNBQ1B1R b kq - 4 9,3
rnq1kb1r/p2pppBp/2p4n/1p6/4bP1P/PP2P3/2PP2P1/RN1QKBNR w KQkq - 1 9,3
r1b1kb1r/1p1p3p/n1p1p2n/pB2qpp1/8/BP2P1P1/P1PP1PQP/R2NK2R b KQkq - 3 12,3
rnb1kbnr/ppppqpp1/8/4p2p/8/P1N2PPB/1PPPP2P/R1BQK1NR w KQkq - 5 6,0
rnbq2nr/ppppN1k1/5p2/2b3pp/3p4/PPP3PN/1R1PPP1P/3QKB1R b K - 0 12,3
rnb1kb1r/ppp2p2/3ppq2/2P3pp/P2PNPnP/4B1P1/1P2P3/R2QKBNR w KQkq - 2 12,3
rnbqkbnr/1p2pppp/p1p5/3p4/6P1/PP1P1P1N/2P1P2P/RNBQKB1R b KQkq - 0 6,0
rnb1kb1r/1pqp1p2/p3p1pp/2p5/NP1Pn1P1/1Q2P2P/P1P1KP2/R1B2BNR b kq - 5 10,3
rnbqkbnr/2pppp2/p6p/1p4p1/P7/1P3PPP/2PPP2R/RNBQKBN1 w Qkq - 0 7,0
r2qkbn1/1pp1pp1r/2n3pp/p2pPb2/Q5P1/2PP4/PP2BP1P/RNB1K1NR w KQq - 1 10,3
r3kbnr/p1p2ppp/n4P2/1p1p4/7P/1P2q3/P1PP2P1/RNB2KNR b kq - 0 10,3
q3kbnr/1bppp1pp/1B3p2/rp2N3/P7/2nP1N2/1PPQPPPP/1R2KB1R b Kk - 6 11,3
1nbq1k1r/rpppbpp1/1Q2p2n/7p/p3PN2/5PP1/PPPP3P/RNBK1BR1 b - - 3 12,2
rn1qkb1r/1pp1pppp/8/1N1p4/pPb1N1n1/2PPP3/P4PPP/R1BQKB1R w KQkq - 1 10,3
rn1qkbnr/pbp1ppp1/1pN5/7p/1P1p4/N5P1/P1PPPP1P/R1BQKB1R b KQkq - 2 6,3
r1b1kbnr/qppnpppp/8/p2p1P2/2P1PN2/1P6/P1QP2PP/RNB1KB1R b KQkq - 2 10,3
1rbqkb1r/1B4pp/2P1p2n/ppp2Q2/P3P3/1P4P1/2P2P1P/RNB1K1NR b KQk - 0 13,3
rnbqkb1r/1p1p4/2p1p1pp/pQ1n1P2/2P2P2/7P/PP1PPK2/RNB2BNR b - - 0 13,3
r4b1r/1pp1kppp/p1n4n/3ppq2/7P/1P1bPN2/PBPP2P1/RN1QKBR1 b Q - 0 11,3
rnb1kb1r/4pp1p/p2P3n/qp4p1/1Pp5/P2PPP1P/3KB1P1/RNBQ2NR w kq - 0 12,3
r1N1k1nr/ppp2p1p/6p1/3p2q1/1n6/1P4PP/PbPPPP1R/2RQKBN1 b kq - 0 11,3
3qkb1r/r1pppp1p/bpnQ3n/p5p1/3P4/N3P3/PPP1NPPP/R1BK1B1R w k - 6 9,3
1rbqkbnr/pppp3p/8/4pQ2/P1B5/N3P1Pp/1PPP1P1P/R1BK3R b - - 0 12,2
1rbqkbr1/1pp1ppp1/2n5/p2P3p/2p1P1n1/5P1N/PPQKB1PP/RNB4R b - - 0 10,3
r1bqk1nr/1pppb2p/p1n2p2/4p1p1/3P2P1/1PP1P2P/P3KP2/RNBQ1BNR b kq - 0 7,0
rnbqk1nr/2ppbp2/pp6/4P1pp/8/N1PP4/PP1KP1PP/R1BQ1BNR w kq - 0 7,0
1nbqkb1r/rQpppppn/7p/pB6/3P4/1P2P1P1/P1P2P1P/RNB1K1NR b KQk - 2 7,2
r1b3qr/1pp1pk1p/p1np1n1b/5pp1/4P1P1/P1N2P1P/1PPP4/RNBQKR2 b Q - 1 10,3
rn1q1bnr/1ppbk3/p2pp2p/5pP1/P4P2/N1P5/RP1PPNPR/2BQKB2 b - - 3 11,3
rnb1kbnr/1p1qp2p/p1p2pp1/3p4/P3PPP1/R1N4P/1PPPN1R1/2BQKB2 b kq - 1 10,3
r1b1kbr1/ppppq2p/n4ppn/4pP2/2P5/2NP4/PP1KP1PP/1RBQ1BNR w q - 0 8,2
1rbq1bnr/pp1pkpp1/7p/2p1p3/PP5P/2N2P2/2PBn1PR/R1Q1KBN1 w Q - 0 12,3
rnbqkbr1/3pp1p1/7p/p1p2p2/PpP2PB1/1P1P2P1/4PN1P/RNBQK1R1 b Q - 0 13,2
rn3knr/ppp1p2p/3q1p1b/3p2p1/2P1P1bP/2N2P2/PP1PQ1PR/R1B1KBN1 w Q - 3 8,3
rnbqk2r/3pb2p/p3p2n/1pp3B1/6PP/PP1P1N2/2P1PP2/RN1QKB1R w KQkq - 0 11,3
r1b1kb1r/p1ppqp1n/6pp/1pN1p3/Pn1P3N/1P5P/2P1PPP1/R1BQKB1R w KQkq - 2 10,3
1nbqk1nr/rpp1ppbp/p5Q1/3p2p1/4PP2/N6P/PPPP2P1/R1B1KBNR w KQk - 0 7,3
rnb2bnr/1p1kq1pp/3p1N2/p1p1p3/P2P2P1/5N2/1PP1PPBP/1RBQK2R b K - 0 10,1
rnb1kbnr/ppqp1p1p/8/1Np1p1p1/1P6/4P1P1/PBPP1PBP/RQ2K1NR w KQkq - 0 9,3
r1bqkb2/p1pppp1p/1pn3rn/6p1/P1P1P3/5N2/1PNP1PPP/R1BQKB1R w KQq - 3 7,0
rnb1kbnr/2q1p2p/1ppp2p1/p4P2/P2K1P2/7B/1PPPP2P/RNB2QNR w kq - 0 12,0
r1bqkb2/3ppppr/3p4/pP5p/2PPn1P1/1P2PP2/2n4P/RN1QKBNR w KQq - 1 13,1
rnb1k1nr/pp2qpp1/3pp2p/2p5/P1PP1P2/bPN4N/4P1PP/R1BQKB1R b KQkq - 0 7,3
rn1qkb1r/1bpppppp/5n2/p7/Pp4P1/2P5/1P1PPP1P/RNBQKBNR w KQkq - 1 7,2
r1bq1bnr/p1pppk2/1pn5/5ppp/P4PP1/BPN4N/2PPP2P/R2QKB1R w KQ - 3 8,3
rBb1kbr1/2pqp1p1/7p/pp1p4/4P1n1/N2P3P/PPP3P1/1RQK1BNR b - - 0 13,3
rnbq1b1r/1ppppkpp/p4p2/3n4/PPP5/N5PN/R1QPPP1P/2B1KB1R b K - 0 8,2
1nb1kbnr/Bppp1ppp/r3p2q/p7/1P6/N7/P1PPPPPP/R2QKBNR b KQk - 7 6,3
rn2kb1r/1p1qpp1p/p1pp1np1/8/1PB1P2P/7b/P1PPKPP1/RNBQ2NR b kq - 1 8,3
1rb1kbnr/p1pp1p1p/1p3qp1/4p1B1/8/N1PPPNP1/PPn2PBP/R3K1R1 w Qk - 0 11,1
rn2kbnr/1pq1p1pp/p1bp4/2p2p2/1PP1N1P1/P7/3PPP1P/RNBQKB1R w KQkq - 1 8,3
rnbqkb2/1p1pppr1/p1p2npp/8/5P2/1PN5/P1PPK1PP/R1BQ1BNR w q - 0 10,0
rn3bnr/pq1p2kp/b1p1p2p/1p3PB1/1P3P2/2PP1N1P/P5P1/RN2KB1R w KQ - 0 13,3
1nb1q1n1/rp1pkp1r/p1p1p1pp/2N5/1PB1PP2/b1P5/P1QP2PP/1RBK2NR w - - 7 13,3
1rbqnbr1/p1pp1ppp/n2k4/1B2p3/p2P4/1PN1P2N/2P2PPP/R1BQ1KR1 w - - 7 13,3
r1b2bnr/ppk1q2p/2pp1pp1/4N1P1/1n1N4/7P/PPPPPPB1/1RBQK2R w K - 1 11,3
r1b2Bnr/p3pk2/n1pp1p2/Pp4p1/P2P1P2/6P1/2PKP1BP/RNQ3NR w - - 1 13,3
rnq2bnr/p2ppk2/b7/Q1p2ppp/2p1P2P/6PB/PP1P1PNR/RNBK4 b - - 1 13,3
rnb2b1r/ppp2p1p/4p1p1/3pk3/Q1P3nP/2NPP3/PP1K1PP1/R1B2BNR b - - 4 12,3
1nb1kbnr/1pq1p1pp/r1p5/p2p1p2/3N1P2/P3P1P1/1PPP3P/RNBQKB1R b KQk - 3 8,3
rq3b1r/p1pkpp1p/b2p3n/1p1P4/1PP5/2Q1BP1N/n3PKPP/RN3B1R b - - 2 11,3
rnbqk1r1/pp1p1p2/2p1pnpp/8/3P1P2/b3P1PP/PPP4R/RNBQKBN1 b Qq - 0 8,2
1rb2b1r/p4k1p/np1ppNp1/2p2p2/1P4Pq/3PB3/P1PQPP1P/RN2KB1R w KQ - 1 12,3
1rbqkbnr/ppppp1p1/5p2/7p/3P2Q1/5N2/PPn1PPPP/RNB1KB1R w KQk - 0 7,1
r3kbr1/2pqpppp/1p2P3/p2p1B2/1P4n1/2N4N/1PPP1P1P/R1BQK2R w KQ - 0 13,3
1rbqkbn1/p2pp3/np3ppr/7p/Q1p1P2P/NPP4N/P2P1PPR/RBB1K3 b Q - 3 12,2
rnbqk1nr/ppppb1p1/4ppP1/7p/8/5P1P/PPPPP3/RNBQKBNR b KQkq - 0 7,0
1nbqkbnr/rp1pp1p1/p1p5/5p1p/4P1PP/2P2P2/PP1P1K2/RNBQ1BNR b k - 0 7,3
rnbq3r/1p1p1kp1/B1p1p3/p1b2P1p/1P6/P1P1nP2/3PN2P/RNBQK2R b KQ - 0 13,3
r2qkbnr/1bp1p1p1/3p1p1p/pp2n3/P1P3P1/NQ1P3P/RP1KPP2/2B2BNR b kq - 0 13,3
r1b1kbnr/p1p1p2p/n5q1/1p3ppP/2Pp1B2/NP1P1PPR/P3P3/R2QKBN1 w Qkq - 0 11,3
2bqkb1r/r2p1ppp/1pn2n2/p1p1p3/2P3P1/N3PP1B/PPQP3P/R1B1K1NR w KQk - 1 8,0
r1bqkb1r/1p1pp2p/n1p4n/p4pp1/P4P2/N6N/RPPPP1PP/2BQKB1R w Kkq - 2 7,0
r1bqkb1r/p1p1p1pp/1pn2n2/3p1p1P/2PP4/6PR/PP2PP2/RNBQKBN1 w Qkq - 0 7,2
rnb2bnr/ppqk4/3p1ppp/1Pp1p3/3NP1QP/P7/1BPP1PP1/RN2KB1R b KQ - 1 9,1
rnbq1bnr/p1p1p1p1/2Pp2k1/1p5p/QP3p1P/B4P2/P2PPKP1/RN3BNR w - - 0 10,3
rn1k1bnr/pp1qppp1/3p3p/P4b2/RPp2N1P/3P1P2/2P1P1P1/1NBQKB1R b K - 0 9,3
r1b1kb1r/pp3ppp/n1p5/3ppnq1/1P3N2/2P3P1/PBQPPPBP/RN2K2R b KQkq - 5 8,3
2bqkb1r/3ppppn/rp6/p5B1/2p3P1/2NQ1N1P/PPP1PP1R/R3KB2 b Qk - 1 12,3
rnbq2nr/pppp1kp1/7p/2b1pp2/P1P2P2/1PN3PP/3PP3/R1BQKBNR b KQ - 0 7,3
r1bqkbnr/p3p1pp/np6/2pp1p2/3P1P2/2N1B3/PPP1P1PP/R2QKBNR w KQkq - 0 6,3
rn2kbnr/ppp2ppp/3p3P/4p1q1/P1P5/1P6/3PPPP1/RbBQKBNR b KQkq - 0 6,3
rnb3r1/1p1pk2p/p1p1pppn/P1P4P/1B3P2/3P4/1P1KP1B1/RN1Q2NR b - - 0 13,0
rn1qkb1r/p4p1p/bppppn2/8/1P2P1p1/N5P1/P1PP1P1P/R1BQKBNR w KQkq - 0 9,3
r1bq1b1r/p1pkpppp/4n2n/1p1p4/4P3/N1P3PB/PP1PQP1P/R1B1K1NR b KQ - 4 8,2
rnq1kbnr/3pp2p/1Np3p1/p2b1p2/7P/2P1PNP1/PPQP1P2/1RB1KBR1 b k - 1 12,3
r1bqkbn1/2pppppr/1pn4p/p7/2P4P/NP3N2/P2PPPP1/R1BQKB1R w KQq - 2 6,0
1nb1kbnr/1pq1pppp/2pQ4/p7/2P5/3P3P/PP1KBPP1/RN4NR b k - 0 11,3
rn1qk1nr/4p2p/3p1p1b/ppp3p1/1PP1P1PP/5B2/P1bP1P1N/RNBQK2R w KQkq - 1 12,3
r1bqkb1r/ppppp2p/n5pn/5p2/1P5P/N1P2N2/P2PPPP1/R1BQKB1R w KQ - 0 7,0
r1bqkbr1/1ppppp1p/2n2nP1/p7/2P1P3/7P/PP1P2P1/RNBQKBNR b KQq - 0 6,3
r1bqkbnr/pppppp1p/n7/3P4/5p1P/P5P1/1PP1P3/RNBQKBNR w KQkq - 0 7,2
r2qkb1r/1bppp1pp/n7/pP6/P2PPpnP/8/1PQ1BPP1/RNB1K1NR b KQkq - 3 10,3
rnbq2Qr/2pkpnb1/p4p2/3p2N1/PpPPP3/1P6/3B1PPP/RN2KB1R b KQ - 4 12,3
r1b1k1nB/pp1p1p2/n5pb/2p1p1Pp/1PPq3P/5N2/P2PPPR1/RN1QKB2 w Qq - 1 13,3
rnb1k2r/p1qp1ppp/1pp1pQ2/8/1b2N1n1/4P1PN/PPPPKP1P/R1B2B1R b kq - 6 8,3
r2qkbnr/p3pppp/8/3p1b2/P1p2P2/R1P1P3/1P1P2PP/1NBKQ1NR b - - 4 11,0
rnbq1b1r/1ppkp2p/p2p1p1B/6pn/7P/1PPPP2N/P4PP1/RN1QKB1R w KQ - 0 8,3
r4bnr/1p1k2pp/n2pp3/p1q2p2/Pp3P2/N1P4N/1B1Pb1PP/1R1QKB1R w - - 2 13,3
r1bqk1nr/pp1p2pp/n1p2p2/2b2p2/4P1P1/P6P/1PPPK3/RNBQ1BNR w kq - 2 9,2
1nbbk1nr/rp1p4/1Qp1pp2/P5pp/P1PP4/4P3/4BPPP/RNB1K1NR b KQk - 0 11,3
rn2kbnr/p3ppp1/2qpb3/2p5/p1PPP1Pp/N4P1B/1P2K2P/1RBQ2NR w kq - 0 12,3
r2qkbnr/4p1pp/p1pp2b1/p7/P2N2P1/1P2pP2/2PP3P/R1BQK1NR w KQkq - 0 13,3
r1bqkbr1/ppp1ppp1/P1n5/3p1n1p/1P6/R2P4/2P1PPPP/1NBQKBNR w Kq - 0 9,2
r1bq2n1/pp1ppk1r/1P4pp/2pP1p2/2P4P/8/P2PBPP1/RNbQK1NR w Q - 0 13,3
r2qk1nr/1pn1b1p1/p2p1p2/4p2p/2b1PP2/PPP4P/3P2PR/1RBQKBN1 b kq - 0 12,3
rn2kbnr/pp2pppp/8/2pp4/PP2PN2/7b/R1PP1PPq/1NBQKB1R b Kkq - 2 7,3
1nbqkb1r/rpp1pp1p/p2p3n/4P3/6p1/1P3P1P/P1PPB1P1/RNBQK1NR w KQk - 0 7,3
rnb4r/pp1p1kp1/2p1p3/3n1P2/2q5/b6P/1PPPBPPR/RNB1K1N1 b Q - 0 13,3
1rbq3r/pppkp1bp/6p1/2np3n/P2Np1P1/1P1PPP2/2P4P/R1BQKBR1 b - - 0 13,3
rnbq1bnr/pp1p2pp/2pkpp2/8/1P4P1/2P2P1P/P2PP2R/RNBQKBN1 b Q - 1 6,0
rnbq2n1/p1p1kp1r/3p4/2b1p1p1/3PPNPp/2N5/PPP1BP1P/R1BQK2R w KQ - 2 10,3
r1bqk2r/p1p2ppp/np3n2/3pp3/P2PP3/b2Q1P2/1PP3PP/R1B1KBNR w KQkq - 0 7,3
rnq2bnr/5kp1/ppppp2p/5b2/8/P1NBPPP1/1PPP3P/1RB1K1NR b K - 0 11,0
rnb3nr/pppkb1pp/3pp2B/5p2/3P3P/1P3P2/P1PQP2P/RN2KBNR b KQ - 0 7,3
rn1k3r/2qbppb1/1Qpp1N1n/pB4p1/4P3/2PP3P/PP3PP1/RNB2RK1 b - - 2 13,3
rnbqkb1r/2pppp2/p4n2/1p4pp/7P/N1P2P2/PP1PP1P1/1RBQKBNR w Kkq - 0 6,3
rnb1kb1r/pp2p1pp/2p5/3p4/1PP1Pp1N/N2P3P/P2Q1n2/R1B1KBq1 w Qkq - 1 12,3
rnbqkb2/p2p1p1r/6pP/1pp1p3/P3nP2/4P2N/1PPP3P/RNBQKB1R w KQq - 2 11,3
rn1qkbnr/1bpppppp/8/pp3P2/1P6/N7/P1PPP1PP/R1BQKBNR b KQkq - 4 6,3
rnbqkb1r/pp1p1p2/2p3p1/4p2p/7P/5BP1/PPPPPn2/RNBQK1NR w KQkq - 0 8,3
r1b1kbnr/3pp1pp/p1p5/1pnB1p2/6P1/P2P3N/1PP1PPKP/RNBQq2R b kq - 5 9,3
1nbq1b1r/1pkp1Q2/r4n1p/p1P1p1N1/P1B1P3/8/1PPBKPPP/RN5R b - - 0 13,3
rn2kbnr/p3p1Bp/3pq3/2p2p2/pP2P3/7b/2PPNPPP/RNQ1KB1R b KQkq - 0 9,3
rnbqk2r/2pp1pbp/4pn2/ppP3p1/B7/N3PQ1P/PP1P1PP1/R1BK2NR b q - 2 11,2
r1b1kb1r/ppppnppp/2n1pq2/8/8/P3PNP1/1PPP1P1R/RNBQKB2 b Qkq - 2 6,3
rn1qkbn1/p1p1p1pr/1p1pbp2/7p/2PP2P1/6RN/PP2PP1P/RNBQKB2 w Qq - 0 7,2
1rbqkb1r/p1p1pppp/n7/1p1p3n/2P5/2N3PP/PP1PPPR1/R1BQKBN1 b Qk - 2 7,3
r1bq1bnr/npp1pkpp/8/pB3p2/PPp2P2/R3P3/3P2PP/1NBQK1NR w K - 0 9,3
rnb1qbnr/1ppp1kpp/p7/4pp2/2N5/P2P3P/1PP1PPP1/1RBQKBNR b K - 5 6,0
r1bqk1nr/3pp1bp/2n3p1/p4p2/3P4/2p2P2/3NP1PP/R1B1KBNR w KQkq - 0 11,3
rn2kbr1/p1qp2pp/1pp1pn2/B2P1P2/5PP1/3b4/PPPQN2P/RN2KB1R b KQq - 2 11,3
1rb1k1nr/ppp1bp1N/3pp2p/6P1/2P4P/N2nK2B/Pq2PP2/R1BQ3R b k - 2 12,3
r2qkbnr/ppp1p1R1/5p1p/5b2/N3p3/1P3P2/P1PPPK1P/R1BQ1B2 b k - 0 11,3
rn1q1bnr/p3pkp1/2p2p1p/1p1p4/2PP2b1/N4P1N/PP1KP1PP/R1B1QB1R b - - 2 8,3
r2qkb1r/pb3p1p/1P1p1n2/2p1p1p1/P5P1/1P1P1P1P/1B1P4/RN1QKBNR b KQkq - 0 11,3
rn1qkbnr/2pppp1p/p7/1p4p1/b4PPP/P1P5/1B1PP3/RN1QKBNR w KQkq - 0 9,3
rnbqkbnr/1pp1p1p1/8/p2p1p1p/3N3P/P7/RPPPPPP1/1NBQKB1R w Kkq - 0 6,0
rnbqkb1r/p1p1pp1p/1p6/3p4/2BPPpP1/8/PPPK2P1/RNBQ2NR w kq - 0 10,3
1n2kb1r/2pqp3/r2p3p/p4ppn/1p4b1/BPPPQP1P/P3P1B1/RN2K1NR b KQk - 0 13,3
rn1k1b1r/1pp1pp1p/p1B3pn/3p4/P7/1P2P2b/2PP1PPR/RNBQK1N1 b Q - 0 9,3
rnb4r/pppqkp1p/3pp1pn/2b5/2PP4/4P1PP/PP2QP2/RNB1KBNR w KQ - 1 9,0
rn2qb2/pbpkpppr/3N3n/3p3p/1p1P4/1P3P1N/P1P1P1PP/R1BQKB1R b K - 5 13,3
rnbk1bnr/pp2p1p1/5B1p/2pp4/2B3P1/NP2P3/P1PPK1PP/R2Q2NR b - - 0 10,3
1rbqk1nr/1p1p1p1p/2p5/4p1p1/pb1nP3/PPPB3N/3P1PPP/RNBQK1R1 w Qk - 2 12,3
r1bqkb1r/pp1pppp1/n7/nP5p/P7/B2P2P1/R1P1PP1P/3QKBNR b Kkq - 4 10,3
rnbqkb1r/p1p1pppp/5n2/8/1p1p1N2/P4PP1/RPPPPK1P/1NBQ1B1R w kq - 0 8,0
1rbqk1nr/1p1pbp1p/8/2p1p1p1/p2nP1PP/N4B2/PPPPQP2/R1B1K1NR w KQk - 1 10,3
r1bqkb1r/ppp2p1p/4p1p1/2n1n3/P1Np1P2/1P1P3N/2P3PP/1RBQKB1R w Kkq - 2 10,0
2bqkbnr/r1pppp2/2n5/p5pp/1p4P1/P3P2P/1PPP1P1R/RNBQKBN1 w k - 0 9,3
r1bqk2r/2pp1ppp/1pn1p2n/p6B/1b2P3/N7/P1PP1PPP/R1BQK1NR w KQkq - 0 7,0
r3kbnr/ppp4P/2npb3/2P1ppq1/1P6/7P/P2PP1P1/RNBQKBNR b KQkq - 0 8,3
1nbq1bnr/r1pkpp1p/1p6/p2P1Pp1/1P1PPB1P/8/P5P1/RN1QKBNR w KQ - 1 12,3
rnbqkbnr/p1p1p1pp/8/1p3p1P/P2p4/5P1N/1PPPP1PR/RNBQKB2 w Qkq - 1 7,0
2b1kb1r/rpp4p/2n1p1pn/p2p1p2/PP1P1P1q/2P1P1P1/3B2B1/RN1QK1NR w KQk - 0 12,3
1n1qkb1r/1bp1pppp/rp6/p2p3n/5P2/1PNP4/P1PBP1PP/R2QKBNR b KQk - 5 9,0
r1bqkbnr/p1p3pp/3ppp2/1pn5/5PP1/1PP1P2N/PB1P3P/RN1QKB1R w KQkq - 0 8,0
rn1q2nr/1b1ppk1p/5p1b/pNp3p1/1P4P1/2PPPP2/PB1K3P/R2Q1BNR w - - 1 12,3
rnb1kbnr/qp1pp2p/2p2p2/p7/1P4p1/2N2NP1/PBPPPP1P/R2QKB1R b Qkq - 1 10,3
r1bqk1n1/1pppbp2/p3p3/4P1pr/PP1P2P1/8/2PBP2P/RN1QKB1R b KQq - 0 10,3
rnbqkb1r/p1pppp1p/1p3n2/1B4p1/1P6/N3P3/P1PP1PPP/R1BQK1NR w KQkq - 0 6,0
r1bqkbr1/p1pppp1p/1pn2n2/6p1/2P5/3P1PPP/PP1QP3/RNB1KBNR b KQq - 0 6,0
rnb1kbnr/4p1pp/2pp4/p2N1p2/pPPP2P1/6qP/4PP2/R1BQKBNR w KQkq - 0 10,3
rnb1kb1r/p1p1pppp/1p5n/3p2q1/3P4/N7/PPP1PPPP/1R1QKBNR w kq - 1 8,0
rnbqkbn1/pp1p2pr/2p1pp2/7p/5PPP/PP2P3/2PP4/RNBQKBNR b KQq - 0 6,3
1rbq1b1r/p1pk1p1p/2np3n/1p2p1p1/1P1P4/P2BP2Q/2P2PPP/RNB1K1NR b KQ - 3 9,1
r1bqkbn1/pppppp1r/7p/5Pp1/1n2Q3/2P1P3/PP1P2PP/RNB1KBNR b KQq - 0 6,2
rnbqkbnr/p1p1p3/Bp1p1pp1/7p/3NP3/PPP5/2QP1PPP/RNB1K2R w KQkq - 0 9,2
rnb1kbnr/pp2p3/2p4p/6p1/q2p3P/NPPP2p1/4PP2/R1BQKBNR b KQkq - 0 11,3
1r1qkb1r/1pp1pbpp/p2p2nn/1N4p1/2PP3P/P7/1P1QPPP1/1R2KBNR w Kk - 1 12,3
r1bqkb1r/ppppn1p1/5p2/2n1p2p/1P1P1P2/2P1B2N/P3P1PP/RN1QKB1R b KQkq - 2 7,3
r1bqkbnr/pp1pp1pp/2p5/5p2/1nPP4/N4P1P/PP1BP1P1/R2QKBNR w KQkq - 1 7,0
r3kbnr/2p1pppp/b2q4/pp1pn3/PPPP2P1/N2Q3B/1B2PP1P/R3K1NR b KQkq - 3 10,3
rnbqkb1r/1p1pp2p/5np1/p1p2p2/8/1P2PNPP/P1PP1P2/RNBQKB1R w KQkq - 0 6,0
1r1qkbnr/p4p2/n1ppb3/1p2p2p/4P1QR/1PNP2P1/P1P2P2/R1B2KN1 b k - 0 12,3
rn1qkbnr/1p2p1pp/3p1p2/p1p5/1PP1P3/7b/PB1P1PPP/RN1QKBNR w KQkq - 0 7,3
r1bqkbnr/pppp2p1/2n2p2/4pP1p/2PP2P1/1P6/P3P2P/RNBQKBNR w KQkq - 1 7,3
r1bnkbnr/p2p2pp/8/1pp1pp1P/7R/P2PP1P1/1PP2P2/RNBQKBN1 b Qkq - 0 8,0
4kbnr/r2pp3/bq4pp/pNp2p2/1nPP3P/1P3N2/PR2PPP1/2BQKB1R w Kk - 2 12,3
1rbq2nr/2Npkppp/ppn5/1B2p3/8/bP2P3/P1PP1PPP/RNBQK2R w KQ - 0 8,3
rn1qkbnr/1p3ppp/4p3/pbpp4/NP5P/P2P1N2/2P1PPP1/R1BQKB1R w KQkq - 1 8,3
1nbqkb1r/rppp2pp/p1n5/5p2/1PP1p2P/4PNP1/P2PKP2/RNBQ1B1R w k - 1 13,3
rn1qk2r/2p1ppbp/pp1p4/5bp1/2PQPP1P/NP6/P3P1P1/R1B1KBNR w KQkq - 3 9,3
rn1qkb1r/ppp2ppp/3p1n2/4p3/3P4/1bP1P3/PPQB1PPP/RN1K1BNR w kq - 7 7,3
2bqkbnr/rpppp2p/8/p3npp1/1P4B1/N3PN2/P1PP1PPP/R1BQK2R w KQk - 3 9,3
rnbq3r/4pkb1/p2p1np1/1pp2p1p/2P2PP1/NQ1P3P/PP1BP2R/1R2KBN1 w - - 2 12,3
rnbqkbnr/1p2pp2/2pp2pp/p6P/5P2/4P3/PPPPQKP1/RNB2BNR w kq - 1 8,0
1nbqkb1r/rppppp1p/7n/p5p1/4P2P/8/PPPPNPPR/RNBQKB2 w Qk - 2 6,0
2bq1bnr/1ppkp2p/r1n3p1/1P3pP1/p2pP2P/3P1Q2/P1P2P2/RNBBK1NR w KQ - 1 11,3
rnbqk2r/pp1pppb1/6pn/2pP3p/8/1P2P3/PBPQNPPP/RN2KB1R b KQkq - 0 7,2
rnb1kbnr/pp1p3p/4ppp1/2p5/2B3PP/3PP3/PP1PKP2/RNBQ2NR b kq - 0 8,0
rnb1kb1r/1p1ppp1p/p1p5/qP4p1/P5P1/2PP1P2/5P2/RNBQKBNR b KQkq - 2 9,3
1nb1kbnr/1B1ppppp/2p5/8/1P1PP3/6q1/2P2P1P/rNBQK1NR b Kk - 1 11,3
r1bk1b1r/ppq3pp/n6n/2p2p2/1P1pp3/2P1PNP1/P1QP1PBP/RNB1KR2 w Q - 0 12,3
1nbqkb2/r1pp1ppr/1p5n/p3p2p/P1PP4/2N3PB/1P1KPP1P/R1BQ2NR w - - 2 8,3
r1b1kbn1/pp1pqp2/n6r/2p5/3Pp2p/N3Q1PP/PPP1PPB1/R3K1NR w KQq - 0 12,3
rn1qkb1r/pb1ppp2/2p3pp/1p6/2P3n1/2NPP2P/PP2NPP1/R1BQKB1R b KQkq - 2 8,3
rnb1k1nr/3p2pp/p1pb1p2/qp2p3/3P2P1/P1P5/1PQKPP1P/RNB2BNR b kq - 0 9,3
rn2kbnr/p2p1ppp/b1p1p3/1Q4B1/6q1/3P3N/PPP1PPPP/RN1K1B1R b kq - 4 7,3
r1bqkb1r/1p1ppp2/2p5/pB3Qpp/1P1P4/BP2P1nP/P4PP1/RN2K1NR b KQkq - 1 12,3
rnbqkb1r/1p1p1np1/4p3/2p2p2/p2NPP2/3K3Q/PPPPB1PP/RNB4R b q - 1 13,3
rn2kbnr/pp2pp1p/4b3/1Ppp2p1/4N1P1/1Q5P/PP1PPP1R/R1B1KBN1 b Qkq - 0 8,3
rnb2bnr/ppp1kppp/3p2q1/1N6/4pB1P/P2P4/1PP1PPP1/R2QKBNR w KQ - 0 7,3
r3kb1r/p1p1Np1p/1p1p3n/1P4p1/5P2/6B1/P1PP1nPP/1R1QKB1R w Kkq - 0 13,3
r1bq1bnr/ppppp1p1/n4k1p/5p2/4P2N/N2B4/PPPP1PPP/R1BQK2R b KQ - 1 6,0
r1bqk1nr/pppp1p2/2n3Q1/4p1p1/1b6/2PP3P/PP2PPP1/RNB1KBNR w KQkq - 0 7,3
rnbq1bnr/3kpp1p/1p1p4/p1p3p1/P1P5/2N2N1P/RP1PPPP1/2BQKB1R b K - 0 7,2
rnb1kbnr/p1qppppp/1p6/2p5/P5P1/RPN4B/2PPPP1P/2BQK1NR b Kkq - 4 6,0
rnbqkbn1/pNp1p2r/1p3pp1/3p4/8/2N1P1Pp/PPPPBP1P/R1BQK2R w KQq - 0 10,3
rnbqk2r/ppppp2p/Q5pn/5p2/5b2/P1P4P/1PK1PPP1/RN3BNR w q - 2 11,3
r1bqkb1r/pppppp2/n4n1p/4N1pP/2P1P3/8/PP1P1PPR/RNBQKB2 b Qkq - 4 7,3
r2qk2r/pbpppp2/5n1b/1B4p1/1n6/4P2P/PPPP1PP1/RNBQ1K1R w kq - 1 11,0
1rbqkbnr/pp1ppp1p/n1p3p1/1P6/P1P5/3P1P1P/1BQ1P1P1/RN2KBNR b KQk - 4 9,3
r1b1kbn1/1p2pppr/p1p4P/3p4/1Pn5/N1PP4/P1K1PP1P/R2Q1BNR w q - 1 11,3
rq2kbnr/p1p4p/n1b1p3/1p1p1Pp1/P2P4/NPP2P1B/2Q1P2P/R1B2KNR b kq - 3 12,3
rnb1kbnr/4pp2/p1p3p1/1pNp3p/2q3P1/P2PP2N/1P3P1P/1RBQKBR1 w kq - 0 12,3
1r1qkbnr/ppp1p1p1/3p4/5p1P/2bPnP2/NPP4B/PB2P2P/R2Q1KNR b k - 0 12,3
rn2kbnr/p1p1p3/q2p2p1/1p3p1p/PP1P2P1/1bP2P1P/R3PK2/BN1Q1BNR b kq - 1 12,3
1r2kb1r/p1pqpp1p/np1p1n2/1P4p1/1R1PP3/5P1b/P1PN2PP/2BQKBNR b Kk - 4 9,3
rn1qkbnr/2p1pppp/8/pp6/1P1pP1b1/2PP4/P3KPBP/RNBQ2NR w kq - 0 8,1
r1bq1bnr/1pp1ppp1/B2k3p/n2pN3/3P1P2/4P3/PPP3PP/RNBQK2R b KQ - 0 9,3
rn1qk1nr/p4pbp/1p1pb3/1Pp1p1N1/2B1P1P1/N4Q1P/P1PP1P2/R1B1K1R1 w Qkq - 1 12,3
1rbqkbnr/p1p1p1pp/1p6/3p1p2/1nP4P/3BP3/PP1PQPP1/RNB1K1NR b KQk - 4 7,3
rn1qkbnr/ppp2p1p/3p2p1/4p3/1PP3b1/B3P1P1/P1QP1P1P/RN2KBNR w KQ - 1 8,0
rnb1k1nr/ppp1bpp1/3qp3/3p3p/P3P3/2P2PP1/1P1P3P/RNBQKBNR w KQkq - 1 6,0
rnbqkb1r/pp3pp1/2p5/3ppP2/1P2P2p/P4P1N/2PP3P/RNBQKB1R b KQkq - 0 8,3
rn1q1bnr/p2p1k1p/bp4p1/2p1p3/8/N3PPP1/PPPPQ2P/R1B1K1NR b KQ - 0 9,0
rn2kb1r/p1pqp1p1/1p3p2/1P1p3p/4P3/B1NP2Pb/P1P1KP1n/R2Q1BNR w kq - 2 10,3
rnb2bn1/p2pp1p1/q1B1kp1r/7p/4P2N/5P1P/PPPP2PR/RNBQK3 b Q - 0 10,3
rnb2bkr/p2p2pp/1qp1pp2/1p2NP2/1P6/N4P2/P1PPP2P/1RBQKB1R b K - 0 10,3
rnb1kbnr/pp1pppp1/2p4p/7Q/5P2/1q2PN2/PPPP2PP/RNBK3R b kq - 3 6,3
rnb1k1nr/pp1p4/1qp1pppb/7p/3P1P2/4P1N1/PPP3PP/RNBQKB1R w KQkq - 1 8,0
rnb1k2r/pppp1p2/4p2n/6pp/2P1P3/N1b1Nq2/PP1P1PPP/1RBQKB1R w Kkq - 6 9,3
rnb1kb1r/pp1pp1pp/1q5n/1p3p2/4P3/7P/PPPPNPP1/RNBQK2R w KQkq - 2 6,2
rnbk1bnr/pp1pp3/2p5/1P3ppp/2P5/P2Pq3/3K1PPP/RNBQ1BNR w - - 0 8,1
rn1qk1n1/1p1b1pb1/2Q5/p1ppp1p1/3PP2r/P1P4N/1P2BPPP/RNB1K2R b KQq - 1 11,3
rnbq2n1/ppppkpp1/5r2/4p2p/Bb4Q1/4P2P/PPPP1PP1/RNBK2NR b - - 7 8,3
rn1qk2r/1b1p1p2/p1pbp1pn/1p1B4/6Pp/P1N1P3/RPPPKP1P/2BQ2NR b kq - 1 12,3
r1b1kbn1/p1pp2p1/np2p2r/5pPp/2P5/BPN2N2/P2PPKBP/R2Q3R b q - 1 11,3
rnbqk2r/1pp1p1bp/5ppn/p5P1/4p2P/2NQ2R1/PPPP1P2/R1B1KBN1 b Qkq - 1 10,3
r1bqkb1Q/2pp1p1p/p5p1/n5B1/P2P4/NP5n/2P1P1PP/R3KB1R b KQq - 2 13,3
r1bqkbnr/ppppp1pp/8/2n2p2/5B2/2PP1P1N/PP2P1PP/RN1QKBR1 b Qkq - 3 6,0
rnbqkbnr/1pppp3/p4ppp/8/1P6/NRP2P2/PB1PP1PP/3QKBNR b Kk - 2 7,0
rnbqkb1r/ppp1pppp/5n2/3p4/2P4P/1QN5/PP1PPPP1/R1B1KBNR w KQkq - 4 6,3
1rbqkbnr/1ppp2pp/p1n1p3/Q4p2/8/3P1NP1/PPP1PP1P/RNB1KB1R w KQk - 0 6,3
rnb1kbnr/1ppp2pp/p3p3/5p2/1P4P1/2N2N2/P2PPP1P/q1BQKB1R b Kkq - 1 7,3
1nbqkbnr/r1p1pp1p/p7/1p1P2p1/3P1Q2/7P/PPP2PPR/RNBK1BN1 b k - 2 8,3
r1b1kbnr/1pqppppp/8/p1p5/P2n4/2P4P/1P1PPPP1/RNBQKBNR w Qkq - 1 6,0
rnb1kbnr/p2p4/B1p3p1/4pp1Q/q6P/4PNP1/PPPP1P2/RNB1K2R w KQkq - 0 11,3
rnbqkbnr/pp1ppp2/2p5/6pp/PP3P2/6PN/1BPPP2P/RN1QKB1R b KQkq - 1 6,2
rnb1kb1r/4ppp1/p1q4p/1p1p1P2/2p2P2/1PP3P1/P2PB2P/RNBQK1NR b KQkq - 0 11,3
r1bqkbnr/p1pnp1p1/1p1p1p2/2P4p/P3P3/1P6/3P1PPP/RNBQKBNR w KQkq - 0 6,3
r1b1kbnr/1p1qppp1/8/pn1p2Np/2p5/1PP1PPP1/P2PQ2P/RNB1KB1R b KQkq - 1 10,3
rnbqkbn1/1pppppp1/8/p6P/7P/1NNP4/P1P1PPB1/RrBQK1R1 b Qq - 2 12,3
rnb2b1r/pp1pnkpp/5p2/q1p1p1P1/PP6/3BPP2/2PP3P/RNBQK1NR b KQ - 0 9,3
1nbqkbnr/2pppp2/6rp/p5p1/pPP2P2/R3P3/3P1KPP/1NBQ1BNR w - - 7 12,3
r1bqk1nr/p2p1ppp/2p1p1n1/1p1P2B1/1b2P3/2Q4P/PPPNNPP1/R3KB1R b KQkq - 1 10,3
rnq1kb1r/1p2pppp/p1p5/3p1b2/1P6/1N1P3P/P1P1PKP1/R1BQ1BNR w kq - 0 11,0
rnb1kq1r/p1pp1ppp/1p1bp2n/8/P1P4P/N5P1/1P1PPPB1/1RBQK1NR w Kkq - 3 8,0
1rbq2nr/Npppk3/n3p1pp/5p2/P7/1PbP4/1BP1PPPP/R2QKBNR w KQ - 1 10,1
r1bqkbnr/ppp1p1pp/2np4/8/P3P1QP/8/1PPPBP2/RNB1K1NR w KQkq - 0 7,3
rnbq1b1r/p2ppkpp/1pQ5/4pn2/6P1/5N2/PPPP1P1P/RNB1KB1R w KQ - 0 9,3
1rbqkb1r/1ppp1p2/p1n1pNpp/3P4/1P1Q1Nn1/8/P1P1PPPP/R1B1KB1R b KQk - 1 11,1
r1bqkb1r/ppppp2p/2n3p1/2Pn1pN1/P7/8/1P1PPPPP/RNBQKB1R b KQkq - 0 6,0
rn1qkbnr/2pp3p/pp3pp1/4p3/1P1P1P2/P4bPN/2P1P2P/RNBQKB1R w KQkq - 0 8,3
r1bqkb1r/1ppppp1p/n7/3n1Qp1/6P1/1P6/P1PP1P1P/RNB1K1NR w KQkq - 2 8,3
r1b1k1nr/p2p2pp/nppPpp2/8/6PP/1P5R/P2PPP2/R1BQKBN1 w Qkq - 0 11,0
rnbqkbr1/2p3pp/p7/1p1ppp2/P7/4P2P/1PPP1nN1/RNBQKBR1 w Qq - 0 11,3
r1bqkb1r/p1p1pppp/np6/3p3n/P7/1PP2N2/R2PPPPP/1NBQKB1R w Kkq - 0 7,0
2bqk2r/2ppnppn/r2b4/pp2p2p/P1PQP3/1P6/3P1PPP/RNB1KBNR w KQk - 1 13,3
rn1qk2r/p1pbbp1p/3pP1p1/8/Pn4P1/2P5/1P1PP1BP/RNBQ1KNR b kq - 0 11,3
r1b1kbnr/1pq1p1pp/p2p1p2/2p1n3/2N3P1/4PQ2/PPPP1P1P/R1B1KBNR w KQkq - 2 8,3
r1b2b1r/p1p1k1pp/np1pPn1q/8/Q1P4P/5P2/PP1PP2R/RNB1KBN1 b Q - 0 13,3
rq2kbnr/p1ppp1p1/np3p2/3b3P/1P6/2P2P2/P2PP2P/RNBQKBNR b KQkq - 0 8,3
rnb1kbnr/p2p3p/5pp1/1pp5/QPPp1PqN/4P3/P5PP/RNB1KB1R b KQkq - 1 9,3
rnb1kbnr/p2pNppp/2p5/1pq1p3/1P5P/3P3N/P1P1PPPR/R1BQKB2 b Qkq - 5 8,3
rn1q1b2/pp2kppr/2p2n2/8/BP1BppQp/P1P4b/3P2PP/RN2K1NR b KQ - 1 12,3
rnbqkbnr/2p1p3/pp3ppp/3p1P2/1P1P4/2N5/P1PKP1PP/R1BQ1BNR w kq - 0 10,3
2bqkbnr/r1pppppp/p7/1p6/1n2P1P1/1PP4P/P2P1P2/RNBQKBNR w KQk - 1 6,3
rnbqkbnr/p1p1p1pp/1p3p2/3p4/2P2P1P/1P6/P2PPKP1/RNBQ1BNR b kq - 0 6,0
rnbq1bnr/pp1p4/4ppkp/1Qp3p1/8/N1P1P3/PP1P1PPP/R1BBK1NR w KQ - 0 8,3
1rbqkb2/ppp1p1p1/n1p2p1n/8/PP6/B1P5/3PPPpP/RN1Q1RK1 w - - 0 13,3
rnbqk1nr/1p1pb2p/2P2pp1/4p3/p4PP1/3P3N/P1P1P2P/RNBQKB1R w KQkq - 0 9,3
rnbqkbnr/4pp2/2p5/pp1p2pp/P7/4PP1N/1PPP2PP/RNBQKB1R w Kkq - 0 7,3
r1b1kbnr/1pqp2p1/p1n1p3/2p2p1p/1P6/3N4/PBPPPPPP/RN1QKBR1 w Qkq - 0 8,3
r1bqkb1r/p2ppp2/n4npp/1p6/1Pp5/P1PP2PN/3KPP1P/RNBQ1BR1 w kq - 0 9,0
rnbqkb2/1ppppp1r/5n2/p5pp/2P1P2P/N4P2/PP1P1KP1/R1BQ1BNR b q - 2 6,3
rn1qkb1r/2p1pppp/p2p1n2/1p3bN1/5PP1/8/PPPPP2P/R1BQKBNR w KQkq - 1 10,3
r1bqkbnr/ppp1pp1p/5n2/3pN1p1/3P3P/6P1/PPP1PP2/R1BQKBNR b KQkq - 3 7,2
rnbqkb1r/p2ppp2/1pp3pn/7Q/4P2P/N7/PPPPKPP1/R1B2BNR w kq - 0 6,3
1rbqk2r/1ppp1p1p/n3pn2/p1b3p1/P1P5/1PN1P1PP/3P1P2/R1BQKBNR w KQk - 1 10,0
rnb1kbnr/1pp1ppp1/B6p/8/P2qp2P/2N2N2/1PPP1PP1/R1BQK2R b KQkq - 0 7,3
rnb1kb1r/pp2p1p1/1q5n/2p2pNp/2Pp4/1N1P4/P3PPPP/1RBQKB1R b Kkq - 1 11,0
r1bk1bnr/pp3pp1/3pp1qB/n1p5/Q1PPP1PP/2N2P2/PP6/R3KBNR b - - 0 11,3
rnbqkb1r/p1p3pp/5n2/1p2pp2/2p2P1P/3P4/PP2P1P1/RNBQKBNR w KQkq - 0 8,3
rnbqkbnr/2pp4/p3p1pp/1p6/3P1Pp1/P3P3/1PP3PP/RNBQKBR1 w Qkq - 0 9,3
r1bn1bnr/p1p1kppp/1p2N3/3p4/P7/RPP2q2/1B1PPPPP/1NQ1KB1R w K - 2 10,3
r1bqkbnr/p1ppp2p/8/1pP1npp1/8/P3P2N/1P1P1PPP/RNBQKB1R w KQkq - 0 6,3
r1b1kb1r/pppp1p2/B6n/4p1pp/1qP1PP2/7P/PP1PN1P1/RNBQK2R b KQkq - 5 8,3
r1q1kb1r/p2pppp1/b4B2/np3n1p/N1pP2P1/2P2N1P/PP2PPBR/2RQK3 b q - 0 13,3
r1bq1bnr/1pp1k1p1/8/pQ1p1pBp/7P/N4P1R/PPP1P1P1/R3KBN1 b Q - 1 13,1
1nbqkbnr/r1pp1ppp/1p2pB2/8/p7/1P5N/P1PPPPPP/RN1QKBR1 w Qk - 0 6,3
rnbq1bn1/1pp1p1pr/p4k1p/3p4/4pP1P/1PN3P1/PBPPN3/2RQKB1R b K - 0 11,0
rn3k1r/pbqp1ppp/1p1bpn2/2p5/1Q4PP/2NPP3/PPP2P2/R1B1KBNR b KQ - 4 9,3
r2qkb1r/ppp1pp1p/1n4pn/3p2P1/2PP1N2/7b/PP2PP1P/RNBQKB1R w KQkq - 1 8,3
1n2k1nr/rp1b1pp1/5q1p/p2pp3/P1p4P/QPN2P1R/2PPPKP1/5BN1 w k - 2 13,3
rnb2b1r/1p3kpp/3pp2n/p1p2pq1/1P2P2P/2NB4/P1PP1PP1/R1BQK1NR w - - 1 10,3
r1bk1b2/1p2pppr/pnp1q2n/3p1P1p/QP4P1/2PP2K1/P3P2P/RNB2BNR b - - 0 12,3
rnbq1bnr/1p1pkpp1/p1p1pN1p/7Q/P7/4P3/1PPP1PPP/R1B1KBNR b KQ - 1 6,0
rnbbk1nr/ppp2pp1/3p1q1p/5P2/1P2p3/N2P2PP/P1P1P3/1RBQKBNR w Kkq - 0 9,3
r1bq1b1r/ppppkp1p/2n1p3/6pN/PP4n1/6PP/2PPPP2/RNBQKB1R w KQ - 1 9,2
r1bqkbnr/pp1ppp1p/8/2p3p1/2n5/PQP2N1P/1P1PPPP1/RNB1KB1R w KQkq - 1 6,3
rnb1kbnr/pp1p1ppp/2q5/2p1N3/P1P4P/1P6/3PPPP1/RNBQKB1R w KQkq - 1 7,3
r1bq1rk1/p1pp3p/1pn4b/P1P1ppp1/4PPn1/5K1B/1P1P3P/RNB1Q1NR w - - 0 13,3
r1bqkbr1/2pp2pp/5p1n/pp2p3/1nPP1P2/1P2PK2/PB4PP/RN2QBNR w q - 0 10,3
rnbq1bnr/1pp2kpp/p3p3/2P2p2/P2p2P1/2Q2P2/1P1PP2P/RNBK1BNR w - - 0 9,3
rn1qk1nr/pb2pp1p/1ppp4/6bP/4P1p1/PPN5/2PPQPP1/R1B1KBNR b Qkq - 3 9,2
rnb1k1nr/pppp3p/7b/3Pppp1/1q2P1P1/PP5N/2P1KP1P/RNBQ1B1R w kq - 2 9,3
rn2k1nr/pbpp2p1/3b3p/4pp2/6Pq/1pP1P2P/PPQP1P2/R1B1KBNR w KQkq - 0 12,3
rnbqk1nr/1p3ppp/2p1p3/p2p1P2/1b4P1/7P/P1PPP3/RNBQKBNR w KQkq - 0 6,0
rn1qkb1r/2p1pp1p/p6n/1pPp2p1/P6P/NP5b/2QPPPP1/R1B1KBNR w KQkq - 3 8,3
1nbqkbr1/rp1p1p1p/p1p1p2n/8/Q1PN1p2/7P/PP1PP1P1/RNB1KB1R w - - 0 9,3
rn1qkbnr/1b1ppppp/p1p5/1p6/2P5/PP1P2PP/4PP2/RNBQKBNR w KQkq - 1 7,0
r1bqkbr1/pp1npp2/7p/1Ppp3n/3P1P1N/3Q4/P1P1PP1P/RN2KB1R b KQq - 0 10,3
rnb1kbr1/p2qpppp/3p4/1pp1n3/NP2PP2/5QPP/P1PP4/RNB1KB1R b KQq - 2 11,3
1nbqk1nr/r2ppp1p/p6b/1Pp3p1/4BP2/6PN/1PPPP2P/RNBQ2KR w k - 0 10,3
r1bqkb1r/p1pppp1p/n5p1/1p6/5PnP/8/PPPPP1P1/RNBQKBNR w Qkq - 0 6,0
rnbqkbn1/pp1p3r/4pp1p/1Pp4P/3P2p1/2N5/P1PBPPPR/R2QKBN1 b Qq - 0 8,0
1rbqkbnr/3ppp2/p5pp/1Np5/1p2PPP1/1P5P/P1PPnKBR/R1BQ2N1 w k - 2 11,3
rn1q1bnr/4p1p1/p2pkp1p/1pp3B1/6P1/PbPPPP1P/1P2K1B1/RN1Q2NR b - - 1 13,3
r2qkbnr/4ppp1/1p6/p1ppn2p/6Q1/2PPP1PP/PP1B1P2/RN1K1BNR w kq - 0 9,3
2bqkbnr/r2p2B1/1p2pp2/p1P4p/1n3PP1/N7/PPP1P1BP/R2QK1NR b KQk - 3 10,3
rnb1kb2/p2pppp1/7r/q1pn3p/2pP4/1PR2P1P/3BP1P1/1N1QKBNR b Kq - 0 12,3
r1bqk2r/ppppp2p/n4b2/4np2/6Pp/NQP1P2R/PP1P1P2/R1B1KBN1 w Qkq - 1 10,3
1n2kb1r/rbpp1p1p/p2Bpq1n/1p4p1/1P1P2P1/2N5/P1P1PP1P/R2QKBNR w KQ - 1 11,3
rnbq1b1r/1p1ppkB1/6p1/p1p2p1p/1P4n1/N6N/P1PPPPPP/R2QKB1R b - - 0 10,3
rnb2bnr/pppp1kp1/4p1qp/8/1P1P1Kp1/N4P1N/PBP1P2P/R2Q1B1R w - - 0 11,3
rnb1kb1r/pp1p1p1p/3q1n2/2p3pP/2P5/P3pPP1/1PQPP2R/RNB1KBN1 b Qkq - 0 12,3
rnbqkbnr/pp3pp1/3pp2p/2p5/1P1P4/2N1P3/P1PQNPPP/R1B1KB1R w KQkq - 0 7,2
r1bqkb1r/pppppp1p/2n5/3n2p1/4P3/P1NP4/1PP1K1P1/R1BQ1BNR b kq - 4 9,2
r1b2bnr/ppp1kppp/3p1q2/4p3/1n4PP/1P1P4/P1P1PP2/RNBQKBNR w KQ - 0 7,2
rnbqkbnr/pp2pppp/3p4/8/3p4/2P1PPP1/PP5P/RNBQKBNR w KQkq - 1 6,0
rnbqkbnr/2p1pppp/1p6/p2p4/PP1N3P/8/2PPPPP1/RNBQKB1R w KQk - 1 6,2
rnb1k1nr/1p1pb1pp/2p1p3/pq3p2/P1P5/1P3P1P/3PPNP1/RNBQKB1R b Kkq - 0 9,3
r1bq1bnr/pppp3p/2n1pp1k/3B2p1/2P1P3/1P5P/P2PQPP1/RNB1K1NR w KQ - 1 8,3
rn1qkbnr/ppp1pp2/3p2pp/8/7P/N1PP1N1b/PP2PPP1/R1BQKB1R w KQkq - 1 7,3
r2qk1nr/pppb2pp/n4p2/2bp4/2B1p3/Q1P1PP2/PP1P2PP/RNB1K1NR b KQkq - 5 8,3
rnbqk2r/p2p2pp/2p1pn2/1pb2p2/P3P1P1/NPP5/3PQP1P/1RB1KBNR w Kkq - 1 11,3
rnbqk1nr/3p1pp1/2p4b/p3p2p/PP4P1/4P3/2PP1PBP/RNBQK1NR b KQkq - 0 8,3
r1b1k2r/5pp1/p1nbpn1p/q3p3/p1pP3P/R1P1P2R/1P3PP1/1NB1KBN1 w kq - 2 13,3
rnb1kbnr/p2pp1p1/1p5p/1Pp2p2/2P1Pq2/6P1/PBQP1P1P/RN2KBNR b KQkq - 0 7,3
rnbqkb1r/2pp1p1p/p6n/1p2p1p1/4P1P1/P1N2P1N/1PPP2BP/R1BQK2R b KQkq - 0 7,3
rn1qkbnr/p2ppNpp/bpp2p2/8/P2P4/8/1PP1PPPP/RNBQKB1R w KQkq - 3 7,3
r1bq1k1r/1pp1bp2/n2p1n1p/p3p1p1/P1NP4/2PQP3/1P2NPPP/R1B1KB1R w KQ - 3 12,3
rnbqk2r/2ppn1b1/4pp2/pp4pp/Q4PP1/P1PP3N/1P2P1BP/RNB1K2R w KQkq - 2 10,3
rnbqkb1r/ppppp1p1/7p/1N3p2/1P2nP1N/4P3/P1PP2PP/R1BQKB1R b KQkq - 2 7,2
r1b1kbr1/ppp1qppp/2n1pn2/2Qp4/8/2P1PNP1/PP1P1PBP/RNB1K2R b KQq - 2 9,0
r1bqkb1r/p2B1pp1/n7/1ppPp2p/8/P1P2NP1/1P1NPP1n/R1BQK2R b KQkq - 0 9,1
r2qkbnr/pbp1p1p1/5p1p/1N1pP3/1PP5/8/P1QBnPPP/R3KBNR b KQkq - 1 9,3
rnbqk2r/p4p1N/1p2p1p1/2pP3p/5Pn1/3B4/PPPP2Pb/RNBQ1K1R b kq - 0 12,3
r1bqkb1r/1ppppppp/7n/p7/2P5/2N2PPP/PPnPP3/R1BQKBNR w KQkq - 1 6,1
rnb1kbnr/p4ppp/8/qpppp3/8/2NP4/PPPBPPPP/RQ2KBNR w KQkq - 0 7,3
rnb1kb2/pp1pppp1/q4n1r/2p4p/PP6/R2P1P2/2P1P1PP/1NBQKBNR w Kq - 4 8,3
rn2kbnr/1pp1ppp1/p3b3/6B1/1PBP2P1/N7/P1P4P/R2bK2R w KQkq - 3 13,3
r1b2bnr/p2p1kpp/B3pp2/1P6/4PN2/8/Pq1PQPPP/1RB1K2R b K - 0 11,3
rnb1k1nr/p1qppp2/p1p4p/6p1/2P1P1P1/P1b2N2/1P1P1P1P/RNBQK1R1 b Qkq - 2 8,3
rn1qk1nr/ppp2p1p/6pb/3ppb2/7P/P2PB3/RPPKPPP1/1N1Q1BNR b kq - 3 7,3
rnbk1br1/p1pp2pp/4pp1n/1p1PP3/4N3/7P/PPP1QKP1/R1B2BNR w - - 2 10,3
rnbq1bnr/pp1pk1p1/8/2p1pp1p/8/P1PPB3/1P1QPPPP/RN2KBNR w KQ - 0 6,0
r1bqk2r/1ppp1p1p/p1n2n1b/4p3/4P1p1/2N2N2/PPPP1PPP/R1BQK2R b KQkq - 3 9,3
1rbqkbnr/pp1p1pp1/n6p/2p1p3/2P4P/1Q1P3N/PP2PPP1/RNB1KBR1 b Qk - 1 6,0
1rbqkb1r/2p2pp1/1p1p1n1p/p1n1p3/P3P1P1/1P5P/2PPQPBR/RNB1K1N1 w Qk - 0 10,0
rnb2bnr/pp1p1p1p/3k4/2p1p1p1/Pq6/B4PPB/2PPPK1P/RN2Q1NR w - - 0 10,3
rn2kb1r/1p2pppp/7n/pB1p3q/3PP1b1/P3Q3/RP1N1PP1/2B1K1NR b Kkq - 1 12,1
r1b3nr/p1ppkp1p/n6b/1p2p1qp/1P2PP2/N7/P1PPN1P1/R1BQKB1R b KQ - 1 11,3
rnbqkb1r/p1pppnpp/1p6/1B1P1p2/4P3/2N2P2/PPP1K1PP/R1BQ2NR b kq - 1 7,2
1r1qkb1r/pppbpppp/n7/7n/2pP3B/7P/PP2PP2/RN1QKBNR w KQk - 2 9,0
1nbqkbnr/2pp1pp1/8/rp2pQ1p/1pP3PP/2N2P1B/P2PP3/R1B1K1NR b KQ - 5 13,3
rn1qkbnr/1pp3p1/3pp3/p4p1p/3PPP2/7b/PPP1QKPP/RNB2BNR b kq - 0 7,3
r1bq1b1r/2ppkp2/4pnpp/pp1B4/1n1P3Q/N3P1PN/PPP2P1P/R1B2K1R b - - 4 12,3
rn1qkb1r/p6p/2pp2pn/1p3pPP/1P1Pp3/2P1P2b/P4P2/RNBQKBN1 w Qkq - 0 11,3
rn2kb1r/p3pppp/5n2/2pP1b2/4PP2/pqN4P/1P1PK1P1/R1BQ1BNR b kq - 0 10,3
r1bqkb1r/pppppp2/n7/6pp/4PP2/N6B/PPPP1n1P/1RBQK1NR w Kkq - 3 7,3
rn1qkbn1/ppp1pp1r/B6p/3p2p1/4P3/N4Q1b/PPPP1PPP/R1B1K1NR w KQq - 4 6,3
rnbq1knr/ppp4p/3ppp1b/6p1/P7/3P1PP1/RPPBPK1P/1N1Q1BNR w - - 0 8,0
rn1qkb1r/p5pp/bppp1p1n/4p3/PPP1NP2/8/3PPNPP/R1BQKB1R b KQkq - 1 10,3
rn1qkb1r/pbppp2p/1p5n/5p1P/P3N1p1/1P1P4/2P1PPP1/RNBQKB1R b KQkq - 2 9,0
r1b1kb1r/3p1ppp/npp2nQ1/p1P1p2q/1P3P2/N6N/P2PP1PP/1RB1KB1R b Kkq - 4 10,3
1nbqk2r/1pppppbp/r5pB/p7/1P1P4/5NP1/P1P1PP1P/R2QKBNR b KQk - 0 6,3
rnbqkb1r/3pppp1/2p5/1p5p/p3P1PQ/PPP2N2/2P1KP1P/RNB2B1R w k - 0 12,3
1nb1k1n1/2pp1pp1/r3p2r/pp2b2p/P2P3q/4PPP1/1PPQN2P/RNB1KBR1 b Q - 0 11,3
r2qkb1r/pppn1p1p/4p2n/6p1/3pQ1b1/1PP5/P1NPPPPP/R1BK1BNR w kq - 0 8,3
rnbqk2r/pp3ppp/2pp1n1b/2P1p3/8/P2BPPPP/1P1PK3/RNBQ2NR b kq - 0 9,3
r2q1bnr/pbp1k1Bp/5pp1/1p1pp3/1nPP2P1/5P2/PP1NP2P/R2QKBNR b KQ - 0 11,3
r1bqkb1r/pp2n2p/n2p1p2/2p1p1p1/P2PPBP1/2P5/2Q2P1P/RN2KBNR b KQkq - 3 11,3
r1b1kbr1/p1pp1p2/np2pqp1/PN4Pp/8/2n2P1P/1PPPP3/R1BQKBNR w Qq - 0 11,3
rn1k1bnr/2q2Q2/1pb5/p1pp2p1/P3p3/R1P1PP2/1P1P1KPP/1NB2BNR w - - 1 13,3
rnbq1bnr/6pp/pp1p4/2p1pp1k/P2P4/2N1B1P1/1PPKPP1P/1R1Q1BNR w - - 0 10,3
r1bk1bnr/p1qn3p/1ppp4/5pp1/3p1BP1/2P4N/PP2PPBP/RN1QK1R1 w Q - 2 11,3
rnb1kb1r/4p2p/pqpp1pp1/1p6/1PPP2n1/P4P1N/R1Q1P2P/1N2KB1R b Kkq - 2 10,3
rn1qnrk1/pppb1pb1/7p/3pp3/5pPP/P1P2N2/1P1PPP1R/RNB1KB2 w Q - 2 11,2
1nbqkbnr/rp1p1pp1/4p3/pQp4p/8/4P2N/PPPPKPPP/RNB2B1R b k - 3 6,0
r1q1kb1r/1pp1ppp1/p1n2n1p/3pP3/P1P2Pb1/1P1B4/3P2PP/RNBQ1KNR b q - 0 12,3
r1bqk1nr/p2pp1bp/1n3pp1/2p5/p1P1P2P/1Q3PP1/1P1P1K1R/R1B2BN1 w kq - 0 12,3
rnb1kbnr/p1pp3p/1p2pp2/1N4p1/5qP1/1PP2N1B/P2PPP1P/R1BQK2R w KQkq - 0 8,3
r1b1k1nr/p1pp1p1p/1pn1B1p1/8/8/8/PbPKQPPP/RNB3NR w kq - 0 12,3
r2k1bnr/p4p2/n1bpp1P1/Ppp4p/P1N5/5N2/2PPP1PP/R1BQKB1R w K - 1 13,3
rnb2b1r/p1pk2pp/1p2p2n/5p2/P2PpN2/2NQ1PP1/1PP4q/R1B1KB1R b K - 1 11,3
rq3b2/p1pkp1p1/2nB1n1r/1p1p1p1p/8/P1PPK1Pb/RP2PP2/1NQ2BNR w - - 3 13,3
r1bqk1nr/1ppp1p1p/2n5/p3p3/1bPP3p/2N2N2/PP2PPP1/2RQKB1R w Kkq - 0 10,3
rnb1kbr1/pQp1ppp1/3q3p/1p6/4n2P/N1PPP2R/PP3PP1/R1B1KBN1 b Q - 4 11,3
r1bqkb1r/2p3p1/p2pp2n/1p3pPp/1P1nP3/P1B4N/2PP1P1P/RNQK1B1R b kq - 1 10,3
rn1q1bnr/p1pkp3/3p2p1/1p3p2/P4Pbp/2P3PN/1P1PP2P/RNBQKB1R w - - 2 9,3
rn2k1nr/1p1bpp2/P1q4b/7p/P1p1P2p/2P3PR/3PBP2/RNB1K1N1 w Qkq - 3 13,3
rnbqkb1r/p2p4/1p2ppp1/1Bp4p/Q6P/P3P1P1/1PPP1P2/RNB1K1NR b KQkq - 0 9,0
2rqk1nr/pb1np1b1/1pp1p2p/3p2p1/2P3P1/PQ3N2/1P1PPP1P/RNB1KR2 b Qk - 2 12,3
r1bqkb1r/p2np1Bp/3p1p1n/1Pp5/3P1P2/1N2KN2/PP2P1PP/R3QB1R w kq - 1 13,3
r1bqkb1r/nppp2pp/4pn2/p4P2/2P3P1/P2PB3/1P2KP1P/RN1Q1BNR b kq - 0 9,3
r1b1kb1r/pq1p1pp1/np2pn1p/2p5/2B5/NPP1P2N/P2P1PPP/1RBQK2R w Kkq - 6 9,3
rnbqk1nr/1p1pbp1p/4p3/p5p1/3pP3/2NB3P/PPP2PP1/R1BQK1NR b KQkq - 3 7,0
1nb1kb1r/r2pq1p1/p1p2n1p/1pB1pp2/2PP1P2/1P2P3/P2N2PP/R2QKBNR w k - 1 12,3
rnbk1bnr/pp2pp1p/3p2p1/q1p5/6P1/P1NP1P2/1PPBP2P/R2QKBNR b KQ - 0 6,3
rn1q2nr/pbppkp1p/6p1/1p6/5b2/1PP1N3/P2PPPPP/RNBQKB1R b KQ - 2 8,3
rnbk3r/ppq1bppp/5n2/3ppN2/Q7/3P1P1P/PP2PKP1/R1B2BNR b - - 5 13,3
rn1qkbnr/p1p1p1p1/8/1p1p1p2/Q4P2/2P2NP1/RP1PP1B1/1NB1K2R b Kkq - 0 10,3
rn1qkb1r/pb1ppppp/2p2n2/1p4B1/3P1Q2/2P2PPP/PP2PK2/RN3BNR b kq - 0 9,0
rnbk1b1r/1Q2pppp/1Np5/p2p4/1P1P2n1/P1P5/4PPPP/R1B1KBNR b KQ - 0 10,3
rnbk1b1r/pp2npp1/3p3p/2p4P/2P1Pp2/PP1P4/1q4P1/RN1QKBNR w Q - 2 12,2
rnb1kbr1/p1ppq2p/1p4p1/4pp1n/1PP4P/P2P4/4PPP1/RNBQKBNR w Qq - 0 9,0
rnbqk1n1/p2pb2r/1pp4p/4ppp1/4P1P1/P4P1P/RPPPB3/1NBQK1NR b q - 0 11,3
rnb1k1nr/1pppq1pp/p4p2/b3p3/P3P3/2PPB3/1P3PPP/RN2KBNR w KQkq - 0 8,0
rnbqkbnr/1p2pppp/p7/2pN4/P7/RP3P2/2PPP1PP/2BQKBNR b Kkq - 1 6,0
r1bqkbnr/p2ppppp/1p6/2p3N1/8/1nP2PP1/PP1PP2P/RNB1KB1R b KQkq - 0 6,3
rnb1k1nr/1pqp2p1/4N3/p1p2p1p/Pb2pP2/2P3P1/1PQPPK1P/RNB2B1R w kq - 1 10,3
r2qkbnr/ppp1p1p1/3p1p2/2P4p/7P/N1P2N2/PP1KPPP1/R1Bb1BR1 w kq - 0 9,3
rnbq2nr/1p2k1pp/p3p3/2pp2N1/7P/P3P1P1/1PPb1P1R/RNBBK3 w Q - 0 13,1
2bqkb2/r1p2np1/p2pp2r/1p1P1pNp/1nP5/4Q1P1/PP2PP1P/1RBNKBR1 w - - 0 13,3
rnbqkb1r/3pp1pp/p7/1pp2p1n/1P3P2/3P3N/PBP1P1PP/RN1QKB1R b KQkq - 1 7,3
rnbqk2r/2pp1p1p/p7/1pbNp2n/1P1P1P1p/2P3P1/P3PK2/R1BQ1BNR b kq - 0 11,3
rnb2bnr/3pkp1p/2p5/Pp2p3/P2P3q/3KPp1N/2P3PP/RNBQ1B1R w - - 0 12,3
rnbk1bnr/ppp1p1pp/5p2/3p4/5q2/NP4PP/P1PPPP2/1RBQKBNR w K - 0 6,0
2bqkb1r/r3pppp/1pnp3n/p1p1P1P1/Q1P5/3P1P2/PP2K2P/RNB2BNR w k - 3 11,3
rn2qbnr/2pkpppp/p5b1/1p6/1PNp2P1/3P4/P1P1PP1P/1RBQKBNR w K - 0 10,3
rnbq1b1r/1ppp1kp1/4pp1n/p7/3P1B1p/2P2PPP/PP2P1B1/RN1Q1KNR b - - 1 8,2
1rbqkbnr/1pp1p1p1/7p/p2pnp2/1P1PP1P1/B2B4/P1P2P1P/RN1Q1KNR b k - 0 8,3
1rbqk1nr/p1ppp1bp/8/1pP2pp1/Pn1P3P/RP6/3NPPP1/2BQKBNR b Kk - 2 11,3
1rbqkbnr/p1ppp1p1/BpN2p1p/8/4P2P/2P3P1/PP1P1P2/RNBQK2R b KQk - 0 8,3
r2qk1nr/pp2p2p/n4p1b/2pp4/2P2Np1/PP3PP1/3PP2P/RNBQ1K1R w kq - 2 10,3
r1bqkbr1/pppnpp1p/3p2pn/6B1/1P1P1P2/8/P1P1P1PP/RN1QKBNR b KQq - 0 6,0
rnb1kb1r/pppp2pp/B6n/5P2/5pqP/1PP5/P2P1KP1/RNBQ2NR b kq - 0 9,3
rn1qkb2/p3pppr/2pp3p/1p5n/PPP1P1bP/5BP1/3P1P2/RNBQK1NR b KQq - 0 9,3
rnbk1bnr/p2qp2p/2p3p1/1p2Pp2/1P1p3P/B5PN/P1PPBP2/RN1QK2R w KQ - 1 9,0
2b1kbnN/pr1q1pBp/np6/2p1p3/1P1pP3/3P3P/P1P2PP1/RNQ1KB1R b KQ - 0 11,3
r2qkbnr/p1p1p1pp/np3p2/5bP1/2PpP3/PP5N/3P1P1P/RNBQKB1R b KQkq e3 0 8,3
rnbq1bnr/p2kp1pp/1pp2p2/3p4/1P2P3/2N5/PBPP1PPP/RN1QKB1R w KQ - 2 6,0
r1b1kbnr/4pp2/p2p3p/np2q1p1/4P3/1Q4PB/PP1P1P1P/RNB1K1NR w KQkq - 0 13,3
rn1qkbr1/3b2p1/ppp1p2p/1P1n1p2/3Pp1P1/B1N4N/P1P1BP1P/R2QK2R w KQq - 0 13,3
r1bqkb1r/pp1p3p/n3p2n/2p1Ppp1/3P4/1P6/P1PQ1PPP/RNB1KBNR b kq - 0 7,0
r1bqkb1r/p1p1pp2/n4n1p/1p1p2p1/6P1/N1PP1N1P/PP1KPP2/R1BQ1B1R b q - 1 9,2
rnb2knr/pp1p4/2p1p2p/2b2pp1/5P2/2PPP2N/P1P1QKPP/R1B2B1R w - - 0 13,0
r2qk1nr/p1pbp1bp/n1Q2pp1/1p6/8/PP3PPN/1p1PP1BP/RN4KR b kq - 3 13,3
r1bqkbnr/1ppp1p2/p5p1/4p2p/3n2PP/1PN2N2/P1PPPP2/R1BQKB1R b KQkq - 1 7,3
rn2kbr1/p4ppp/b1Ppp2n/q7/4P3/5P1P/1PPPQKPR/RNB2BN1 b q - 0 9,3
r1bk1r2/p2p2bp/npp2Qpn/4p3/4Pq2/P1P4P/1P1PNPP1/RNB1K2R b KQ - 0 13,1
r1b1kb1r/3pqp1p/n3N3/ppp3P1/1n6/P2PB1P1/2P1PP2/RNQ1KBR1 w Qkq - 0 13,3
rnb1kbnr/2p1qppp/pp1pp3/1P6/2P1P1P1/N4Q2/P2P1P1P/R1B1KBNR w KQkq - 3 8,3
rnbb1rk1/3q2pp/p2pp2n/1pp2pB1/P1PPP1Q1/8/1P3PPP/RNK2BNR b - - 1 12,3
rn1qkbnr/p1p1pppp/8/1P1p3b/2P5/3N2P1/1P1PPP1P/RNBQKB1R b KQkq - 0 9,3
1rbqkbnr/p1p1pp2/1pn5/PP4pp/2Pp2P1/8/1B1PPPBP/RN1QK1NR b KQk - 3 9,3
rnbqkb1r/2ppp3/1p3ppp/p4P2/P4n2/5NP1/1PPPP2P/RNBQKBR1 w Qkq - 2 9,3
rnbq2nr/p2p1kpp/3bp3/1Pp5/P3pPP1/5N2/1P1P1K1P/RNBQ1B1R b - - 1 8,3
rn1qkbnr/2ppp1p1/bp3p1p/p7/4N3/5P1P/PPPPP1P1/R1BQKBNR w Qkq - 2 7,0
r1b1qknr/2pp4/n3pppp/ppP2P1P/3P4/1QN1b3/PP2P1P1/R1BK1BNR b - - 0 13,3
r1bqkb1r/p1p1n1p1/1p3p2/3p2Bp/P2N4/1PNP4/2P1PPPP/1R1QKB1R w Kkq - 0 11,3
rnb1kb1r/pp2pppp/1qpp3n/8/1PPP3P/N6N/P2KPPP1/R1BQ1B1R b - - 2 7,3
r1bq2r1/ppppnppp/4pk2/n7/1b6/B1P2PKN/P2PP1PP/RNQ2B1R b - - 6 9,3
rnb1kbnr/pp1p1p2/2p3P1/7p/1P1P2PP/N3p1R1/q1P1P3/R1BQKBN1 b Qkq - 0 13,3
rnbqkb1r/2ppp2p/pp3n2/5Pp1/8/1P2P2B/P1PP1P1P/RNBQK1NR w KQkq - 0 7,0
rnbqkbnr/p1pppp2/1p4pp/8/1P1P1P2/2P2N2/P1Q1P1PP/RNB1KB1R b KQkq - 2 6,0
rnb1kb1r/p1ppB1p1/5q1n/1p2pp2/1P6/2PP4/P2NPP1p/R2QKBNR b KQkq - 2 10,3
rnbq1b1r/2pk1ppp/p3p3/3p1n2/1P1N4/p2P3P/1RP1PPP1/1NBQKB1R w K - 0 12,3
rnb1kb1r/pp1ppppp/7n/1Pp5/4P3/P1N3q1/2PP1P1P/R1BQKBNR w KQkq - 2 7,0
rn1k2nr/1bqp1p1p/1ppN2pb/p3p2P/5P2/P2P3N/1PP1PKP1/R1BQ1B1R w - - 0 13,3
rq2kbr1/1ppnpppp/n2p4/p7/3PN3/PP2P2N/R1P1BPPP/2B1QRK1 w - - 1 13,3
r1bqkb1r/1p1ppp2/n6n/p1Q3pp/5P1N/1P1P4/P1P1P1PP/RNBK1B1R w q - 0 11,3
rnbq1bnr/pBp2k2/4p3/1p1p1pp1/1PPPPP1p/P7/6PP/RNBQK1NR w KQ - 2 11,3
rn1qkb1r/ppp1pp2/7n/3p1b1p/3P1B2/P4NP1/1PP1PP1P/RN1QKB1R b KQkq - 0 6,0
r1bqkbnr/ppp2pp1/4p2p/3p4/1nP1P3/PP6/3P1PPP/RNBQKBNR w KQkq - 0 6,3
rnb1kbnr/pp1p3p/4p1p1/2p1q3/1PPP2P1/P3Pp1N/4QP1P/RNB1KB1R w KQkq - 0 9,3
rnbqkbnr/p1p1p1p1/1p6/3P1p1p/P7/4P2N/1P1PKPPP/RNBQ1B1R b kq - 0 6,0
rnb1kb1r/p1pp1p1p/6pn/1p2p3/1P1N2q1/P6P/N1PPPPP1/1RBQKBR1 b kq - 3 9,3
rnbqkbnr/pp1p3p/8/4ppp1/P1p5/1QP2NP1/1P1PPP1P/RNB1KB1R w KQkq - 0 6,3
rn2kb1r/p2bpppp/3p3n/1p6/3p2PP/q3B3/PPPNPP2/R2QKBNR w KQkq - 1 9,3
rnb2bnr/ppp1k2p/2p2p2/Q2Pp1p1/1P4q1/P1P4P/3NPP2/R1B1K1NR b KQ - 0 13,3
rn1qkbr1/1ppb1pp1/p3pn2/3p1P1p/2P3Q1/PP2P3/3P2PP/RNB1KBNR w KQq - 0 9,3
rnb1kb1r/1p2ppp1/pq3B2/3p3p/1pP4P/P2Q4/4P3/RN2KBNR b KQkq - 0 11,3
rnbq1k1r/3pn3/5p1b/ppp1p2p/1P3pPP/2P1PN2/P2P2K1/RNBQ1BR1 w - - 3 13,3
2b1kb1r/1p3ppp/n1p1p3/3p3q/r3n1PQ/P1PPP3/1P2NP1P/RNB2K1R w k - 3 13,3
rnb1kbnr/2pp2pp/p3p3/P4p2/1RP4q/1p5P/1P1PPPP1/1NBQKBNR w kq - 2 9,3
1nbqk1n1/1p1pb1p1/r1N2p1r/7p/PB1p4/7P/PQP1PPP1/RN2KB1R b KQ - 2 11,3
rn2kbnr/p2q2pp/2p2p2/3pp3/PQ2P3/N2P2P1/1PP2P1P/R1B1KbNR w KQkq - 0 10,3
r1bqkbn1/ppp4r/4pppp/3p4/1P2PPn1/2PP2PP/P1QK4/RNB2BNR b q - 0 11,3
1rbqkb2/pppp1p2/n3p3/6pr/P1PPNNnp/R3B3/1P2PPPP/3QKBR1 w - - 0 13,3
r3k1nr/Q1pbqp2/1bn1p2p/1p1p3P/1PP2pP1/B6N/P2PP3/RN2KB1R b KQkq - 0 13,3
rn2kbr1/1ppqpp1p/6pn/p2pP3/1P3Pb1/3B4/P1PP2PP/RNBQKR2 b Qq - 0 9,3
r1bqkb1r/ppp1pppp/3p4/8/2P3nP/1Q4PR/PPnPPP2/RNB1KBN1 w Qkq - 1 7,1
r1bq1b1r/pppnkppp/3pp3/7n/4P2P/N5P1/PPPPNPB1/R1BQK2R w KQ - 7 7,0
rn1qkb1r/p4ppp/7B/1p1pp3/1P1P4/8/P1P1bPPP/2RQKBNR w Kkq - 0 13,3
rnbq1b1r/3ppk1p/1p6/p1p3p1/P3P3/3K1PP1/1PPP2P1/RNBQ2NR w - - 0 9,0
rnbqkb1r/3pppp1/1p5n/p1p4p/6P1/3P1N2/PPP1PP1P/RNBQKB1R w kq - 0 7,3
r1b1qk1r/p1ppnpb1/n6p/4p1p1/B2PPB2/1PP3PN/P4P1P/RN1QK2R w KQ - 0 11,3
r1bqkbnr/2ppp1p1/1p5p/p4p2/4n3/P5P1/1PPPBP1P/RNBQK1NR w KQkq - 0 8,0
1rb1k1nr/p1p2p2/n2p2pb/1p5p/PPP1pq1P/R3PPP1/3PN3/2BQKBNR w Kk - 0 13,3
r3k1nr/p1n2pp1/bpppp3/q2N3p/PP1P1bP1/1R6/2P1P1BP/2BQK1NR w Kkq - 0 13,3
r1b1kbnr/1p1p1ppp/n4q2/2p1p1B1/p2PP3/7P/PPPN1PP1/R2QKBNR w KQkq - 2 7,3
1nb2bnr/1pp1kp1p/r2pq3/1N2P1pQ/p7/3PP1P1/PPP1BK1P/R1B3NR b - - 2 12,3
rnbq1b1r/p2pknpp/4pp2/2p5/P1p1PP2/1PP4N/2QPK1PP/1RB2B1R w - - 2 12,0
rnbqkb1r/pp1pp3/4pnpp/2p5/1P6/B2P4/P1P1PPPP/RN1QKB1R b KQkq - 1 6,2
r1bq2n1/pp1p1kb1/n3pr2/2p2ppp/3PQ1P1/2N1P2B/PPP2P1P/RNB1K2R b KQ - 5 13,3
rn1qkb1r/pb1pp1p1/1p6/5p1p/P1BP2P1/2N1PP2/1PP1N2P/R1BQ1K1R w q - 2 13,3
r2qkbnr/pb2p1pp/np1p4/2p2p2/2P2P2/P1NPP3/1PQ3PP/1RB1KBNR b Kkq - 0 9,0
r2qk2r/Np1bn2p/2pp2pb/3np3/4P1pP/6R1/PPPP1PP1/R1BBK1N1 b Qkq - 2 13,3
rn1q1bnr/4p1p1/2p3kp/Qp1p1b2/1P1PBN2/P1P3P1/4PP1P/RNBK3R b - - 0 12,1
1nbqkb1r/1p1ppppp/5n2/r1p2P2/1p5P/3P4/2P1PKP1/RNB1QBNR b k - 0 7,0
1nb1kb1r/2pp1ppp/r3p3/pp3n2/3Pq1PP/2P5/PPQ1PP2/RNB1KBNR w KQk - 2 9,3
r1b1k1nr/p1pp1p1p/6p1/3N4/2P1P1Q1/b4PP1/PP1P3P/R1B1KB1R b KQ - 2 13,2
rnbq1bkr/pp1pn1pp/8/2p1pp2/1P6/P1P3P1/1Q1PPP1P/RNBK1BNR w - - 4 8,0
2bqkb1r/1rp1ppp1/ppnp1n1p/8/PP1N4/2NP3P/2P1PPP1/R1BQKB1R b KQk - 2 11,3
rnbqkbnr/2ppp3/5p1p/pP6/3P4/8/PP1KPPPP/RN1Q1BNR b kq - 1 6,0
rnbqkbnr/1p2ppp1/3p4/p1p4p/1P4P1/5P1P/P1PPP3/RNBQKBNR w KQkq - 0 7,3
rn1qkb1r/pp3ppp/2p4n/3pp3/P3P1b1/3B2N1/1PPP1PPP/RNBQ1K1R b kq - 2 6,3
r1bqkbnr/2pp1ppp/4p3/1p6/3PP1n1/NpP3PN/P4PBP/1RBQK2R b Kkq - 1 9,3
rn1q1bnr/1ppkp2p/p4p2/6p1/P1NpbPPP/8/1PPPP3/R1BQKBNR b KQ - 0 9,3
2kr1b1r/pq1npp1p/1p2P2n/2p3p1/P7/NP1b1NP1/R1PP1P1P/2BQK2R b K - 1 12,3
rnbq1bnr/1pp1pk1p/p3Np2/3p4/1PP3p1/8/P2PPPPP/RNBQKB1R w KQ - 2 7,3
rnb1kbnr/1p1pp1pp/p1p5/5p2/8/1PN4N/P1PPPKPP/R1BQ1B1R b kq - 0 6,0
r1bq2nr/pppkppb1/2n4p/3p4/3N2p1/N1P1PPP1/PP1P3P/R1BQKBR1 w Q - 2 9,3
rnb1kb2/1pqpp1pr/1np5/p5NP/2PPp3/P3Q2P/1P3P2/RNB1KB1R b KQq - 2 11,3
rn1k3r/pp2qpbp/6p1/2pppn2/3P2Q1/1P4PP/P1PN1PBR/1RB2KN1 b - - 5 13,3
2bqkb1r/1rppn1p1/2n1p3/1N3p1p/1p1P3P/2P1B1P1/P3PPB1/R1Q1K1NR w KQk - 0 13,3
r1bqkb1r/3n1pp1/pp2p3/2pp1N1p/5P2/1P1P3P/P2PP3/RNBQKB1R b kq - 3 12,0
r1b1kb1r/p1q1pnpp/n2p4/1Np2pN1/1p3PP1/3PP3/PPP4P/R1BQKB1R w KQkq - 1 13,3
rnq2b1r/p1pb1kpp/3p1p2/5n2/1p1N1p2/1QP4P/PP1PPPP1/1RB1KB1R b - - 3 13,1
2bqkb1r/prpppp2/1pn3P1/7p/1P1P4/N3B1PP/P1P1P3/1R1QKBNR b Kk - 0 10,3
r1bqkb2/pp2npr1/3pp3/6Pp/8/3nP1PN/PPPP1P2/R1BQKB1R w Kq - 1 12,1
rnb1k1nr/p3qppp/Bpp2b2/3pp3/7Q/P1N1P2N/1PPPKPPP/R1B2R2 b kq - 1 9,3
rn2k2r/pp1bppbp/6pn/1Ppp4/2N5/2PBP3/P2P1PPP/R1BQK1NR b kq - 6 11,3
rn1qkb1r/p2pppp1/1p3n2/2p4p/2NP2P1/2P5/bP1QPP1P/R1B1KBNR b KQkq - 1 9,3
rnbk1b1r/pp3ppp/2n5/2pppq2/3P2PP/NP2B3/P1P1PP2/R2QKBNR w K - 1 10,3
r1b1qbnr/pp1ppk2/2n2p1p/6p1/PPp3PP/2N5/1BPPPP2/R1Q1KBNR w KQ - 4 9,2
rn2k1nr/pp1b3p/2P5/3pppp1/q5PP/b1P5/PQ1PPP1R/RNB1KBN1 w Qkq - 2 11,3
r1b2b1r/1ppqkppp/2np4/1p2p2n/1PB3P1/4PP2/PBPP3P/R1Q1K1NR w - - 0 12,3
r1bq1bnr/pppkpp1p/n5p1/3N4/5PP1/P2P4/RPP1P2P/2BQKBNR b K - 0 7,0
r2qkbnr/p1p1p1pp/b2p4/1p3p2/1PPn3P/8/P2QPPPR/RNB1KBN1 w Qkq - 0 7,3
rn1q2nr/pppb1kpp/5p2/3pp3/1b2P3/PPP5/3PKPPP/RNB2BNR w - - 2 8,3
r1b1kbnr/1pqpp1pp/N4p2/8/8/PP3N2/2PPPPPP/R1BQKB1R w KQkq - 1 10,2
r1b1qbr1/pppk2p1/n2p1P1p/4p3/1P2PP1P/P7/1BPPK1nR/RN1Q1BN1 w - - 3 13,3
r1b1kbnr/pp1pp1p1/n1p2p1p/q7/1P6/B1PP1P2/P3P1PP/RN1QKBNR w KQkq - 1 6,0
rn1qkb1r/p3pppp/1p1p1n2/2p2b2/4PPP1/5K2/PPPPN2P/RNBQ1BR1 w kq - 2 8,0
1nbq1knr/1pppp3/5pp1/4r2p/P1K1P3/4bPPB/2PP3P/RNBQ3R w - - 0 13,3
r1bq2nr/pppp1k1p/4npp1/4p3/Nb2P3/PPP5/3PBPPP/R1B1K1NR w KQ - 3 13,0
rnbqk1nr/1p1p1p1p/p1pBp1pb/8/5PPP/1PP1P2R/P2P4/RN1QKBN1 b Qkq - 0 9,3
r1bq1br1/pppk1ppp/3p1n2/4p3/1P1n1PPP/6N1/P1P1P3/R1BQKBNR w KQ - 0 10,3
1r1k1b1r/p1pnqppp/3pbn2/1N3P2/P3p1P1/3PP3/1PPB1N1P/R2QKB1R b KQ - 0 13,3
r2qkbnr/p1p2ppp/3ppn2/1p1bN3/4N1P1/P6P/1PPPPP2/R1BQKB1R b KQkq - 4 8,3
rnbqkb1r/p1pppp1p/7n/3B4/pP1P4/4Pp2/1BP2PPP/RN2K1NR b KQkq - 0 10,2
rnbq1b1r/ppp1kp2/3p1np1/7p/4p1PP/1PNPP3/P1PK1PB1/R1BQ2NR b - - 3 8,3
rn2kbnr/p3p1pp/b1pp1p2/qpP5/1P3P2/P3P2P/R2P2P1/1NBQKBNR w Kkq - 1 9,3
rnbqk1nr/ppp1pp2/8/3pb1pp/2P1P3/3P2PQ/PP1B1P1P/RN2KBNR w KQkq - 0 8,3
r2k4/pbpp2pn/np2p2r/5p1P/P6q/bPPBP3/1B1P1P1N/RN1QK1R1 b Q - 0 13,3
1rbqkbn1/ppp2ppr/3pp2p/8/4P2P/P1P2QP1/1P1P1P2/RNB1KBNR w KQ - 1 9,0
rnbkqbn1/1ppp2p1/p4p1r/7p/P2PpB2/2P1P2N/RP1Q1PPP/1N1K1BR1 b - - 6 13,3
r1bqkbnr/p1pp1ppp/1pn1p3/8/8/4PN2/PPPP1PPP/RNBQKB1R b KQkq - 1 6,0
1nbqk2r/1p1p1p2/r4b2/pPp1p1pp/3P4/P3NPPP/2P1P3/R2QKBNR w KQ - 1 13,3
r1bqkb1r/1pppppp1/2n5/Q6p/2P3nP/7R/PP1PPPP1/RNB1KBN1 b Qkq - 2 6,3
rnbqkbnr/2p1p1p1/3p4/pp3p1p/P3P2N/3B4/RPPP1PPP/1NBQK2R b Kkq - 1 7,3
rnb1kb1r/p1p1pppp/4q3/1p1p3n/5P1P/2P4N/PP1PP1PR/RNBQKB2 w Qkq - 0 8,0
rnbq2nr/ppp2k2/3p3p/4bpp1/2N1P3/P5PB/RPPP3P/2BQK1NR w K - 2 12,3
2bqk1nr/r1pnpp1P/7b/pp1p4/PPPP4/2N1P1P1/R6P/2BQKBNR b Kk - 1 12,3
rnbqk1nr/2pp2p1/3b1p2/pp2p2p/PP5P/2P3P1/1BQPPP2/RN2KBNR b KQkq - 0 7,3
rnbqk1nr/p1pp4/1p1bp3/2P2ppp/1P1P4/P4P2/R3P1PP/1NBQKBNR b Kkq - 0 8,3
rnbq1b1r/N2pp1kp/1pp2p2/P4Qp1/2PP4/8/1P2PPPP/1RB1KBNR b - - 0 12,3
rnbq3r/p1ppk1p1/1p3p1n/4p1p1/P2bP3/1PN3P1/2PP1PBP/R1BQ1K1R w - - 4 12,0
r2qkb1r/ppp2p1p/2np2p1/7P/1P3pbR/B1PP2n1/P5P1/RN1QKBN1 w Qkq - 0 12,3
1nbq1knr/r1ppppb1/p7/PN4pp/1p4P1/3P3B/RPP1PP1P/2BQK1NR w K - 0 9,3
rnbq3r/pppppk2/5np1/5p1p/4P2P/2PP1NPR/P1P2P2/R1BQKBN1 w Q - 3 9,0
rnb1kb1r/p2pppp1/2p4B/1p6/q1PPN1n1/1P4P1/4PP1P/1R1QKBNR b Kq - 0 11,3
1rbqk1nr/pppp2pp/n7/4pp2/2P4P/B2Pb1P1/P1QNPP2/RN2KB1R b KQk - 4 9,3
1n1q1br1/rpp1pk1p/3pb1p1/p4p2/2PP1PnP/2N4N/PP1BPR2/R2QKB2 b Q - 4 11,3
rnb2br1/N1qp1k2/1p2ppp1/2B4p/5Pn1/1P3KP1/P1PPP2P/2RQ1BNR b - - 3 12,3
r1bqkb2/pppppprp/6p1/n5Pn/N3P3/7N/PPPP1PBP/R1BQK2R w KQq - 7 8,0
r1bqk1nr/pppp1ppp/8/n1b5/P1BPp3/2N1P2N/1PP1KPPP/R1BQ3R w kq - 2 8,3
r1bqk1nr/p2p1ppp/n7/1pp1p1b1/2P3P1/PPN5/3PPP1P/R1BQKBNR b KQkq - 2 7,3
1nbqkb1r/1pppnp1p/r7/p3p1p1/PP2P1PP/3B3N/2PP1P2/RNBQK2R b KQk - 0 7,3
rn1qkbnr/1ppbpppp/p2p4/B7/8/3P4/PPPNPPPP/2RQKBNR w Kkq - 6 6,0
rnbqk2r/ppp4p/4p1p1/2bp4/1P2pP2/P3K1QN/2PP2PP/RNB2B1R w kq - 2 10,1
rn1qkbnr/2p1p1p1/pp1pQ3/8/PP1Pp1bP/2P5/5PP1/RNB1KBNR b KQq - 3 12,3
r1bqkbnr/p1p1p3/1p1p3p/5pB1/4Q1P1/N1PP3N/PP3P1P/R3KB1R w KQkq - 0 11,3
rn2kbnr/1p1bpppp/p2p4/2p5/1P5P/1NN5/2PPPPPR/q1BQKB2 w kq - 0 10,3
r1b1kb1r/pp1pq2p/n3Q2n/5p2/P3p1p1/2P1P2N/1P3PPP/RNB1KB1R w KQkq - 1 11,3
rnbq1b1r/p1p1kppp/2n5/1N1pp3/1p2P3/PPP4N/R1QP1PPP/2B1KB1R b K - 2 9,3
rn1qkbnr/3pp3/b1p2ppp/pp6/P3P3/2P2NPP/1P1P1P2/RNBQKB1R w KQkq - 0 8,0
rn1q2nr/pb1k1p1p/1p5b/5Pp1/1p1pp1P1/2N4N/PBPPPKBP/R2Q3R b - - 3 12,0
r1bqk1nr/2pp1p2/1p6/p5pp/3B1P2/bP1nP3/P1PK2PP/RN1Q1BNR w kq - 2 10,3
1nbqkb1r/r2pp1pp/pp3p1n/2p5/P5PP/R1N2P2/1PPPP2R/2BQKBN1 b k - 1 7,0
rnbqk1nr/1pp2ppp/4p3/p2p4/PbP5/7P/3PPPPR/RNBQKBN1 w Qkq - 0 7,2
rnbqkbnr/4p1pp/2p5/pp1p4/5p2/NBP1P3/PP1PNPPP/R1BQK1R1 b Qkq - 1 7,2
rnbqkbnr/1p2p1p1/p4p2/2pp3p/4P1P1/4Q2P/PPPP1P2/RNB1KBNR b KQkq - 1 6,3
rn1qkb1r/3b1pp1/1p5n/p1p1p1Np/2PpP1P1/P2P4/RP3PBP/1NBQK2R b Kkq - 1 11,3
rnbqkbnr/p1p2p1p/1p1pp3/4P1pQ/1P6/8/P1PPKPPP/RNB2BNR w kq - 0 6,3
r2qkb1r/pppb3p/2np2p1/P3pp2/1PP5/5Pn1/3PP2P/RNBQKBNR w KQkq - 0 10,3
rnbqk1nr/1p2bp1p/p1p1p3/2Pp4/1P5p/B2BPP1R/P2P2P1/RN1QK1N1 w Qkq - 0 11,3
1nbqkbnr/3ppppp/rpp5/1P6/p4P2/P1P3P1/3PP2P/RNBQKBNR b KQk - 0 6,3
rn2kbn1/p3qpp1/bp1pp2r/7p/3PP1P1/NPpQ4/P1P2PBP/R3K1NR w KQq - 1 11,3
r1bqk3/1pp1bppr/3pp3/p2n3p/P1n2PP1/2NP1N2/1P2P1BP/R1BQ2KR w q - 4 13,3
rnb1k1nr/2p2p2/p3p1qp/2bp4/P1NN2p1/8/2PPPPPP/R1BQKB1R b Kkq - 7 12,3
1nb1k1nr/rp1pppb1/2p3p1/1N2q2p/pPB1P1N1/8/P1PP1PPP/R1BQK2R w Kk - 0 11,3
rnb1k2r/3p1p1p/2p2q1n/pp2p1p1/3b1B2/N2P3P/PPP1PPP1/1R1QKBR1 w kq - 3 11,3
rnb2qnr/1p2bppp/p1k1B3/2pp4/P3P2P/1P1P1QP1/2P2P2/RNB1K1NR b KQ - 0 10,3
rnbqkbr1/1p1p2p1/p1B2p2/4p2p/2n1P1PP/1PP2N2/P2P1P2/RNBQK2R b Qq - 0 12,3
1nbqkbnr/1r1pBp2/p1p5/1p4pp/3PP1P1/P1P2N2/RP3P1P/1N1QKB1R w Kk - 0 10,3
rnbqkbr1/2ppn3/5ppp/4p3/1pP2P1P/NP1P4/P3PQP1/R1B1KBNR b KQq - 0 10,3
r1q1kbnr/p1ppp2p/b4p2/1p2n3/P1P3pP/1P1PB3/3QPPP1/RN2KBNR b Qkq - 0 9,3
rnbbk2r/p1q2p2/2p4n/1p1p2pp/3P4/4P3/PPPQKPPP/RNB2B1R w kq - 2 11,0
2bqkb1r/r1pppp2/ppn2n2/1P4pp/P1PP3P/4BN2/4PPP1/RN1QKB1R b KQk - 1 10,3
2rqkbnr/pbpp3p/1p2p3/P4pp1/B1P3PP/8/P2PPP2/RNBQK1NR b KQk - 1 9,3
r2qkb1r/p2ppp1p/bpp2n2/6p1/1n4QP/N3P1P1/PPPP1P2/R1BK1BNR b kq - 4 8,3
rnbk1bnr/pp1p1p1p/2p5/4p1p1/2PP3q/PP3PP1/4P2P/RNBQKBNR b KQ - 0 6,3
r1bqkb1r/n1ppnpp1/8/pp2p2p/8/P4NP1/1PPPPP1P/R1BQKBR1 w Qkq - 2 8,0
rnbq1bnr/ppp1pk1p/3p4/5pp1/4P1Q1/PPP5/3PBPPP/RNB1K1NR b KQ - 3 6,3
r2qkb1r/ppN1p3/3p3n/2P3pp/1n2Ppb1/1Q1P1B2/PP3P1P/R1B1K1NR b KQkq - 0 13,1
1rbq1kn1/1ppp1p2/n5pr/4p1bp/p1P2PQ1/3PP1PN/PP5P/RNB1KB1R w KQ - 3 13,3
1rb1kb1r/pppq1ppp/2np4/4p2P/P2P2nR/8/1PPKPPP1/RNBQ1BN1 w k - 1 8,3
r2qk1nr/4bp1p/ppn3p1/2ppP1N1/4P2P/PQP4b/1P1P2PR/RNBK1B2 b kq - 0 12,3
r1bqkbnr/p1pnp1p1/1p1p1p2/5B1p/1P6/P1N1P1P1/2PP1P1P/R1BQK1NR b KQkq - 0 7,0
rn1qkb1r/2pppppp/p6n/1p6/3Pb3/1PN2P2/P1P1P1PP/1RBQKBNR w Kkq - 3 6,3
r1bqk2r/p1pp1p1p/1p2P1pb/4n3/2B1P1n1/P1PQBN2/1P3PPP/RN2K2R w KQkq - 5 13,3
rnbqk2r/p2pppbp/1p3n2/P1p4Q/1P2P1p1/2N2NP1/2PP1P1P/R1B1KB1R b KQkq - 2 9,3
rnbqk2r/p1ppppbp/1p3n2/5Pp1/3NP3/8/PPPP2PP/R1BQKBNR w KQq - 1 7,2
rnbqk1nr/2p2pp1/p2p3p/1p2p1P1/2P4P/b2N1P2/PP1PP3/RNBQKB1R b KQkq - 0 8,3
r1bqkbnr/pp4pp/8/n1pp1pN1/2P2p2/6P1/PP1PP1BP/RNBQ1K1R b kq - 0 8,3
2bqkbnr/3ppp1p/r7/1Pp3p1/p2n1P1P/N3PN2/1PPPBKP1/R1BQ3R b k - 5 9,3
rnb1kb1r/1p1pp1pp/p1p5/Q2n1p2/2B4N/1q2P3/PPPP1PPP/RNB2K1R b kq - 7 8,3
rn1qkbnr/3bp1p1/2pp1p2/pB3P2/1P2P1p1/3P2P1/P1P4P/RNB1K1NR b KQkq - 0 9,3
rnbqk1nr/p2ppp1p/1p5b/2p3p1/1P1P1P2/2N5/PBP1P1PP/R2QKBNR w KQkq - 2 6,3
rnbq1bnr/1ppkpppp/p7/3p4/NP2P3/P2P4/2P2PPP/R1BQKBNR b KQ - 4 6,2
1nbqkb1r/r1p1pppp/pp1p1n2/8/1PP4P/2N2P2/P2PP1P1/1RBQKBNR b Kk - 2 6,0
rnb1kbnr/2p2pp1/4p2p/pp1p1q2/1P4P1/2NP4/P1PBPP1P/R2QKBNR w KQkq - 0 10,3
r1bqk2r/p1pppp1p/n4np1/1pP5/3P1b2/8/PP1NP1PP/R1BQKBNR b KQkq - 1 7,3
1nbq1b1r/k3pppp/3p3n/pBp5/3P2P1/1QP1PN2/PP3P1P/RNB1K2R b KQ - 0 12,3
r1bqkb1r/ppp1pn1p/2n5/3p1p2/3P3p/N6N/PPPKPPP1/R1BQ1B1R w kq - 0 8,2
rnbq1bnr/3kppp1/2p4p/1B1P4/pP4P1/N2P4/P1P1NP1P/R1BQK2R b KQ - 0 8,3
rnb1kbnr/3ppp1p/1q6/ppp3p1/P1P1PP1P/1Q1B4/1P1P2P1/RNB1K1NR w KQkq - 1 10,3
rn1qkbnr/p1p1pp2/4b3/1p1p3p/6p1/2KP2P1/PPPQPP1P/RNB2BNR w kq - 2 7,0
1nbqkbnr/r2ppp2/pp4p1/7p/P1p2P2/1P2P2N/R1PPQ1PP/1NB1KB1R w Kk - 2 8,3
r2qk2r/1ppbpp1p/2n3pn/pN1pb3/1PP3P1/P3P3/3P1P1P/R1BQKBNR w KQkq - 1 10,3
1nb1k2r/rB1pqp2/2pb1n2/p3p1N1/P6p/2N1PP2/RPPP2PP/2BQ1K1R w k - 0 11,3
r2qkbnr/3np1pp/3pbp2/1pp5/pP2PP2/5NP1/P1PP3P/RNBQ1K1R b kq - 2 10,3
rn1qkr2/Q1p3bp/2bp1p1n/3p2N1/1pP5/5P2/PP1PPKPP/R1B2B1R w q - 0 13,3
r1bqk1nr/2pp2pp/pp1b4/n3pp2/1P2P3/N4PPB/P1PPN2P/R1BQ1K1R b kq - 0 8,3
r1bqkb1r/ppppp2p/2n2n2/8/4Ppp1/P4PPP/1PPPK2R/RNBQ1BN1 b kq - 2 7,3
rnb2b1r/p2pn1pp/1ppk4/4pP2/PP5P/2N2P1B/2PPN2P/R1BQK2R b KQ - 4 12,0
1rbqkb1r/pppp1n1p/n4pp1/1P2p3/P3PB2/2NP4/2P2PPP/R2QKBNR w KQk - 3 8,3
r1bqk2r/1p1ppp1p/p1n2np1/2p3b1/2B1P3/P1PP2PP/1PN1NP2/R1BQK2R b KQkq - 0 10,3
rq2kbnr/pbp1p3/np1p1ppp/1P4N1/3P4/P1N1P1PP/1BP1KP2/R2Q1B1R w kq - 1 13,2
rnb1kqr1/3p3p/p1pbppp1/1p3P2/1PP4P/Q5PR/P2P1P2/RNBK1BN1 w q - 2 13,3
r1b1kb1r/1p1p1p1p/1qn3pn/pNp1P1P1/P7/1P3P2/1BP1P2P/R2QKBNR b KQkq - 2 11,3
rnb1qb1r/pp2k1pp/7n/1Pppp3/5p1P/2NPP1P1/P1P2PB1/1RBQK1NR b - - 3 11,3
rnb1kb1r/2p1n1p1/pp1q4/3ppP1p/4P3/2N2N2/PPPPBP1P/R1BQ1R1K w kq - 2 10,3
1rbq1b1r/ppppk1pn/n7/4p2p/4pP1P/1PPB1Q2/P2P2PR/RNB1K1N1 b Q - 1 10,3
rnb1k1nr/1ppp1p1p/p3p2b/P5p1/2P1PP2/8/R1QPK1PP/1Nq2BNR w kq - 0 12,3
r1bqkbr1/ppppp3/n6p/2P3p1/P4Nn1/1Q2P3/1P1P1PP1/RNB1KBR1 b Qq - 0 11,3
rnbqk3/pp1p1prp/6p1/2p1p1P1/Pb6/N1P2P1n/1P1PP2P/R1BQKBNR w q - 3 11,3
r1b1k1nr/p1qnp2p/5p1b/2p3p1/1pP5/P1NP2P1/1PQ1PP1P/R1B1KB1R b KQkq - 1 9,3
r2qkbnr/pb3p2/1ppppnp1/6Pp/P1B1P2P/5P1R/1PPP4/RNBQK1N1 w Qkq - 0 10,3
rnbq1bnr/2pk3p/P5p1/3ppp2/R1P3PP/8/1P1PPP2/1NBQKBNR b K - 0 12,3
r1bk1bnr/p1pp1ppp/n3q3/1P2pP2/1P6/3P4/2P1P1PP/RNBQKBNR w KQ - 1 7,3
rn1qkb1r/3p1p1p/1pp5/pb1np3/P2P1PpP/2P3P1/1P2P2R/RNBQKBN1 b Qkq - 1 11,3
rnb1k1nr/pp2p1bp/1q3p2/3p4/3PQ1p1/2N1P3/PPP2PPP/R1B1KBNR b KQkq - 0 8,3
rn1q1b1r/pppkpp2/8/P2p2pp/5P1P/1R6/1P1PP2n/RNBQKB2 w Q - 0 12,3
r1b2knr/p1pnppb1/1p1q2pp/3p4/1P6/2PPNN2/P2QPPPP/R1B1KB1R b KQ - 4 10,3
r3kbr1/p1p1pp2/1pn1N2n/3p2Bp/1PPP4/q3P3/P3BPPP/RN1QK2R b KQq - 6 13,3
rn3bnr/3kpppp/pppp4/5q2/3P1P2/NPPBP2P/PB5P/R2QK1NR b KQ - 0 10,3
r2q1bnr/pppkppp1/n6p/8/4b3/2PPP3/PP3PPP/RNB1KBNR b KQ - 0 9,3
rnbqkbnr/1p2pp1p/4P3/2pp2p1/p6N/6P1/PPPP1P1P/RNBQKB1R b KQkq - 1 6,3
1rb1kb1r/pp1p1p1p/2pQp1p1/2n5/2P3n1/N7/P2PPPBP/RqB1K1NR w KQk - 2 12,3
rnbqkb1r/2ppnp1p/4p3/pp6/1P1P4/P3Pp2/2P1BPPP/RNBQK2R w KQkq - 2 8,3
rn1qk2r/p1p1b1pp/b6n/QP1p1p2/4pPP1/5N1P/PP1PP3/RNB1KB1R w KQkq - 1 9,3
rnb1kbnr/p2p3p/1qp1ppp1/1p4N1/4PP2/3B4/PPPP2PP/RNBQK2R b KQkq - 2 7,0
r1bqkbnr/1p1n2p1/4p2p/p1pp4/1P2NpPP/4PP2/P1PP2B1/R1BQK1NR b kq - 0 13,3
r1bqkbn1/p1pppp2/2n3p1/1p3rN1/3P2P1/N3P3/PPP2P1P/R1BQKB1R w KQq - 2 9,3
rnb2br1/p2pk1pp/2p1p3/5P1n/PpP5/3R1P2/RP1PP3/1NBQKBN1 w - - 2 12,3
rn1q1b1r/p2kpppp/1p1p4/2p5/1P2b1PP/3P4/P1P1PPB1/RNBQK2n w - - 0 13,3
rn2kbnr/3bp2p/p7/1pPp1pP1/2N3P1/B7/P1PPPP1R/RN1QKB2 w Qkq - 0 12,3
rnq1kbnr/pp2p1p1/3p1p2/2p2b2/PPP3pP/2N2P1R/3PP3/R1BQKBN1 w kq - 0 11,3
r1bqkbnr/2p2p1p/2n5/pp2p1p1/P3p3/3B1N1P/1PPP1PPR/RNBQK3 b Qkq - 1 8,3
rnbqkb1r/p2ppp2/6pp/1pp5/6B1/3KP1nN/PPPP1PPP/RNBQ3R w kq - 2 8,3
1rb2bnr/pp2k1p1/n4q1p/2ppppB1/8/3P1PPP/PPP1PK2/1NRQ1BNR b - - 0 12,3
rnb2b1r/ppqpkp2/2p3p1/8/P3n2p/1P3Q1B/2PPKPPP/RNB3NR w - - 0 13,3
r1b1k1nr/p1qppp1p/nNp4b/6p1/5P1P/8/PPPPP1P1/R1BQKBNR w KQkq - 1 7,3
r1bqkb1r/2pnpp1p/1p4pn/p2p4/3P3P/8/PPPNPPP1/RQ1K1BNR w kq - 2 7,0
1nbqk2r/r1p1pn1p/5pp1/1p1p4/P2PP3/R1N4P/1PPQ1PP1/4K1NR b Kk - 1 11,3
rnb1kb2/p1ppqppr/4p2n/7p/1pP1P3/1P1P2P1/P4PBP/RN1QK1NR w KQq - 3 10,0
r1bqkbnr/p3pp1p/np6/2p3p1/4P1Q1/2Pp3N/PP1P1PPP/RNB1KB1R w KQkq - 0 8,3
rn1q1b1r/pp1k2pp/B4p1n/2ppp3/7P/P3P1Pb/1PPP1P2/RNBQK1NR w KQ - 5 9,3
r2qkbn1/2Qbp2r/np3ppp/8/2p3P1/P1NP4/RP2PP1P/2BK1BNR b q - 0 12,3
rn1qk1nr/p4p1p/bpp1p1p1/8/1PPp4/N3PP2/PB2PNPP/R2QKB1R w KQkq - 0 11,2
1rbqk1r1/pppp3p/n3p2n/5pp1/PB6/2b1PB2/R1PP1PPP/1NNQ1K1R b - - 11 13,3
rnbqkbnr/p1p1p1p1/3p1p2/1p5p/PPPP1BP1/8/4PP1P/RN1QKBNR b KQkq - 1 7,3
r1bqkb1r/p1pppnpp/2n5/1p3p2/2PN4/PP1P4/4PPPP/RNBQKB1R b KQkq - 0 6,3
r1bq1b1r/1p1pp1p1/n1p1k3/pP1n1p1p/5PP1/P1PP3B/1B2P2P/RN1QK1NR b KQ - 0 10,3
rnbqkbnr/3pp3/p6p/5p2/2pN2p1/NP2P1P1/P1PPKP1P/R1BQ1B1R b kq - 1 9,2
rnbq1knr/1p1pp1b1/p1p5/5ppp/3NPP2/1PN3PP/P1PP4/R1BQKB1R w KQ - 1 9,3
rnb2bnr/pppqp1pp/6k1/3p2N1/2PPPp2/4B3/PP3PPP/RN1QKB1R w KQ - 1 7,3
r1bqkbnr/ppp3pp/n2ppp2/8/4P1P1/P4P1B/1PPP3P/RNBQK1NR b - - 1 7,0
rnbqkbnr/pp4p1/2p1p2p/3p1pB1/1P3PP1/3P1N2/P1P1P2P/RN1QKB1R b KQkq - 0 6,3
1nb1k1n1/1p3ppr/r3p3/p1pp3p/q1NP1P1P/bP2B1P1/P1P1P2R/R1Q1KBN1 w Q - 5 11,3
1rbqkb1r/ppp1pppp/4n2n/6Q1/3pP3/NPPP4/P4PPP/1RB1KBNR b Kk - 1 8,3
1rbq2nr/1ppp1p2/p2kp2p/2b3pP/2PnPP2/3P1Q2/PP1B2P1/RN2KBNR b Q - 0 12,3
rnbq1br1/pp1ppkpp/5p1n/2p5/P1P1P3/N6N/1P1P1PPP/R1BQKB1R w KQ - 3 6,0
r1bqkb1r/1p1npp1p/5Qp1/p1p5/3pP1PP/N1PP4/PP3P2/R1B1KBNR b KQkq - 1 9,3
rn1qkbnr/1pp1ppp1/p7/5b1p/PB1p1P2/2NP3P/RPP1P1P1/3QKBNR b Kk - 0 9,3
r2qkb1r/pbpppp1p/np4p1/4P3/Q1P2P2/P2P2PP/1n2B2R/RNB1K1N1 b Qkq - 2 12,3
r1b1k2r/pppp1p1p/2n4p/4p2n/4P3/3P3N/PPP2QPP/RN2KB1R w KQkq - 1 10,3
r1bqkbnr/p2ppQp1/1pp4p/2n5/7P/2P2PP1/PP1PP3/RNB1KBNR b KQkq - 0 6,1
rn1q1bnr/pppk2pp/3p4/4Pp2/6b1/N4NP1/PPPPPK1P/R1BQ1B1R b - - 1 6,3
rnb1kbnr/p1pq1pp1/1p1p3p/4p3/4P1P1/P2PQ2P/1PP2P2/RNB1KBNR w KQkq - 0 8,3
1nbqkb1r/rpppppp1/p4n2/1N6/P6p/1P3N2/2PPPPPP/R1BQKB1R w KQk - 3 6,3
r4b1r/p1qbk1p1/nppNpn2/5pPp/3P1P1P/1R6/PPPQP3/R1B1KBN1 b Q - 0 13,3
rnb1kb2/pp1pnpp1/B1Q1q2r/3Pp2p/2P5/N3P3/PP2NPPP/R1B1K2R b KQq - 2 9,3
rnb3nr/2ppkp1p/pp1bp1p1/8/1PP3P1/4PP1q/P2PK2P/RNBQ1BNR w - - 1 9,2
rnbqk1nr/p1pp1pp1/1p6/4p2p/1bPP4/P6N/NP2PPPP/R1BQKB1R w KQ - 2 8,1
rnbqkbn1/4pp2/1pp4r/p2p2pQ/1PBPP3/N7/P1PB1PPP/1R2K1NR b Kq - 0 12,3
r1bqkbnr/pppp4/n4pp1/4p2p/P7/1PN2N2/2PPPPPP/R1BQKB1R w KQkq - 0 6,0
rn1q1bnr/3p1kp1/b3pp2/pp5P/P1p2N2/1PNP2P1/2P1PP2/R1BQKB1R b KQ - 4 11,3
r1bqk1nr/ppp4p/3b1p2/1P1p2p1/1n1pP1P1/5P1P/P1P5/RNBQKBNR b KQkq - 0 9,3
rnbqkbn1/2ppppp1/p6r/1p5p/1PP2P2/7P/P2PP1PR/RNBQKBN1 w Qq - 1 6,2
r1bk1bnr/p1pp4/n3p2p/4Nppq/1p3P2/P1PP2PB/RP2P2P/1NBQK2R w K - 0 12,3
rn2kbnr/ppp1pppp/2q5/3p4/4P1b1/5N2/PPPP1PPP/RNB1KBR1 w Qkq - 2 6,2
2bqkbnr/rppppp2/p1n5/7p/3P1Bp1/1PP5/P2QPPPP/RN2KBNR b KQk - 1 7,0
Q1b1kbnr/1p1pp1p1/5p2/q1p4p/2P5/2N2PPN/PPnPP2P/R1BK1B1R b k - 0 10,3
1nbqkbnr/rpp1pppp/3p4/p6P/P7/R7/1PPPPPPR/1NBQKBN1 b k - 2 6,0
rnbqk1nr/2pppp2/5Pp1/pp2Q2p/1P6/P7/2P1P1PP/RNB1KBNR b KQkq - 1 8,3
rn2kb1r/pb2pppp/2pp3n/1p6/1q4PP/1PPP1P1B/3BP2N/RN1QK2R b KQq - 0 12,3
rnbq1bnr/p2kpp2/1pp5/1B4pp/3pPQ2/6P1/PPPP1P1P/RNBK2NR w - - 0 9,3
rnb1kbnr/3ppppp/1pp5/p4P2/Q1q3P1/2P4N/PP1PP2P/RNB1KBR1 b Qkq - 3 7,3
r1bqkr2/ppnpbp1p/2p1p3/3NPn2/1P3pQ1/P2P2P1/2PK1P1P/R4BNR b q - 1 12,3
rnb1k2r/pp1p1pb1/6nq/1p2p1pp/Q1P5/P2BP1PN/1P1P1P1P/1RB1K2R w kq - 5 13,3
rnbq1b1r/p1pk1p2/3p2pp/1p2p3/3P1BnP/NP4P1/P1PQPP2/R3KBNR w KQ - 4 11,3
r1b1kbnr/1pp1ppp1/2np4/pQ3q1p/3P4/PPP5/4PPPP/RNBK1BNR b kq - 0 9,3
1nbq1b1r/3pp1pp/rp2kp2/1Np2nP1/p2P4/5P1N/PPP1PKBP/R1B1Q2R w - - 1 13,3
r1qk3r/pb1pbpp1/nn5p/1pp1p3/1P4PP/B1N1P3/P1PP1P2/R1Q1KBNR w KQ - 3 13,3
1rbqkbnr/p2p1p1p/n3p1p1/1pp5/BP2P3/N2P4/PBPNKPPP/R2Q3R b k - 2 10,3
rnb1k2r/pp1pppbp/2p3pn/q7/1P4P1/P6N/2PPPP1P/RNBQKBR1 w Qkq - 3 6,2
rnbqk2r/pp1p2p1/2p1p2n/5p1p/1b2B1P1/2P2P2/PP1PP2P/RNBQK1NR w KQkq - 1 7,3
rn2k1nr/p1qp2p1/b1p1pp1p/1P2b3/1P4P1/3P1B1N/2P2P1P/RNBQK2R b KQkq - 0 10,3
rnbqkbnr/p1pp4/1p6/5ppp/1P1p4/B4K2/P1P1PPPP/RN1Q1BNR w kq - 0 7,0
rnbq1b1r/3ppk1p/2p2p1n/pp4p1/P3Q3/N3P3/1PPP1PPP/R1B1KBNR w K - 0 8,3
rnbqkb1r/3p1pp1/p1p1pn1p/1p6/1P3P2/5NP1/P1PPP2P/RNBQKB1R b KQkq - 1 9,0
rnb1kn2/pppp4/3b2pr/3qpp1p/PP2R2P/3P4/2P1PP2/R1BQKBN1 b q - 2 13,3
rnbq2nr/1pp3bp/p1Bppk2/5p2/1P1P2p1/4PP2/P1P1K1PP/RNBQ2NR w - - 0 12,3
1nbqkbnr/1p1ppp2/r1p3pB/p6p/PP1P4/5NP1/R1P1PP1P/1N1QKB1R b K - 2 9,3
rnbqk2r/p2pbppp/7n/1pp1P3/1P2P1P1/P1P5/3P3P/RNBQKBNR b KQkq - 0 7,3
rn2k1n1/p1pp1ppr/7N/1p1b4/2P1q3/1P3N2/PR1KPPPP/2BQ1B1R w q - 1 12,3
rnbqk2r/pp1p2pp/4pp1n/2p5/P1P1Pb2/1PN2N1P/3P1PP1/R1BQKB1R b KQkq - 2 7,0
r1bqkb1r/pppp1ppp/n7/2Pnp1B1/PP6/3P4/4PPPP/RNQ1KBNR b KQkq - 0 7,3
r1bq1bnr/2pp2k1/4p1p1/pp5Q/P2PPP1P/4B3/nPP3P1/1N2KB1R b K - 0 11,3
r1bq1b1r/2pkpp2/p1n2p1p/1p1p4/1P1P4/2P5/PBQNPPBP/R3K1NR b KQ - 3 11,3
rnbk2nr/2qp1ppp/p1p5/bP2p3/3NPP2/P7/1P1P2PP/RNBQKB1R w KQ - 1 9,3
1nb1k1n1/rppp2p1/3b1p2/pN2p2r/3P3q/P1P1P3/1P2KPPP/1RB2BNR w - - 2 12,3
rnq1k1nr/p2b1ppp/Qpp1p3/1PPp2b1/P7/3P4/4PP1P/RNB1KBNR w KQkq - 0 12,3
1rb1kbr1/p1pp1ppp/Qp5q/4p3/4n3/N1P2N1P/PP1PP1PR/R1B1KB2 b Q - 4 13,3
2r1kbr1/p1pnp1pp/3qb3/nN1p1p2/PP2PN2/2P2P2/3P2PP/R1BQ1BKR w - - 3 12,3
1rb2b1r/pp1pnk1p/nqp1pp2/6p1/1P4P1/P2P3N/B1P1PP1P/RNBQK2R w KQ - 1 10,3
rnbq1k1r/pp1p3p/2pbpp1n/4P3/3P1Pp1/N3Q2N/PPP3PP/R1B1KB1R w KQ - 0 10,3
1rbk1b1r/1p3ppp/nq2pn2/p2p4/Pp1P4/3K4/1RP1PPPP/1NBQ1BNR b - - 1 13,0
rnb1kbnr/3p4/p2q1p2/Ppp1p1Pp/8/1QP2PP1/RP1PP3/1NB1KBNR b Kkq - 1 10,3
rnb1kbnr/p2pp1pp/1p2Q3/2p2p2/1P2PB2/3P1P2/P3B1PP/RN1K2NR b - - 3 12,3
r1bqkb1r/pppppp1p/8/Q1P3p1/1P4n1/P4PP1/3P3P/RNn1KBNR b KQkq - 1 8,2
rnb1kbnr/p1pp2pp/1p6/4Pp2/P7/8/1PP1PPBP/RNBQK1NR w KQkq - 0 6,3
rnb2knr/pp1pb1pp/1q6/2p1pp2/2P3PP/PQ6/1P1PPP2/RNBK1BNR w - - 2 8,3
r2qkbnr/pbp1ppp1/1p6/3p3p/Pn1PP3/5P2/1BP3PP/RN1QKBNR w KQkq - 1 7,0
rnbq1b1r/ppp1p2p/4k2n/3p1pp1/P7/1P1BP2P/2PP1PP1/RNBQK1R1 w Q - 0 12,0
rnbk1bnr/4pp2/1pp4p/p1qp2pP/2P1P3/4Q2R/PP1PNPP1/R1B1KBN1 w Q - 0 12,3
r1bq1b1r/1ppk2pp/pPnp4/4p1P1/P1P1Pp2/5Q2/R2P1n1P/1NB1KB1R w K - 2 13,3
rn1q1b1r/p1pk1ppp/b4n2/1p1Pp3/3P4/P7/1PP2PPP/RNBQKBNR w KQ - 1 7,3
r4bnr/pp1npkpp/3p1p2/P1p2B2/3P1N2/2P1PP2/5P1P/RNB2K1R b - - 0 13,2
r1bqkbnr/pppp2p1/2n1p3/7p/2P2p2/5PP1/PPQPP2P/RNB1KBNR w KQkq - 0 6,0
rnb1kbn1/pp1p2pN/q1p2p1p/4P3/2B3PP/1P2P3/P1PP4/RNBQK2R b KQ - 2 10,3
r1bqkbnr/p1n1p1p1/5p1p/1ppp4/2P4P/P2Q3N/1P1PPPP1/RNB1KB1R b KQkq - 0 8,3
rnbqkbnr/2p2ppp/p3p1P1/1p1p4/8/3P1P1N/PPPBP2P/RN1QKB1R w KQkq - 0 8,3
rnbqkb1r/2pp1pp1/pp2pn2/7p/2N5/2P1P3/PP1PKPPP/RNBQ1B1R b kq - 1 8,0
rn1q1bnr/1bp1pppp/pp2k3/3p4/2P2P1P/1P1Q2P1/P2PP1B1/RNB1K1NR w KQ - 5 9,3
r2qkb1r/ppp1p1pp/n3bp2/5n2/3p3P/PPPP3R/4PPP1/RNBQKBN1 b Qkq - 0 8,3
rnb2bnr/4q2p/pp1kp1p1/2pp1pP1/7P/P2P3B/1PPQPP2/RNBK2NR w - f6 0 12,0
rnb1kbnr/1p1ppp1p/p7/2pP1qp1/8/P4PP1/1PPNP2P/R1BQKBNR b KQkq - 0 7,3
r2q1b1r/p1pknp2/2n3pp/1p1ppb2/P1P1P3/R2K1P1Q/1P1P2PP/1NB2BNR b - - 0 13,3
rn1q1kr1/p2pn1pp/b3pp2/2P5/5b2/2NBPP1P/PP1P2P1/R1BK2NR b - - 6 13,3
rnbq1bnr/1pp1N1p1/4k2p/p4p1Q/1P2P3/2P4N/P2P1PPP/R1B1KB1R b KQ - 0 8,3
r1bqkbnr/2p1p1pp/1pnB1p2/p7/3P4/1QP5/PP2PPPP/RN2KBNR w KQkq - 0 6,3
r1b1kb1r/4pp1p/pqnp1np1/2P5/Pp5P/NP5N/2PKPPP1/1RBQ1B1R w k - 3 13,3
r2qkbnr/p1p1ppp1/np6/3p1b1p/P1P4P/4Q3/1P1PPPP1/RNB1KBNR b KQkq - 1 6,3
1nbq2nr/r1pkb1p1/pp5p/1P1ppp2/P1B1PPP1/7N/2PP3P/RNBQK1R1 b Q - 1 11,3
rnbqk2r/3p4/p1p4n/4pPpp/Pb3PPP/Rp6/1PPPQ3/1NBK1BNR b kq - 2 12,3
rnb1k1nr/p2p1p2/P1p1pqp1/7p/1p2P3/2N1b3/1PPPQPPP/R1B1KBNR w KQkq - 1 12,3
1r1q1bnr/ppp1p1pp/2n2k2/5b2/3P2pP/1P1B1P1N/PBPP2P1/RN2K2R w KQ - 1 10,3
rnbqkb2/1p2pp1r/2pp2pn/p7/1P5p/PQPP2PP/1B1NPP2/RN2KB1R w KQq - 0 11,3
rnb1kbr1/pp1p2pp/1qp5/4pp2/3PnP2/RPN4N/2P1P1PP/2BQKB1R w q - 6 12,3
rn1qkbnr/2p1pp1p/4b1p1/p2p4/7N/3p2PP/PPQNPP2/R1B1KB1R w KQkq - 0 9,3
r1bqk2r/p1pp1ppp/n4b1n/1p2p3/6P1/BP1P1P1N/P1P1PK1P/RN1Q1B1R w q - 2 10,0
r1bqkb1r/p1pp1pp1/n4n2/1p5p/3p4/P1P2NPB/1P1NPP1P/R1BQ1K1R w kq - 0 11,3
r1bqkbn1/p2pp3/npr3p1/2p2p1p/1P4P1/N2P1P1P/PRPBP3/3QKBNR b Kq - 0 12,3
rnbqkbr1/3ppp2/1pp3p1/pN5p/P2N3P/2n5/1PPPPPP1/R1BQKB1R b KQq - 1 10,3
r2qkbn1/pb2pp1r/n7/1ppp3p/2BPPp2/NP4PP/PQP2P2/R3K1NR w KQq - 2 13,3
2bq1k1r/r1pp1pbp/2n4n/pp2p1p1/5N2/N3PPP1/PPPPB2P/R1BQKR2 w Q - 0 11,3
1nbqk1nr/rpppp2p/7b/pN3pB1/8/3P2PB/PPP1PP1P/R2QK1NR b KQk - 0 7,2
r1bqkb1r/3pn2p/2n5/1pp1ppp1/pP5P/P1N3P1/R1PPPPB1/2BQK1NR w Kkq - 2 10,3
rn2qbr1/pbpkpppp/7n/3p4/pP1P2P1/B3P2B/2PKNP1P/RN1Q3R w - - 4 11,0
rn1qkbn1/p3pr2/2bp2p1/1pp2p1p/1PBPPPP1/P4R2/R1PBN2P/1N1Q2K1 w q - 0 13,3
rnbqkbr1/ppp1pppp/3p1n2/8/1P2P1P1/P1P5/3P1P1P/RNBQKBNR w KQq - 1 6,2
r1b1kbnr/p3p1pp/1pn5/3p1p2/2pq1P1P/1P6/P1P1P1P1/RNBQKBNR w KQkq - 0 9,3
r2qkbr1/p1p2ppp/3p1p1n/1p6/1n1P4/1P2P2b/P1P2PP1/RN1QKBNR w KQq - 1 10,3
rnbqkr2/1p1ppp1p/8/p1pPb1pn/1P6/5NPP/P1PBPP1R/RN1QKB2 w Qq - 5 11,3
rnbqk1n1/1ppp1p2/p3p1p1/4b3/2P4r/4P3/PP1P1PPP/RNB1KBNR b KQq - 1 8,3
rn2k2r/p1q1pp1p/b5pn/Pppp2b1/3PN3/RP3P2/2P1P1PP/1NBQKBR1 w - - 1 13,3
rnb1kb1r/1p2ppp1/1qpp3p/p3N3/P3n1P1/RP6/2PPPPBP/1NBQK2R w Kkq - 0 8,3
1n1qk1nr/rbpp1ppp/p7/1p1P4/P3p3/2b2P1P/RP1QP1P1/1NB1KBNR w Kk - 0 9,3
2b1kbnr/1p1nppp1/r1p4p/3p4/p1BP4/P1P1PN2/1P4PP/RNBQ1K1R w k - 0 11,3
r1q1kbnr/pp1n2p1/2p2p1p/3pp2P/5N2/1P1PPP2/P1NB2P1/R2QKB1R b KQkq - 4 11,0
r2qkbnr/p1p2p2/np2N3/3pp1pp/2b1P2P/3P1PK1/PPP3P1/RNBQ1B1R b kq - 4 9,3
r1b1kbnr/1p1p2p1/pB2p3/2p2pPp/QnPP4/5N2/PP1NPP1q/R3KB1R b KQkq - 5 10,3
rnb1k2r/pp1p1p1p/2p1pQ1n/qBb5/1P2P2P/N5p1/P1PP1PP1/R1B1K1NR b KQkq - 1 9,3
rnb1k1nr/1p1pp1b1/p1p3p1/q4p1P/5P1P/1P5B/PBPPP3/RN1QK1NR w KQkq - 3 8,3
rnb1kbnr/1ppp2pp/4qp2/p3P3/2P1P3/3P3P/PPQ3P1/RNB1KBNR b KQkq - 0 7,3
1n1qkbnr/rpp2ppp/p7/3ppb2/4PN2/6PP/PPPPQP2/RNB1KB1R b KQk - 2 6,3
r1bqk2r/pp2pp1p/3p1n1b/2p1NP2/P1P3p1/3PP1N1/1P4PP/R1BQKBR1 b Q - 0 12,3
rn1k1bnr/1b1p2p1/7p/ppp1pp2/6P1/3PKP1P/PPP1PR2/RNBQ1BN1 w - - 2 13,0
rnbqkb1r/pppp3p/4ppp1/8/4P3/2N2NnP/PPPPBPP1/R1BQK1R1 b Qkq - 0 7,3
r1bq1knr/p3pp1p/7b/1ppp1P2/2P3P1/P3P3/nP1PK1P1/1NBQ1BNR w - - 0 11,3
rnb1kb1r/pq1ppppp/2p4n/1p6/QP2P3/2P2N2/P2P1PPP/RNB1KB1R w KQkq - 3 6,3
r1bqk1nr/p1p3pp/2n2p2/1p1pp3/1b2P3/1P1P4/P1P1QPPP/RNBK1BNR w kq - 0 7,0
N1bqknnr/4b1pp/p2ppp2/1pp5/PP1P1PP1/7P/2PBP3/RN1QKB1R w KQk - 0 13,3
rnb1qbnr/p2pp1pp/1p3pk1/1Np5/PP6/7P/2PPPPP1/1RBQKBNR w - - 1 9,3
rn1qk1nr/p1pp1p1p/7b/4p1p1/1p2PNP1/3b1P2/PPPB3P/RN1QKB1R b KQkq - 1 9,3
r1b1kbnr/pp1qpppp/n2p4/2P5/8/Pp1PP3/5PPP/RNBQKBNR w KQkq - 0 7,3
r1b1k1nr/p1pp1p2/n6p/1p2pPp1/7P/bq6/PBPPPNP1/R2QKB1R b KQkq - 1 12,3
r1kq1bnr/1pp2p1p/p2p2p1/4p3/1P1P1PPP/B4b2/PQ1PPK2/RN3B1R b - - 3 12,3
r2qk1nr/ppp1p1bp/n1b2p2/3p2P1/P2P2P1/NP2P2N/2PQ1P2/R1B1KB1R b KQkq - 2 10,3
rnb1kbn1/p2ppp2/8/Ppp3p1/4PBP1/2RP4/1PPQ1P2/1N2KBNr b q - 1 12,3
rnb1kbnr/2qppp1p/pp6/2p3p1/1PP2P2/4P3/P1QP2PP/RNB1KBNR b KQkq - 1 7,3
rn1qkbnr/N2pppp1/b7/7p/2p2P1P/1PP3P1/P2PP2R/R1BQKBN1 w Qkq - 1 10,2
rnb1kbnr/1pp1qp1p/4p3/p2p2p1/6PP/4PP2/PPPP1K2/RNBQ1BNR w kq - 3 7,0
r1b1k1nr/2p2p1p/p1nppqp1/6P1/1pP4P/PP3P2/3PP3/bNBQKBNR w kq - 2 11,3
2b1k1nr/Npp1pp1p/n7/p2p2p1/1Q2P3/3P1N2/PbP1K1PP/R1B2B1R w k - 0 12,3
rnb1k2r/pppp1pp1/8/4pNqp/1b3n2/2PP2P1/PP1QPP1P/RNBK1B1R b kq - 4 8,3
r1b1k1nr/pppp1pp1/2n4p/4pq2/Pb6/BP3PPP/R1PPPK2/1N2QBNR b kq - 4 9,3
rn2kbnr/1b1p1pp1/7p/p1p1pN2/1pP5/N4PPP/PP1KP3/R1B1QB1R w kq - 0 11,3
r1b1qb1r/2pppkpp/2n2p2/p2P1n2/1p6/1P3P1P/P1PQPKP1/RNB2BNR w - - 5 10,3
r1bqkbnr/1pp3p1/n2ppp2/p6p/1P1P1PP1/N3B3/P1P1P2P/R2QKBNR w KQkq - 1 7,3
1n1qkb1r/1pp1pp2/r2p2p1/p6p/P3n1bP/2P3PB/NP1PPP2/R1BQK2R b KQk - 2 11,3
rnbq1k1r/pppp1p1p/4Q3/5P2/4P1nP/8/PPPP2P1/RNB1KBNR b KQ - 0 10,3
2rqkb1r/pbppp1p1/1pQ2p2/7p/1nP3nN/2N5/PP1PPP1P/R1B1KB1R w KQk - 0 13,3
rn4nr/p1qpp1b1/b1p2ppp/1p3k2/2P5/N3PN2/PP1PQPPP/R1B1K1R1 w - - 6 12,0
rnbq1k1r/p1ppnNpp/3b4/1p6/1P6/1QP5/P2PPPPP/RNB1KB1R w KQ - 1 8,3
r1bqkb2/p2ppp1r/n7/1Bp3pP/5n2/1PP1P2N/P2P3P/RNBQK2R b KQq - 0 11,3
rnq1kb1r/1pp1pnpp/pP1p1p2/8/2P3b1/P2P1P2/4P3/RNBQKBNR b KQkq - 0 9,3
rn1qkb1r/1p2ppp1/p6p/1Ppp4/4n3/N5Pb/P1PPBP1P/R1B1K1NR w kq - 0 11,3
r1b1kb1r/ppppq1pp/4pp1n/8/1nPPP3/1PQ5/P3BPPP/RNBK2NR w k - 4 11,3
rn1q1rk1/Bbppn2p/p3p1p1/1p3p2/1P4PP/1Q1P3N/PP2PP2/RN2KB1R b KQ - 1 10,3
rnb1kbnr/pp1pppp1/8/2q4p/1Pp3P1/2P2P2/P2PP2P/RNBQKBNR w KQkq - 0 6,3
r1bqk2r/pp1pppbp/n5pn/2p5/2P1P3/N6P/PP1PNPPR/R1BQKB2 b Qkq - 1 6,0
rnb1k1nr/1p1p2b1/p5pp/2p1p1P1/P1P1P1p1/NP6/R2PN2P/2BQKB1R w Kkq - 0 11,2
2bqkb1r/rp1pnpp1/pB6/2p1p2p/1nP2P1P/3P2P1/PP1NPK2/RN1Q1B1R b k - 0 11,3
rn1qkb1r/p1p2ppp/7n/1p1pp3/PP2b1Q1/3B4/2PP1PPP/RNB2KNR w kq - 0 9,3
rnbqkbr1/3pp2p/1p3pp1/pNp5/PP6/B1P3nP/1Q1PPPP1/2R1KBNR b Kq - 0 11,3
r1b1kbn1/p3p2r/5ppp/qppp4/1nP2PPP/3P4/1P2P3/RNBQKBNR w q - 0 11,3
rnkq1b1r/2p1pppN/1p5n/3p3p/1Q1P1P2/p3P2P/PPP3P1/RNB1K2R b KQ - 1 12,3
rnbqk3/p1pp1p2/B4n1r/2b1p1PQ/pP2PPP1/8/2PP4/RNBK2NR b q - 0 13,3
rnbqkbnr/6p1/1pp1p3/p2p1p2/P2PN1p1/1P5B/1BP1PP1P/R2QK1NR w KQkq - 2 11,3
rnbqkbnr/1p1p3p/p3p3/2p2pp1/1P1P1P2/P3P1PP/2P5/RNBQKBNR b KQkq - 0 8,3
r2qkb1r/2pppp2/bpn2np1/p6p/8/P2PPN2/1PPKBPPP/RNBQ3R b kq - 3 8,0
rn1qkbnr/ppp1pp2/7p/2Pp4/3P2b1/P7/1P2PPPP/RN1QKBNR b KQkq - 1 7,0
1r2k1nr/1ppbbppp/2n2q2/p2pp1P1/P2P3P/2N2N2/RPPBPP2/3QKB1R b Kk - 2 11,3
rnb1kb1r/pp3p2/1q1p1np1/2P5/7p/P6P/2PPPPP1/RNBQKB1R w KQkq - 1 9,3
r1b1k1nr/ppppq1pp/4pp2/b4N2/5P1P/P5P1/n1PPP3/RNBQKB1R w KQkq - 1 9,3
r1b2bnr/pppq1ppp/2np1k2/5P2/2PPp3/PPQ5/RB2PKPP/1N3BNR b - - 6 13,3
rnb1kbnr/1p1pp3/pqp3p1/5pNp/7P/1QP5/PP1PPPP1/RNB1KB1R w KQ - 2 9,3
3q1bnr/rbpp2pp/ppn1k3/4pp2/1P1P1P2/P6P/2P1P1P1/RNBQKBNR w KQ - 1 10,0
rnb2b1r/pP1pk1pp/1qp1pn2/5P2/Q7/8/PP1PPP1P/RNB1KBNR w KQ - 1 9,3
rnbqkb1r/pp1n1ppp/2pp4/3Pp3/P4P2/2N5/RPP1P1PP/2BQKBNR b Kkq - 1 6,3
1nbqkbn1/r3p1p1/3p1p1r/ppp3Pp/PP6/5PKP/1BPPP3/RNQ2BNR b - - 2 12,3
1r2kbnr/pppb1p2/n3pq1p/3p2p1/1QP5/3P2PN/PP2PPBP/RNB1K2R w KQk - 4 10,3
r1bqkbnr/p3pppp/n7/PpPp4/3Q4/6PN/1PP1PP1P/RNB1KB1R b KQk - 1 7,3
rnb1kbn1/p2pp1p1/1qp2p1r/7p/1pBP3P/4P3/PPP1QPP1/RNB1K1NR w KQq - 1 9,3
rnb2bnr/pp1pp1pp/2p3k1/8/qP3p2/1QPPBN2/4PPPP/RN2KB1R w KQ - 2 9,3
2b1kb1r/r1pnq1pp/pp3p1n/3pp3/7P/NP4PR/PRPPPPB1/2BQ1KN1 b k - 5 12,2
2bq1bnr/Np1ppkpp/2nr1p2/pPp3P1/4P3/8/PBPP1P1P/RN1QKB1R w KQ - 1 12,3
r1bqkbnr/ppppp1p1/5p1p/2n5/P2PP3/7N/1PP1KPPP/RNBQ1B1R w kq - 0 7,3
r1bqkbn1/p1ppp1p1/5pP1/np6/3P2Pp/2N2NB1/PPP1P2P/2RQKB1R w Kq - 0 12,3
r1bqkbnr/2pnpppp/p7/3p4/1p5P/BP3P2/P1PPP1P1/RN1QKBNR w KQkq - 0 6,3
rnbq1bnr/1p1kp2p/2p5/p2p1pp1/PP3P2/5N2/2PPP1PP/RNBQKB1R b KQ - 0 7,3
2rqk1nr/p1ppppb1/Bp4p1/nP1b3p/3PQ3/N1P1P2P/P4PP1/R1B1K1NR b KQk - 2 10,3
rnbqkb1r/2pppp1p/pp4p1/8/4P3/1QP4P/PP1P1PPn/RNBK1BNR b kq - 1 7,2
1rbqkr2/ppp1ppbp/n2p3n/6p1/1P1P4/2N4N/P1P1PPPP/R1BQKBR1 w Q - 1 8,2
rnbqk1nr/2ppb3/1p2p1p1/p7/P1P1PpPp/2N5/1P1P1PQP/RNB1KB1R b KQkq - 3 10,0
r1q1kbnr/p1Q2pp1/1pnpp3/2p4p/P4P2/2P2NPP/1P1Pb3/RNB1KB1R w KQkq - 4 12,3
rnbqkbnr/3ppp2/pp4pp/2p5/3P2Q1/4B2P/PPP1PPP1/RN2KBNR b KQkq - 1 6,0
rnb1kb1r/pp1q1pp1/3p1n1p/4p3/Q1Pp1N2/1P6/P2KPPPP/RNB2B1R b kq - 2 8,3
rn1qkbnr/pp2pp2/2pp3p/2P2bp1/5N2/2N3P1/PPQPPP1P/R1B1KB1R b KQkq - 0 8,3
rnbqkbnr/1pp2pp1/p2pp3/7p/PPPP4/8/4PPPP/RNBQKBNR w KQkq - 0 6,0
r1bq1b2/p1pknNr1/n3p1p1/3p4/1p4pP/P1P1PP2/1P1P2BR/RNBQK3 b Q - 0 13,3
2bqkb1r/1pp1p1pp/n1r2p2/p2p2B1/P4Pn1/RP1PP1P1/2PK3P/1N1Q1BNR b k - 0 11,3
rn1q1bnr/p2p1k1p/b3pp2/1pp3p1/2P1P1P1/3P1P2/PP3K1P/RNBQ1BNR b - - 1 8,0
rn1qk2r/pb1p2bp/1p3ppn/2P1p3/P6P/R1P1B2R/1P2PPP1/1N1QKBN1 w kq - 0 9,3
r1bq2nr/p1ppk1pp/np6/2b1pp2/1PP1PP2/P2B3P/R2P2P1/1NBQK1NR b K - 0 9,3
rnb1kbnr/pp1p1pp1/8/4p2p/2p3PP/1P2PPR1/P1PP4/RNqQKBN1 w Qkq - 0 9,3
rnbqkbnr/p3pp1p/1p6/2pp2p1/1PP1P3/5P1P/P2P2P1/RNBQKBNR w KQkq - 0 6,3
rnbk1bnr/1pq1p1pp/p7/2Bp1p2/5P1P/PP1P4/R1P1P1P1/1N1QKBNR w K - 3 9,2
rnq1kbnr/ppp2pp1/3pp3/5b1p/P3P3/N1P5/RP1PKPPP/2BQ1BNR w kq - 0 7,2
r1b1qbnr/1p1ppk2/1Nn2p1p/p1p5/6p1/P2P1P1P/1PP1PKP1/R1BQ1BNR w - - 0 11,3
r2k1bnr/pp2pppp/n3b3/q2p4/2B3P1/P1P3QN/1P1P1P1P/RNB1K2R b KQ - 4 12,3
rn3bnr/2p1kppp/bp3q2/p2pp3/2PPPQP1/8/PP2NP1P/RNB1KB1R w KQ - 4 8,3
r3kbnr/pppqppp1/2n5/3p4/3PPP1p/2NQ3b/PPPK2PP/R1B2BNR w kq - 2 7,3
rnbqk1nr/1p1p1pbp/2pp2p1/p7/3P2P1/P4N2/1PP1PP1P/R1BQKB1R b KQkq - 0 7,0
r1bq1r2/p1ppkppp/np5n/1P2p3/1b3P2/4P1P1/PBPPQ1BP/RN2K1NR w KQ - 3 9,3
r1bqkbnr/pp1ppp1p/8/1Bp3p1/P1n4P/4P3/1PPP1PP1/RNBQK1NR w KQkq - 1 6,3
rnbqkb1r/p1pppppp/1p6/8/3P1P2/2n1B3/PPP1P1PP/RN1QKBNR w KQkq - 0 7,3
rnbqkb1r/pp1p1p1p/2p1p3/5P1n/2P3pP/8/PP1PP1P1/RNBQKBNR w KQkq - 0 7,2
r1nqkbr1/p1pp1p1p/b1n5/1p2p1p1/P4P2/4P1PP/1PPPK3/RNBQ1BNR w q - 1 9,3
r1br4/ppppbk1p/2n1p2B/4Pp2/8/2NP4/PPP1NPPP/3RKB1R b K - 2 13,0
rq2kbnr/p2npppp/1pp5/5P2/P2p2bP/3BPNP1/RPPP4/1NBQK2R w Kkq - 1 11,2
rnbqkb1r/pp1pp1p1/7n/2p2p2/P1P1PP2/1P5p/3P2PP/RNBQKBNR w KQkq - 0 7,3
r1bqk1nr/p1pnp3/1P6/3p2Pp/P4p2/2PP1P1N/4P1P1/RNBQKB1R b KQkq - 0 13,2
r1bqkb1r/pp2pppp/3p1n2/2pn1N2/1P2B1P1/8/P1PPPP1P/RNBQKR2 b Qkq - 0 8,3
rnbqk1nr/pp2bp1p/4p1p1/2pp4/1P2PP2/2P2N2/P2P2PP/RNBQKB1R w KQkq - 0 7,3
rnb1k1nr/1ppp1ppp/p2bp3/8/3PP3/B4P1P/P1qN2P1/R2QKB1R b KQkq - 0 10,3
rnbqk1nr/1p1p2p1/p2b1p2/2p1p3/3P4/1P3N1P/P1PNPPP1/R1BQKB1R w KQkq - 2 8,3
rnbk1bnr/p1pp1p1p/1p2pqp1/8/1PP1P1P1/7N/P2P1P1P/RNBQKB1R w KQ - 2 6,2
r1bqkbnr/2pppppp/1p2n3/p7/P4P2/RP3N2/2PPP1PP/1NBQKB1R b Kkq - 1 6,0
rn1q1bnr/p2k1p2/1p2p3/1Ppp2pp/2P1P3/P2P1PPb/4N2P/RNBQKB1R b KQ - 0 11,3
rnbqk2r/1p1ppp1p/p4npb/2p5/3P2P1/8/PPP1PPNP/R1BQKBNR w KQq - 0 8,3
1nbqkbn1/r1pppp1r/1p6/6pp/p5P1/N1P4N/PP1PPP1P/1RBQKBR1 b - - 1 8,2
r1b1kbn1/p1q1ppp1/1p5r/P1pp3p/1P2PN2/2n1K2P/2PP1PP1/RNB1QB1R b q - 4 12,3
r1b1kb1r/p2q1npp/n1p2p2/1pNp4/3QpP2/3BPNP1/PPPP3P/R1B2RK1 w kq - 0 13,3
rnb1kb1r/p3pp1p/2p3p1/qp1p1n2/1P1N4/N2P2P1/2P1PP1P/R1BQKBR1 w Qkq - 0 10,3
rnb1kb2/1ppp1pr1/3q2p1/pP2p2p/P2B2n1/N4P2/2PPP1PP/R2QKBNR w KQq - 6 12,3
r2qkb1r/1p1npppp/p4n2/1Bpp4/3P1P1P/1b6/PPPQ2PN/RNB1K1R1 b Qkq - 4 11,3
3r1b1r/pp1kpppp/1qpp1n2/2n5/1P2P3/3Q3b/P1PPBPPP/RNB1K1NR w KQ - 5 12,3
r1bqk1nr/pppn1p1p/4p3/b5P1/5p2/2N4P/PPPPP3/R1BQKBR1 w Qkq - 3 12,0
1nbqk1nr/2ppp2p/rp5b/p4p2/2P3p1/1P2P3/PB1PQPPP/RN2KBNR w KQk - 0 8,3
r1bq1bnr/pppkpp1p/6p1/2Pp4/1n3P2/N4N2/PP1PP1PP/R1BQKB1R w KQ - 1 7,0
rnbk3r/pp1pn1p1/3b1p1p/2pqpN2/4PPP1/7P/PPPP4/RNBQKB1R b KQ - 2 11,3
rnb1kbr1/ppp1pppp/7n/8/3PP2P/q1p2PP1/PP2NK1R/RNB2B2 w q - 4 11,3
rnbq1bnr/pp1pkpp1/1p5p/4p3/8/N2P1PP1/PPP1PK1P/2RQ1BNR b - - 1 8,0
rnb1kbr1/p1qppp2/1p3np1/7p/6PP/1pP1PQ1R/P2P1P2/RNB1KBN1 b Qq - 1 10,3
r1bqk3/p1pp1p1r/n2b3p/4p3/1P2P1pQ/B5P1/P1PPB2P/RN2K1NR b KQq - 0 13,3
1rbqkb1r/p2pp1Bp/1pp4n/1P3pp1/6P1/P7/2PPPPBP/RN1QK1NR b KQk - 3 12,3
rnbk1bnr/p3q1pp/2p4B/1p1ppP2/P6P/2PP1N2/1P2PPB1/RN1QK2R w KQ - 1 12,3
rnb1k2r/p1qp1p2/1pp1pn2/2b4p/P2P1pP1/2N1B2P/1PP1PK2/1R1Q1BNR b kq g3 0 11,3
2bq1bnr/r2pk1pp/p1n5/1pp1pp2/8/NP2P1PP/P1PPBP1N/R1BQK2R w KQ - 0 9,0
rnb1kb1r/ppp1pp1p/6p1/4nPB1/3q4/3P4/PPP1P1PP/R2QKBNR w KQkq - 1 8,3
r3k1nr/pp1qppbp/n1pp4/8/6b1/4PP1P/PPPP2P1/RNBQK2R w KQkq - 0 10,0
rnbqkbnr/3pp1p1/5p1p/ppp5/PP6/5N1P/1BPPPPP1/RN1QKB1R w KQkq - 0 6,3
1nb1kbnr/r1pqp3/p5pp/1N2Np2/1P1p4/6PP/P1PPPP1R/R1BQKB2 w Qk - 0 11,3
rnb2bn1/p2pp1kr/3q3p/1pp5/N3P1p1/3PBP2/PPP1B2P/R4KNR w - - 4 13,3
rnbqkbr1/3ppn2/ppp3p1/8/3P1P1p/2P5/PP1BP1PP/RN1K1BNR w q - 2 10,0
rnq1kb1r/pb1pppp1/5n2/1ppN3p/3P4/P3P2N/1PP1BPPP/1RBQK2R w Kkq - 3 9,3
rnbqk2r/p1pp2pp/8/P1b1pp2/p3n1P1/2P4P/1P1PPP2/1NBQKBNR w Kkq - 0 8,3
r1bqkbnr/1pppppp1/2n4p/p2P4/7P/P6R/1PP1PPP1/RNBQKBN1 w Qq - 1 6,3
rnb1kbnr/1p1ppppp/8/p1p5/PP2Pq2/N6N/2PPBPPP/R1BQR1K1 b kq - 1 8,3
r1bqkb1r/pp1p1pp1/n3pn2/2p4p/3P4/1P3P1P/P1PNP1PR/R1BQKBN1 b Qkq - 3 6,0
r1b1k1n1/pp1ppN2/5bp1/q1p2p2/1n2P2p/PPP4P/1R1P1PP1/1NBQKB1R w Kq - 3 13,3
rnbqkbnr/3p2pp/1p5B/p1p1pp2/6P1/P2P1N2/1PP1PP1P/RN1QKB1R w KQkq - 0 6,3
rnbqk2r/3p1p1p/pp2p1p1/1Pp5/2P3n1/3BPP2/Pb1PQ1PP/1NB2KNR w kq - 0 11,3
rnbqk1nr/pppppp1p/5b2/6p1/2NP1PP1/P7/1PP1P2P/1RBQKBNR w Kkq - 1 8,0
rnb1kb1r/p2pppp1/1pp2n1p/2q5/1BP5/1P3PP1/P2PP1BP/RN1Q1KNR w kq - 0 10,2
rn1qkbnr/p3p3/bp5p/2pB2p1/1Q2ppP1/2P2N2/PP1P1P1P/RNBK3R w kq - 0 10,3
rnbqkbn1/p2pppp1/2p5/1p1r4/1P1P2Pp/8/P1PNPP1P/RNBQKB1R w KQq - 1 7,2
rn1q1b1r/2pbpk1p/3p1np1/p7/QPP1P3/P7/3P1PPP/RNBK1BNR b - - 4 9,3
1nbqkb1r/Bpppn2p/4p3/p2P1pp1/3Q1P2/P6P/RPP1P1P1/1N2KBNR w Kk - 1 10,3
1rbq1bnr/1npppkpp/p4p2/5QB1/p2P2PP/N7/1PP1PP2/R3KBNR w KQ - 6 12,3
r1bq1bnr/pp2pk1p/3p4/1Np1Ppp1/5P2/1P1P1n2/P1PKN1PP/R1BQ1B1R w - - 1 12,1
rnbqkb1r/p2pp1p1/1p3p1n/2p4p/PP1PP3/N1P4N/5PPP/R1BQKB1R b KQq - 2 8,3
rn1qkb1r/p2p1ppp/b3p2n/1pp3P1/P7/5P2/1PPPP1BP/RNBQK1NR b KQkq - 0 6,3
rnbq2n1/p1ppbkp1/4p2r/4Pp1p/1Pp3P1/3P1P1P/P7/RNBQKBNR w KQ - 1 9,3
rnb1kbnr/ppp1ppp1/3p3p/4q3/P1P1P3/5N2/1P1PQPPP/RNB1KB1R w KQkq - 0 6,0
rn1q1bnr/p1p1pppp/2kpb3/1p6/3P4/P4N1P/RPPNPPP1/2BQKB1R b K - 0 6,3
rn2k1nr/p1ppbpp1/1p6/3Np2p/b1q1P2P/P2P1P2/1PPQ2PR/1RB1KBN1 w kq - 1 13,3
rn1qkbnr/p2b1p1p/3p2p1/1pp1p3/3N1P2/3P4/PPP1P1PP/R1BQKBNR w KQkq - 0 7,3
1nb1k2r/rp2q2p/2p1pn1b/P2p2p1/3P2B1/2P5/P3PP1P/RNQ1K1NR b KQk - 2 13,3
rn1qkbnr/pbp2pp1/1p5p/3p1P2/4p3/N2P4/PPP1PNPP/R1BQKB1R b KQkq - 1 7,3
r1bqknnr/p2p1pbp/Bpp5/4p3/3PPPp1/1PB4N/P1PN2PP/RQ2K2R b KQkq - 1 11,3
rnb1kb1r/1p1p4/pqp1pp2/1P1n3p/2BPPp1P/P6Q/2P3P1/RNB2KNR b kq - 2 11,3
rnbqkbnr/2p2ppp/1p6/p2p4/P2p4/N2Q4/1PP1PPPP/R1B1KBNR w KQkq - 0 6,3
2bqk1nr/prpp1p1p/4p3/1p4p1/5P2/P1bP1NP1/RPnQPKBP/1NB4R w k - 4 11,3
r1b1kb1r/ppp2ppp/2nqpn2/3p4/3P1PP1/P7/1PPNP2P/R1BQKBNR w KQkq - 1 6,2
r3kb1r/p3pppp/1pn5/2N4n/8/Pb2P3/1PPP1qPP/R1BK2NR w kq - 0 13,2
rn1qk2r/p2p2pp/b2bp2n/1pp2p2/1PP3P1/B4N1P/P1QPPP1R/RN2KB2 w Qkq - 3 9,3
rnq2bnr/pp2pk1p/3Q4/2P2pp1/2b2B2/N4N1P/PPP1PPP1/R3KB1R w KQ - 1 10,3
r1b1k1nr/p4p1p/p1pbpq2/3P2p1/1nP3P1/N4P2/PP1PK2P/R1BQ2NR w kq - 1 10,3
rnbqk1nr/1pp1ppb1/7p/p2p4/P7/BPPP2pP/R3PPP1/1N1QKBNR b Kkq - 3 9,3
rn1qkb1r/pp2ppp1/2p1b3/3n3p/3pP3/PPPP4/3N1PPP/RNBQKB1R w KQkq - 2 8,3
rnb1kbnr/pp2pp2/2p5/3p2pp/PP4P1/2PPPN1B/1B2QP1q/RN1K2R1 b kq - 1 12,3
rnbqkb1r/pp3ppp/2pp4/1N2pn2/1P3P2/8/P1PPP1PP/R1BQKBNR b KQkq - 0 6,3
rnbq2nr/2ppk1pp/1p1b4/p3Pp2/1QP5/7N/PP2PPPP/RNB1KB1R w KQ - 0 8,3
rnbqkbnr/1pp1p1p1/p2p4/7p/3PP1p1/2N5/PPPQ1P1P/R1B1KBNR b KQkq - 0 6,0
rn1qkb1r/pp1b1p2/2pp1npp/4p3/7P/N1PP1N2/PPK1PPP1/R1BQ1B1R b kq - 1 8,0
rnbqk1nr/pppp1pp1/3bp2p/3P4/5P2/NP6/P1PBP1PP/R2QKBNR b KQ - 0 6,3
r1bqkb1r/2ppp1pp/pp3p1n/8/1P1n4/P2PBP1N/2P1P1PP/RN1QKB1R w KQkq - 0 7,3
rn2kbr1/1ppqpppp/3p4/pN6/8/2n1PP1b/PPPPB1PP/1RBQK1R1 b q - 1 10,3
rn1qkbnr/p1ppppp1/8/1p4Np/PPP5/R4b2/3PPPPP/1NBQKB1R b Kkq - 0 6,3
rn2kbr1/p1pqp1pp/2b4n/1p1p1p2/NBPP4/7P/PP2PPPR/R2QKBN1 w Qq - 1 9,3
1rb1k2r/pppp1p2/2n1p1p1/3nP1qp/6Q1/N4N2/PPPb1PPP/R1BK1B1R b k - 3 13,3
r2qk1nr/1p2pp1p/4b1pb/p1pp2P1/nQP4P/P2PP3/1P3P2/RNB1KBNR b k - 1 12,3
2bq1knr/r1pp1ppp/1pn1p3/p1b5/7P/1PPPPP2/P2NK1P1/R1BQ1BNR w - - 0 9,0
r1b1qbnr/p1pp1kp1/5p2/1p2R2p/P2NP1P1/2P5/1P1PP2P/1NBQKB1R b K - 0 13,3
r1bqkb1r/p1pp1p2/n4n1p/1p2p1p1/PP4P1/B1N4N/2PPPP1P/R2QKB1R w KQkq - 0 7,3
1rb1kb1r/p1pp1ppp/n3p2n/1p4q1/7P/5N2/PPPPPPPR/RNBQKB2 w Qk - 4 7,0
r2qkr2/pbppp1bp/n1p4n/5pp1/PP4P1/N4P1N/3PP2P/R1BQKB1R w KQq - 2 10,3
r1b1kb2/1p1nppp1/p2q3r/2pBn2p/P1P2P1P/1R1P2P1/1PN1P3/2BQK1NR w Kq - 4 13,3
rnbqkb1r/p1p1pp2/3p1npp/1p6/5P2/8/PPPPP1PP/RNBQKBNR w KQkq - 0 6,0
r2qkbnr/2Nnp2p/1pp5/p1PpPQp1/3P4/3B2P1/PP3P1P/R1B1K1NR b KQkq - 1 12,1
rnb1kbnr/pq1pppp1/2p5/1p5p/2P4P/1P1P1PPB/P3P3/RNBQK1NR b KQkq - 3 9,0
r1b2knr/p5pp/nppp1p2/8/1BP1p3/3P1P2/PQ1NP2P/R3KBNq w Q - 0 13,3
r1bqk2r/1p1n1p1p/p1p2np1/4p3/P6P/4b1PN/RPPPPP2/1NBQK2R w Kkq - 8 11,0
1rb1k1nr/1pp2p1p/p1p1p1N1/5q2/1bP3pP/8/P2PPPP1/R1BQKB1R b KQk - 1 13,3
r1bqk1nr/1p1ppp2/4B1pb/p1p4p/1n2P3/6P1/PPPPKP1P/RNBQ2NR b kq - 0 9,3
3qkbnr/r3p1pp/3p4/ppp2b2/Pn1PPp2/1PN4N/R1P1BPPP/2BQK2R b Kk - 0 11,3
1rbqkb1r/ppnpn1p1/2p2p1p/4p3/P5P1/BPP2N1B/3PPP1P/RN1QK2R w KQk - 0 9,3
rnb1k1nr/3pq1pp/1p1bpp2/p1p5/P1P1PN2/NP3Q2/3PBPPP/R1B1KR2 b Qkq - 1 10,0
3qkbnr/r1pppp2/1p5P/p5pQ/1n3N2/2N1Pb2/P1PPKP1P/R1B2B1R w k - 4 11,1
rn2kbnr/1q1bpppp/1p3B2/p1p5/1P1p2P1/3PP2P/P1P1BP2/RN1QK1NR b KQkq - 0 10,3
r1bq1rk1/nppp1pp1/4pn2/p5Pp/4PPQ1/2PP4/Pb3K1P/1RB2BNR w - - 4 12,3
rnb3nr/p1pp1k1p/3bppp1/1P1q4/P3P3/RP5P/3P1PP1/1NBQKBNR w K - 0 10,3
1rb1kb1r/p1qppp1p/p6n/2p3p1/2P1P1P1/3P1P2/PP1Q3P/RNB1K1NR b KQk - 0 9,3
r1q1kb1r/pp1bn1pp/2n5/2pppp2/Q3PP2/2P5/PP1PN1PP/RNB1K2R w KQkq - 0 9,3
rnbqkb1r/1pppp2p/p4p2/6Q1/3P4/7N/PPP1PPPP/RN2KBR1 b Qkq - 0 7,0
rnbqk1r1/pp1ppp2/5bp1/2p2Q1p/6n1/2P1PP2/PP1P3P/RNB1KBNR w KQq - 2 9,3
1r1qkbnr/pb3ppp/1pn1p3/NPpp4/7P/4P3/P1PP1PP1/R1BQKBNR b KQk - 0 9,3
rn1qkbrn/3pp1pp/p1b2p2/1Bp5/1P2P2P/N5RN/P1PP1PP1/R1BQK3 w Qq - 1 11,3
r2q1b1r/2pbpkpp/p1n4Q/8/Pp3p2/2P2P2/1P1PP1PP/RNBK1BNR b - - 0 13,3
1nbqkbr1/1p1ppppp/6r1/pNp5/PP1PP1n1/8/1BPKNPPP/R2Q1B1R b - - 6 9,3
r3kbnr/pp2p1pp/n1pQ4/3p4/P7/3PP2N/RPP2PPP/1NB1KB1R b Kkq - 0 11,0
rn1qkbnr/pbppp3/6pp/1p2Np2/3P2P1/P1NQ4/1PP1PP1P/R1B1KB1R b KQkq - 1 7,3
rnb1kb1r/p1ppqpp1/7n/1p5p/NP2p3/P1PP4/4PPPP/R1BQKBNR b KQkq - 0 7,3
rn1qkbnr/p1p1p1pp/1p1p1p2/8/4b1P1/8/PPPPPPBP/RNBQK1NR w KQkq - 3 6,2
rnb1k1r1/1ppp2pp/p1B2q2/2b1pp2/8/N1PPP1P1/PPn2K1P/R1BQ2NR w q - 3 13,3
rn1qkb1r/2p1p1p1/ppb2n2/3pPpNp/2P2Q2/N7/PP1P1PPP/R1B1KB1R w KQkq - 1 11,3
rn1qkb1r/1p1bp2p/p3Nn2/2pp1p2/2P4P/3PB3/PP1KPP2/RN1Q1B1R w kq - 2 10,3
r1bqkbnr/3ppppp/pp6/6N1/1np3P1/1PPP4/P2KPP1P/RNBQ1B1R b kq - 1 9,3
rnbqkb1r/ppppQpp1/4p3/5n1p/2P5/8/PP1PPPPP/RNBK1BNR b kq - 5 7,1
rnb1kb2/p1p1pppr/4qn2/1p1p3p/1PP5/N2PPPPP/P4N2/R1BQKB1R b KQq - 0 12,3
r1b1kb2/2qppp2/1p4pr/p1pPn2p/4PBn1/PPK4N/2P1NPPP/1R2QB1R b q - 3 13,3
rn2kbnr/pb1ppppp/2p5/1p2q3/P3P3/2P2N2/RP1P1PPP/1NBQKB1R w Kkq - 2 6,3
r1bqkbnr/2p3pp/p1npp3/1p3p2/2PP3B/N5P1/PP2PP1P/R2QKBNR b KQkq - 2 7,3
2k1rb1r/pppbppp1/n2p3p/7n/P1P2Pq1/1P5P/R1QPP1P1/1NB1KBNR w - - 1 11,2
rnbqkb1r/p5pp/1ppppp2/1P6/6n1/2P3PP/PBQPPP2/RN2KBNR w KQkq - 0 8,3
rnbq1bnr/1p1ppk2/p1p4p/5pp1/4PPQ1/PPNB4/2PP2PP/R1B1K1NR w KQ - 0 8,3
rnbqkbr1/4pp1p/p5pn/1pppP2Q/2PP4/P1N3PP/RP3P2/2B1KBNR b Kq - 0 13,3
r1b1kbnr/ppp5/n4p2/1Pqpp1pp/4B3/2P1P3/PQ1P1PPP/RNB1K1NR b KQkq - 1 9,3
1rbqkbn1/1ppp1ppr/4p3/p3n2p/1P2P2P/P7/R1PPNPP1/1NBQKBR1 w - - 1 11,2
rn1qkb1r/p3ppp1/1p3n1p/1bpp2P1/1P6/2NP4/P1P1PPBP/R1BQK1NR w KQ - 1 12,3
r1b1kbnr/pp1pp2p/n4pp1/1Np5/6PP/3q1P2/P1PPP3/R1BQKBNR b KQkq - 3 8,3
rnb2bnr/4pkp1/pppp1p2/7p/1P4B1/R3PPP1/1PPP3P/1NBQK1NR w K - 0 10,3
rnb1k1nr/p2p3p/1ppq2pb/4pp2/4P1B1/P4N2/1PPP1PPP/RNBQK2R w KQkq - 0 11,3
r1b1kbnr/pp1p1p2/n2qp2B/2p3pp/3P4/2N2P1N/PPP1P1PP/R2QKB1R b kq - 3 8,3
rn1q1b1r/1b1pkppp/p1p1p2n/1p6/PP1P1P2/2N3P1/1RP1PNBP/2BQK2R b K - 4 13,0
rnbqk1n1/2pp2pr/pp5p/2b1pp2/4P1Q1/P1KP1N2/1PP2PPP/RNB2B1R b q - 1 8,3
rn2kbn1/4p1p1/pp2b1N1/2pp1pPp/1qP5/P1NP3B/1P2PP1P/1RBQK2R b Kq - 0 13,3
2b1k2r/p1pp1pp1/B5np/4p3/P2q4/bR2P1P1/1PPP1P1P/1NBQ1KNR b k - 2 10,3
rnbqkb1r/1ppp1p1p/3p3n/p5p1/5P1P/PP6/2PPP1P1/R1BQKBNR b KQkq - 0 8,3
r2qk1nr/p1pb2bp/1pnpp1p1/1Q2Pp2/3P4/P4P2/1PPBN1PP/RN2KB1R b KQkq - 0 12,3
r1bqkb1r/p1ppppp1/1N5p/2n3P1/1p2n3/5N2/PPPPPP1P/R1BQKB1R w KQkq - 1 10,3
rn1qkbnr/1ppb4/5p2/p2pp1pp/P1P4P/1Q3P1N/RP1PP1P1/1NB1KB1R b Kkq - 3 9,3
rnb1kb1r/p2pp2p/7n/1p2q1p1/P3p3/1PNp3P/1BPP1PP1/1R1QK1NR w kq - 0 11,3
rnbqkb1r/1p1pppp1/2p2n2/1B5p/p3P2P/5N2/PPPP1PP1/RNBQK2R w KQkq - 0 6,3
1rbqkbr1/pp2pppp/7n/2p2P2/2PpP3/2N5/RP1PQ1PP/2B1KBNR w K - 0 10,3
rnb1k1n1/4ppBr/1qppQ1pb/p7/p1B1P2p/1P6/2PP1PPP/RN3KNR b q - 1 12,3
rnb1kbnr/1pq4p/p2pp1p1/2p2p2/2N4P/7N/PPPPPPP1/1RBQKB1R w Kkq - 2 8,0
r2qkbnr/p4pp1/1pn4p/1bppp3/3P4/2P2NPB/PP2PP1P/RNB1QK1R b kq - 1 10,3
1nbqkbnr/1pp1pp2/r2p3p/p5P1/1PP5/8/P2PP1PP/RNBQKBNR b KQk - 0 6,3
1rbqkb1r/pp1p1pp1/7n/n1p1p2p/2P3P1/1P3P1P/P2PP3/RNBQKBNR w KQk - 0 8,0
rnb1kbnr/1p2pp1p/3p4/p1pP2P1/P6P/2N2N2/1PPBP2P/R2QKB1R w KQkq - 0 11,0
r1bqkb2/1ppppppr/2n2n1p/p7/4P3/2P1K2P/PP1P1PP1/RNBQ1BNR b q - 2 6,0
rn1qkb1r/p1p2p2/Bp3n1p/3pp1p1/P3N3/2P3N1/1P1P1PPP/1RBQK2R w Kkq - 0 10,3
1nbqkr2/rppp1p1p/p3p2n/6pP/2P5/bP1P3Q/P3PPPR/RN2KBN1 b Q - 3 13,2
r3kbnr/p1p2p1p/1p2p1p1/3p3q/1n1P2b1/2N1PP2/P1P3BP/R1BQK1NR b Kkq - 3 12,3
rn1qkbnr/pppbppp1/3p3p/8/4PP1P/3B1N2/PPPP2P1/RNBQK2R w KQkq - 1 7,0
r1bq1knr/p1pp1ppp/8/1p2p3/2PP1P1b/1P5P/P1QPK1PR/RNB2BN1 b - - 2 10,3
rnbqkbnr/2ppppp1/8/p7/1pP4p/1P3N2/P2PPPPP/RNBQKB1R w KQkq - 0 7,0
rn1qk1nr/p2p2p1/b2b1P2/1p4N1/2Np3p/8/PPPQP1PP/R1B1KB1R w KQkq - 0 11,3
r1bqk2r/pp1pppbp/n1p3pQ/3P3n/8/N4NP1/PPP1PP1P/R1B1KB1R b KQkq - 4 7,3
1rbq1bn1/ppp1pkpr/3p1p1p/n7/P3P1P1/2P5/1P1PBP1P/RNBQK1NR w KQ - 3 9,0
rnb1k1nr/5p1p/pp1p3b/2p1p3/1P2NPpq/6P1/P1PPPK1P/RNBQ1B1R w kq - 0 10,3
r2qkb1r/p3pp1p/np1p1n2/2pP2pP/2P3b1/2N5/PP1NPPB1/1RBQK2R b kq - 2 13,3
r2qkbnr/2pnpp1p/1p4p1/N2pN3/7P/3b4/PPPPPPP1/1RBQKBR1 b kq - 4 8,3
rnb2bnr/1pq2kpp/p4p2/P1ppp3/3P3P/2P3P1/1P1BPP2/RN1QKBNR w KQ - 3 10,3
r1b1kb1r/pp2n1pp/1q2p3/1Npp1p2/3n2RP/2PBPN2/PP1P1PP1/R1BQK3 w Qkq - 1 11,3
r1bqkb1r/1p4pp/n2pp3/p1p2p2/PPPP2nP/2B2P2/4P1P1/RN1QKBNR b KQ - 1 13,3
rn1qkb2/p1p1pp1r/bp3n2/P2pNPpp/6PP/R7/1PPPP2R/1NBQKB2 w q - 1 11,3
rnb1k2r/pp1pb2p/2q1pp1n/2p3p1/3P2P1/NP2PP1N/P1P1K1BP/R1BQ3R b kq - 4 9,3
rnb2qnr/3k1p1p/6p1/p1bpp3/2p1P1PP/B4N2/P1PPBP1R/RN1QK3 b - - 7 13,3
1nbqkbnr/r1ppppp1/1p6/5P1p/p7/P2P3P/1PP1PKP1/RNBQ1BNR w k - 0 7,0
rn2kbn1/2pqpppr/5Q2/p2p3p/1pP5/5NPB/PP1PPP2/RNB1K2R b KQq - 2 10,3
2rqkbnr/pbppp1pp/5p2/2n5/3B1PP1/pP5P/P1PPP3/R1Q1KBNR b KQk - 2 9,3
rnbqkbnr/1p1p4/p1p1p2p/6p1/PP3pP1/2N1P2P/2PPQP2/R1B1KBNR w KQkq - 0 8,3
r1bq1bnr/1ppkp1p1/p5Bp/P2p4/1PP2pnQ/4PPP1/3P3P/RNB1K1NR b KQ - 0 13,3
rnq1kb1r/1p2pppp/p2p3n/2p5/4PNb1/7B/PPPP1P1P/R1BQK1NR w KQkq - 1 7,3
rnbqkb1r/ppp2p2/3p2p1/3np2p/2BPP1PP/5Q2/PPP2P2/RNB1K1NR b KQkq - 1 7,3
rn1qkbn1/p1pbpppr/8/1p4Np/3pPP1P/1P1P4/P1P1B3/RNBQ1RK1 w q - 1 13,3
rn1k1b2/p3pp1r/1qp2n1p/1P3bp1/1Rp1PNP1/8/1PPP1P1P/1NBQ1K1R w - - 0 12,3
r1b1kbnr/pp2ppp1/2n4p/1qpp4/3P1P2/P1P1PN2/1P4PP/R1BQKBNR b KQkq - 0 8,3
rnb1kb1r/p2pqppp/1p6/2pnp3/PPP5/3P3N/2N1PPPP/R1BQKB1R w KQkq - 2 8,3
rnbqkb1r/pp3p1p/6p1/3pp3/1p4n1/N4P1N/PRPPP1KP/2BQ1BR1 w kq - 0 11,3
rnbq1knr/p2pp3/1p4p1/2p4p/2P1P2b/1B1Q3P/PP1P1PP1/RNB2KNR b - - 1 10,0
1n2kbnr/rp1bpp1p/1qpp2p1/p5P1/P7/3PB2N/RPP1PP1P/1N1QKB1R b Kk - 0 8,3
rn1qkbnr/2p4p/1pbp2p1/pQ2pp2/1PP3P1/7P/P2PPP2/RNB1KBNR w KQkq - 0 9,3
1nb1kbnr/rp1qpp2/p1p4p/3p2p1/Q5NP/2PPP3/PP3PPR/RNB1KB2 b Qk - 4 9,3
rnb1kb1r/3ppp1p/q5pn/ppp5/1PPP1PPP/8/P2QP3/RNBK1BNR b kq - 4 10,3
rnb1qb1r/pppp3p/3k3B/3n1ppP/1P1p4/2N1P3/P1PQ1PP1/R3KBNR w KQ - 0 10,3
rnbq1bnr/4pk1p/pp6/2pp2p1/P2P4/4BN2/1PP1PPPP/RN2KB1R w KQ - 0 8,3
rn2k1nr/1p2pp1p/p2p1b2/2p2Pp1/2P3P1/P1NP1Q2/P3NPBP/R1B1K2R b KQkq - 2 10,2
rn1qkbnr/p2p1ppp/b1p5/1p2p3/1P5N/N2P4/P1P1PPPP/R1BQKB1R w KQkq - 2 6,2
rn1qk2r/pbppp1bp/6p1/1p3p2/P1P1P1n1/1Q3PPP/1P1P4/RNB1KBNR w KQkq - 1 9,3
r2kqb1r/pp1npp1p/n2p2p1/2p2P2/3P3P/PPB2b2/2PNP1P1/R2QKB1R b KQ - 1 12,3
1nbqkb1r/1p1ppppp/2p5/r4n2/p1PP4/4PPP1/PPQ4P/RNB1KBNR w KQk - 3 7,3
rnb1kbnr/pp1pp2p/2p3p1/3q1p2/PP2P3/5P2/2PP2PP/RNBQKBNR w KQkq - 1 6,3
r1bqk1nr/pp1p1p2/n5p1/P1p3p1/1PN1p1P1/2P5/3PPP1b/1RBQKBR1 b kq - 1 11,3
rnbqk1nr/ppb5/8/2ppppNp/PP6/R2PB1PP/2P1PP2/1N1QKBR1 w kq - 0 11,2
r1bnkb1r/2p1ppp1/pp1q1n2/3p2Pp/3N4/3P4/PPP1PPBP/RNBQK1R1 b Qkq - 0 9,3
rnbq1br1/p1pkpppp/3p1n2/1p6/2P3PP/1PNP4/P2BPP2/R2QKBNR w KQ - 5 8,2
rnbq1b1r/1p1ppkp1/7n/p1p4p/6P1/2P2P1N/PP1PP2P/RNB1KB1R w KQ - 2 7,0
r1bqkbnr/p1p1p1p1/n6p/1p1p1p2/N2N4/1P5P/P1PPPPP1/R1BQKB1R b KQkq - 1 6,2
1n1qkbnr/r2bp2p/B1p2pp1/3p4/p2PP2P/6B1/RPP2PP1/1N1QK1NR b Kk - 1 10,3
r1bqkbr1/p4pp1/npp2B1n/3pp3/1P3Pp1/P6N/2PPP2P/RNQ1KB1R w KQq - 0 11,3
1rbqkbnr/3pp1Bp/2p5/pp3p2/1n6/P2P1N2/2P1PPPP/RN1QKB1R b Kk - 1 8,3
r1b1kb1r/pp2pp2/n1p4n/q2p2pp/1P6/B2PPP2/P1P1Q1PP/RN1K1BNR b kq - 4 8,3
1nb2bnr/2pq1k2/rp6/p2pp1pP/4Np2/P1PPPP2/1P4BP/RNBQK1R1 w Q - 1 13,3
rnb1kbnr/Q2q2pp/4pp2/1ppp4/2PP2P1/1P2PP2/P2NB2P/R1B1K1NR b KQkq - 2 10,3
r1b1k2r/2pqbpp1/pn3n2/p3P2p/8/5P2/PPPP2PP/RNB1KQNR w kq - 1 12,3
r1bq1k1r/pppp2pp/2n4P/b3pp1Q/4PP1P/N7/PP1P3R/R1B1KBN1 w Q - 3 11,3
rn1qkb1r/ppp1pppp/7n/3p1b2/4PP2/P1P4P/1P1P2PR/RNBQKBN1 b Qkq - 0 6,3
2bqkbnr/r2pp2p/1pp3p1/pBn1P3/6pP/NP3P2/P1PP2P1/1RBK2NR b k - 2 13,3
rnbq1knr/3p1ppp/2pb2P1/pp3p2/7P/1P2P2B/P1PP4/RNBQK1NR b KQ - 0 9,3
1nbqkbnr/1rpppp1p/p7/1p4pQ/3P4/2N1B1P1/PPP1PP1P/R3KBNR b KQk - 1 7,2
1nb1kb1r/r1qp1p2/pp1p3p/2p3P1/4n3/P7/1PPPN1PP/1RBQKB1R w Kk - 2 11,2
r1bqkb2/p3pppr/n2p4/1pp4n/3PP1Pp/NPP2P2/PBQ4P/R2K1BNR b q - 1 12,3
rnb2bnr/3ppkpp/ppp2p2/4q3/P3PB2/3P4/1PPNKPPP/R2Q1BNR w - - 5 8,2
rnb1k1nr/2p2p2/p3pq1p/1pbp2P1/1P1PNp2/2P5/P3PP1P/1RB1KBNR b Kkq - 0 13,3
rn1qk1n1/1b1p2pr/1pp5/p3Pp1P/1b2P3/B2P4/P1PQ2BP/RN2K1NR w KQq - 1 12,3
r1b1kbr1/p2q2p1/1pp4n/2Pppp2/3PPP2/1QP3PN/P6P/RN2KB1R b KQq - 0 12,3
2bq1bnr/r1p1pkp1/3p3p/pp3p2/P5PP/R3PP2/1PnPKR2/1NBQ1BN1 w - - 2 12,3
rn2kbr1/pppq2pp/3ppp2/4Pb2/8/1PP5/PBQPP1PP/RN2KBR1 w Qq - 2 10,3
rn2kbnr/4pp1p/Qqp5/1p1p2p1/1P2NP2/3P3b/P3P1P1/R1B1KBNR b KQkq - 1 10,3
rn1q1bnr/pp2pk2/B3bppp/2pp3P/4P1P1/1PP2N2/PB1P1P2/RN1QK1R1 b Q - 1 11,3
rn2kbnr/p3pppp/b2q4/1p1p4/2pP2P1/BPP4N/P3PP1P/RN1QKB1R w KQkq - 1 9,3
1rbqkb1r/1pp3pp/p4p1n/2PpP3/7P/2N2P1R/PP1P2P1/RNBQKB2 w Qk - 0 12,3
r1b1kb2/2ppn2r/2n3p1/pp2p1qp/1P2Pp2/1BP2N2/P2P1PPP/RNBQK1R1 w Qq - 2 12,3
3qkbnr/rpp1pp1p/p1n5/3p2pP/7N/NP5b/P1PPPPPR/R1BQKB2 b Qk - 5 7,3
r2qkb1r/pb1pppp1/1pn5/5n1p/P2P4/1pP2P1N/RP1NP1PP/2B1KB1R b Kkq - 1 10,3
r1bqkb1r/1p1ppp1p/n1p4n/p5pP/4P3/2P5/PP1P1PP1/RNBQKBNR b Qkq - 0 6,0
1nbqkbnr/2ppp1pp/r7/pp6/5p2/N1PP1PP1/PP2P2P/R1BQKBNR w KQk - 0 6,3
rnb1kbn1/pp1pqppr/2p5/4p2p/2P4P/P3PQ1N/1P1P1PP1/RNBK1B1R b q - 2 7,3
r3kbn1/p1pqpppr/3p3p/1pP5/PB2P3/1b1P1P1N/4N1PP/R2QKB1R b KQq - 0 13,3
rnbq1b1r/ppp1kp1p/6pn/3pp3/P4P1P/2N3P1/1PPPP3/R1BQKBNR w KQ - 0 6,3
rnbqkb1r/p1pppp1p/7n/1p3Pp1/6P1/P3P3/1PPP3P/RNBQKBNR w KQkq - 1 6,0
1rb1kbnr/pp1pB1pp/2p5/5p2/3P4/qnQ2PP1/PPP1P2P/RN2KBNR b KQk - 0 9,3
rnb1qbnr/p2pkp2/1p2p2p/2p3p1/2PPKP2/4B1P1/PP2P2P/RN1Q1BNR b - - 0 8,3
rn1q1b1r/pbp1pk1p/1p6/3p1pp1/2P4P/1P2n2R/P2PPPB1/RNBQK1N1 w Q - 0 12,3
r2qkb1r/p1pbppp1/2np3p/1p6/5n2/P1NPPN2/1PPQBPPP/R1BK3R b kq - 4 10,3
r1b1kbnr/p2p1pp1/np2p3/2p1N1qp/7P/N1PPP3/PP1B1PP1/R2QK1R1 b Q - 3 10,3
rnbq1bnr/p1pppk1p/5p2/1pP5/3P2pP/8/PPQ1PPP1/RNB1KBNR w KQ b6 0 6,0
rnbq1b1r/p3pk1p/2N4n/1ppp1p1p/6P1/4P3/PPPP1P1R/RNBQKB2 b Q - 1 9,3
r1b1kbnr/Np1pppp1/n3B3/7p/P6q/2P1PNP1/1P1P1P1P/R1BQK2R w KQk - 0 11,3
rn1qkb1r/pp1b2pp/3pp2n/2p2p2/QPP1P3/5P1N/P2PK1PP/RNB2B1R b kq - 0 7,3
rnbq1bn1/ppppp1p1/5k1r/5p2/1P1P2p1/2N1P2P/P1PBBP2/1R1QK1NR w K - 3 10,0
rnb1kbnr/p3p1pp/1ppp3N/4P1p1/8/PP6/2PP1PPR/RNBQKB2 w Qkq - 0 12,3
rnbqk1nr/ppp2pp1/4p3/1P1p3p/1b6/N2PPN2/PBP2PPP/1R1QKB1R w Kkq - 2 9,1
rnb2b1r/pp1ppkp1/3N4/2p2p2/P1P2qnp/1P2P2B/R1QP3P/2B1K1NR b K - 1 12,1
r1b1kb1r/2ppnppp/4p1P1/pp6/2QP3q/1P6/P2KPP1P/RNB2BNR b kq - 0 9,3
rnbqkbnr/1ppp4/5pp1/p7/2PP3p/P1N1PN1P/1P3PP1/R1BQKB1R b KQ - 0 11,0
rnbqkbn1/3ppp2/1p1r4/2p3pp/2P1PP2/P4N1P/RP1P2P1/1NBQK2R b Kq - 4 10,3
rn1qkb1r/p2pp1pn/bp6/2p2p2/P1NPP1P1/2P4p/1P3P1P/R1BQKBNR b Kkq - 0 10,3
r1b1kb1r/pp1pppp1/2n2n1p/2p5/2PP3P/P4P1R/1PQ1P1P1/RNB1KBN1 w Qkq - 1 9,3
1rb1k1nr/p2p1qpp/Qpp2p2/2b1p3/1n2P3/6PP/PPPP1PB1/1RB1KNNR b Kk - 11 13,3
r2k2nr/p1pp1p1p/bpn5/1Nb1p1p1/1QP2P1q/P2P2P1/1P2P2P/R1B1KBNR w KQ - 2 10,3
rnq2bnr/1pk1p2p/2pp4/pP4p1/1QP1P1b1/3P1N1P/P3pPP1/1R2KBNR b K - 0 13,3
rn1qkb1r/pp2p1pp/3pNp1n/2p5/4PB2/3P2P1/PPb2P1P/R2QKB1R b KQkq - 1 9,3
1n1k1bn1/p1pqpp2/1p1p2pr/7p/P4PPP/N6R/1PPPP3/R1BQK1N1 b Q - 0 12,3
r2qkb1r/1p2ppp1/5n1p/p1pp1b2/3PP2P/P1P2N2/RPQ1KPP1/1NB2B1R b kq - 0 12,3
r1bqkbnr/1ppp1p2/n7/2P2Ppp/4p2P/Np4PB/P2PP3/R1BQK1NR b Kkq - 1 11,3
rnq1kbnr/p1p1pp1p/1p6/P5p1/1P1p2b1/2N5/2PPPPPP/R1BQKBNR w KQkq - 0 7,3
r1bk2r1/pp1p1pp1/n2bp2n/2p1q2p/P1PN1P2/1P1P1NPB/4P2P/1RBQK2R w K - 5 13,3
r1b1kbn1/1pp1q2r/p1n2p1p/1N1pp1p1/3P4/P1P2P2/1PQKP1PP/R1B2BNR b q - 1 10,3
1nbqk1r1/rpppb2p/p3pp1n/4P1p1/2N3P1/1PPP3N/P4P1P/1RBQKBR1 w - - 5 13,3
r1bqnk1r/pppn1p2/4p1p1/1B2P1p1/8/P1P4P/P2P1PP1/RNB1K1NR w KQ - 2 12,2
rnb1k1n1/pp1ppp2/2pr2pb/6Bp/P2P4/2P2N2/1P2PPPP/Rq1QKBNR b KQq - 11 12,3
rnbq3r/pp1pkppp/2p2n2/4p3/PbP1P3/R6P/1P1P1PP1/1NBQKBNR w K - 0 6,3
r1q2bnr/2pk3p/p1nppp2/1p4R1/1P2PP2/P1N4P/2PPK2P/R1BQ1B2 w - - 1 12,3
rnbqkb1r/2pppn2/1p3p2/p3N1pp/3P3P/2P1K1P1/PP2PP2/RNBQ1B1R b kq - 0 8,3
1nbqkbnr/p1rp1ppp/1p6/2p1p3/2PPP3/6PP/PPQ2P2/RNB1KBNR b KQk - 8 9,2
1nbqkb1r/2ppp1p1/r4p2/pQ5p/6n1/N3PP1N/PPPP2BP/R1B1K1R1 w Q - 1 11,3
1n1qkbnr/rppbp1pp/5p2/3pP3/1pP5/7P/P2P1PP1/RNBQKBNR w KQk - 0 7,3
rn1q1bnr/pp2p1p1/2pp3p/5b1k/P1P4P/6P1/RP1PPP2/1NB1KBNR w K - 0 12,2
rnbk1b1r/ppp4p/3pppQn/7q/P1PP4/4B1P1/1P2PP1P/RN2KBNR b - - 0 13,3
rnbqk1r1/3p1ppn/p1pb4/1p2p2p/1PKP3B/8/P1PNPPPP/RN1Q1B1R w q - 0 12,1
rn1qkbnr/p2p1ppp/2p1p3/1p1b4/2P4P/N2P2PN/PP1BPP2/R2QKB1R b KQkq - 1 7,3
rnbq1br1/ppNk1pp1/3p1n2/4p2p/2P3PP/8/PP1PPP2/R1BQKBNR b KQ - 0 7,3
r1bqkbnr/pp2pppp/n1p5/3p4/5N2/1P6/P1PPPPPP/RNBQKB1R w KQkq - 6 6,0
rnbqkb1r/pp1pppp1/2p2n1p/4P3/8/1P1PB3/P1P2PPP/RN1QKBNR w KQkq - 0 6,3
2bqkbn1/3ppppr/prn5/1pp1P2p/7N/3P1Q1P/P1P2PP1/RNB1KBR1 b Q - 0 12,0
r3kbnr/p1p1ppp1/1pn1b3/2q4p/2NpP3/1PPP2P1/P4PB1/R1BQK1NR w KQkq - 0 10,3
2qnkbnr/3bpp1p/rppp2p1/p7/P7/1PN2N2/2PPPPPP/R1BQKB1R w Kk - 0 11,0
rnbqkbnr/p1pp1p2/8/1p2p1pp/6P1/2NP1PKP/PPP1P3/R1BQ1BNR b kq - 1 7,2
rnb2bnr/ppp1kppp/3pp3/6P1/8/P1PP4/1P1NP1PP/R1BQKBNR b KQ - 2 6,0
rnb1kbnr/pp1pppp1/4Q3/7p/1p1P1q2/8/P1P1PPPP/RNB1KBNR b KQkq - 5 6,3
rnb2bnQ/ppp5/3ppp2/3k2p1/1P4P1/N1P4P/PR1PPP2/2BK1BNR b - - 0 13,2
1nbqkbnr/1p4p1/3pp3/rNp2p1p/1p6/5P1N/PBPPPKPP/R1Q2B1R w k - 0 9,3
1nbqkbnr/rppp1p1p/4p3/p1P3p1/QP4P1/5P1N/P2PP2P/RNB1KB1R b KQk - 0 7,3
rn3bnr/p1p1p3/1pq1b1kp/3p1p2/1P3PP1/N7/P1PPPKB1/1RB1Q1NR b - - 0 12,3
r1bqkbr1/np1n1pp1/4p3/p6p/3pP3/N3B3/PPPK1PPP/R4BNR w q - 2 11,3
rnbqkbnr/ppp1p3/3p2p1/P6p/5p2/5PPP/1PPPP3/RNBQKBNR w KQkq - 0 6,2
r1b1q1nr/p1ppkp2/np2p2B/6pp/P2P3P/b4N2/1PP1PPPR/RN1QKB2 w Q - 0 9,3
r2q3r/2ppb1pp/bpn2k1n/p3p2P/2PP1pP1/P1N1PQ1B/1P3P2/R1B1K1NR b KQ - 0 12,3
rn1q1bnr/3bpkp1/3p3p/ppp2p2/QPP4P/2N1PK2/P2P1PP1/1RB2BNR w - - 2 10,3
r2q2nr/pppbkpp1/3p3p/4p3/N1Pn3P/1P3N2/P2PPPP1/R1BQKB1R b KQ - 1 10,3
r1b2bnr/p1p1p2p/npqp3k/3P1pp1/3Q1P2/PNP5/1P1BP1PP/RN2KBR1 b Q - 0 11,3
2bqkbn1/1pp1p2r/r1P3p1/p2p1p1Q/4P2P/N1P3P1/P2P1P2/R1B1KBNR b KQ - 0 9,3
rnb1k2r/pp1pb1p1/4Pn2/1qp2p1p/3P4/N4NPB/PPP1P2P/R1BQK2R b KQkq - 6 10,3
r1bqkbnr/1p2p3/2p5/p3np1p/P2p2pP/RPN1PQP1/N1PP1P1R/2B1KB2 b kq - 1 12,3
rn1k1bnr/p1q1ppp1/b1p5/3p3p/pP2BPP1/B7/1RPPPK1P/1N1Q2NR w - - 2 11,3
r1bq1bnr/3npkpp/1p6/pBp1p3/3p1PP1/1PN5/P1PPK2P/R1B1Q1NR w - - 2 10,3
r2qkbn1/1p2pp1r/p4n1p/2pp3b/2P5/PP1P4/3KPPPP/RNB2BNR b q - 0 13,3
rn2kb1r/1pq1n2p/3pppp1/pbp5/2P5/PP2P3/1B1P1PPP/R2QKBNR w KQkq - 2 11,3
r1bq1b1r/p3nk2/1pnp1p1p/3Pp1p1/1p4BP/N4PP1/P1PQP3/R1B2KNR b - - 0 13,3
r1bqkbnr/p1ppp1pp/1p6/5p2/Pn2N1P1/B6B/2PPPP1P/R2QK1NR b KQkq - 1 7,3
rnbqkb1r/1pppp1p1/p7/1Q6/1n4pp/P1PP1N2/3NPP1P/R1B1KB1R b KQkq - 1 9,3
rnb1k1nr/p2p1p1p/1q3p1b/1pp1p3/4P3/1P1P1PP1/P1P4P/R1BQKBNR w KQkq - 1 9,0
r2qkbnr/ppp1pppp/2n5/4N3/Q5b1/2p5/PP1PPP1P/RNB1KB1R w KQkq - 0 6,3
1rb3nr/p1p1kp1p/Q5pB/2Ppp3/1pP2P2/P1NP3P/3KP2P/R4BNR b - - 2 13,3
1rbqkbn1/n1ppp1pr/p4p1p/1p2P3/6PP/2P2P1B/PPQP4/RNB1K1NR w KQ - 1 9,3
1nbqkbnr/1pppp2p/r5p1/p4p1Q/2P1P3/1P5P/P2P1PP1/RNB1KBNR b KQk - 0 6,3
rnbqk1nr/1pp1bp2/p2pp3/2P3pp/4P3/5PPB/PP1P3P/RNBQK1NR w KQkq - 0 7,3
r2qkb1r/pb3ppp/n1p1p3/1p1p3P/1P2n3/N2PKP2/P1P1P1P1/R1BQ1BNR b kq - 0 9,3
r1bqkb1r/1pp1ppp1/n1p5/7p/p4PnP/4P1P1/PPPPQ2R/RNB2KN1 w q - 0 11,3
r1bq1bnr/pppk1ppp/2n5/4p3/3p1P2/1QP1P3/PP1P2PP/RNB1KBNR b KQ - 0 6,3
r1bqkbnr/p1pp3p/4n3/Pp2Bpp1/4p3/N1PP3P/1P1QPPP1/R3KBNR b KQkq - 3 9,3
rn2kbn1/p2bppp1/2p4r/1N1p1P2/q2P3p/2P5/1P1KP1PP/R1B2BNR w q - 1 11,3
rnbqk1nr/ppp2p1p/3pp3/1Pb3p1/8/2B2P2/P1PPPKPP/RN1Q1BNR w kq - 4 8,1
r1bqkb1r/p1ppp1p1/1pn2p1n/7p/1P4P1/5P1P/P1PPP3/RNBQKBNR w KQkq - 0 6,2
r1b2bnr/ppp1qpk1/n2p3p/3Pp2R/4N3/P5P1/RPPNPPB1/2BQK3 b - - 6 13,0
r1b1kbnr/pp1pp3/8/q1p2p1p/1nP1QpP1/PP5P/3PPK1R/RNB2BN1 b kq - 3 11,3
rn1qkbnr/3pp1p1/b4p2/p1pP4/P1p2P1p/6P1/1P2PK1P/RNQ1BBNR w kq c6 0 13,3
1nbq1br1/rp1kpppp/3p4/B1pn3P/2P5/NP6/P2PPPP1/R1Q1KBNR b Q - 2 11,3
r2qkb1r/2p2p1N/1p1pp2n/pP2n1pP/4P3/2P3P1/1P1PKP2/RNBQ1B1R w kq g6 0 12,3
rnb1kbnr/p3p3/2q3p1/1p1p1pPp/P7/5N2/1PPPPPBP/1RBQKR2 b kq - 0 12,3
r1b1kbnr/p2p1p1Q/n1pq4/4p1p1/P1p5/5P1N/1P1PP1PP/RNB1KB1R b Kkq - 2 9,3
rn1q1bn1/pp2pN1p/2p1kp2/3p2p1/2P1PP2/N2B4/PPQP2bP/R1B1K1R1 b Q - 0 13,3
rnb1kb1r/2qp2pp/1p2p2n/8/p1P2P2/N4PP1/P1PPK2P/R1BQ1BNR b kq - 1 12,3
r2qkb1r/p2bpp2/1p2nn2/1B4p1/1N2p1p1/2N5/PPPPQP1P/1RB1KR2 b kq - 1 13,3
3qkbnr/r1p2p2/ppnpb1p1/4p2p/1P1P2P1/2Q1PP2/P1P1N2P/RNB1KB1R w KQk - 1 10,3
r1bqkbnr/1pppp3/p1n5/5p1p/1P3p2/2NP4/P1PBP1PP/R2QKBNR b kq - 0 9,2
rnb1kr2/3pqpp1/p1p2n2/1pP1p3/P5p1/1P2P3/1B1PKP1P/R2Q1BNR b q - 1 13,3
rn2kbnr/3bp2p/1pqpQpp1/p7/P1p4N/1P1PP3/2P2PPP/RNB1KB1R w kq - 2 12,3
rn1qkbnr/3p1pp1/2p1p3/pp5p/P6P/1RP5/1P1PPPb1/1NBQKB1R w Kkq - 0 9,3
r1bqkb1r/pppp1pp1/n6n/7p/1P2p2P/N4P2/PBPPP1P1/R2QKBNR w KQkq - 1 6,3
rnbqkbnr/2pp2pp/pp3p2/6B1/2Pp2P1/5P2/PP2P2P/RN1QKBNR w KQkq - 0 6,3
1nbqk1nr/rppp2b1/4pp2/pB4Pp/3PP3/N7/PPPK1PP1/R1BQ2NR w k - 0 8,3
rnb1kbn1/p3p2r/1qp2ppp/1pPP4/2B3QP/N7/PP1P1PP1/R1B1K2R b KQq - 0 12,3
1nbqkbnr/rpp1pppp/B2p4/p7/4P3/P1N2N2/1PPP1PPP/R1BQK2R w KQk - 0 6,2
rnbqkbn1/1p4pr/p1p2p1p/3ppP2/8/N2P1N2/PPPBP1PP/R2QKB1R w KQq - 0 8,3
rnb1k2r/1pp2ppp/5n2/p2pp2P/R2P2P1/b3PP2/1PP1K1B1/1NBQ2NR b kq - 0 11,3
r1bqkbnr/p1p1pppp/1pn5/3p4/P1BPP3/5P2/1PPB2PP/RN1QK1NR b KQkq - 0 6,3
rn1qkbnr/1pp1p1p1/p3bp1p/3p4/1P5P/P4P2/1BPPP1P1/RN1QKBNR w KQkq - 1 6,0
1rb2bnr/ppp1p3/n2PNk1p/6p1/Q7/4PpP1/PP1P1P1P/RNB1KB1R b KQ - 0 11,3
r1bnkq1r/1pppn2p/1b4p1/p3pp1Q/P3P3/1P1B4/2PPNPPP/RNB2RK1 w kq - 0 13,3
1nb2bnr/rp2pk1p/1qpp1p2/6p1/3P2P1/pP2P2P/P1PNKP2/R1B1QBNR b - - 3 11,3
rnbqkb1r/6pp/pppp4/3npBP1/7P/PPPP1P2/4P3/RNBQK1NR w KQkq - 0 12,3
rnbqk1n1/p1pp1pr1/1p2p1pp/1N6/3PPNQ1/1P6/P1P2PPP/R1B2RK1 w q - 2 13,3
r1bq3r/pp2k1p1/n1p1p3/3p1p2/1bPPn2P/BP1R4/P3PPP1/RN1K1BN1 b - - 1 13,3
rnbqkbr1/2ppppp1/p6n/7p/Pp6/1PN1P3/1BPPQPPP/R3KBNR w KQq - 0 7,3
rnbqkbr1/1pp2p2/3p1np1/p3N3/2N4p/1P2P2P/PBPP1PP1/R1Q1KB1R b KQq - 1 11,3
rn1qkb1r/1p3p2/p1pp2pp/3npP1Q/PPP5/3R3P/1B1P1PP1/1N2KBNR b Kkq - 0 10,3
r1bqkbnr/pp2pp1p/2pp4/4n1p1/7P/2PP2P1/PP1QPP2/RNB1KB1R w KQkq - 0 8,0
rn1qkbnr/p2b1p1p/1pppp1p1/5P2/PP6/2P3P1/3PP2P/RNBQKBNR w KQkq - 0 7,3
1rbqkb1r/2pp1ppp/4pn2/pp4N1/Pn5P/2R1P3/1PPPKPP1/1NBQ1B1R b k - 1 9,3
rnbqk2r/1ppp1p1p/Q5p1/4p3/1b1PP1n1/2P5/PP1B1PPP/RN2KBNR b KQkq - 0 7,3
Nn1q2nr/p3k1p1/b2p1p2/1p2p2p/1b1P4/P5P1/1PPNPP1P/R1BQKB1R b K - 0 13,3
r1bqkb1r/pp1p2p1/n1p1p2n/5p1P/N1B5/PP2PN2/2PP1P1P/R1BQK2R w KQkq - 0 10,3
1rbq2nr/p2kp1b1/n2P1ppp/1pp5/1P2PP2/6P1/P2PN2P/R1BQKBNR w KQ - 1 12,3
rn1qkb1r/p2ppppp/1p6/2pn3Q/2b1P2P/8/PPPPNPP1/RNB1KB1R b KQkq - 0 9,3
rn1qkbnr/ppp1pppp/3p4/5b2/2P5/3PP3/PP1B1PPP/RNQK1BNR b kq - 0 6,0
r2qkb1r/pppn1p1p/3p1n2/2P1pb2/P5p1/2Q3PB/1P1PPP1P/RNB1K1NR w KQkq - 0 8,3
1rbq1bn1/2p1kppr/1pn1p2p/1N1Q4/p1P3P1/3pP2B/PP1P1P1P/R1B1K1NR b KQ - 3 13,2
r3kbnr/pbp1pppp/3p4/1p5q/5BP1/1n1PP1NN/PPP2PQP/R3KB1R b KQkq - 6 12,3
rn2kbnr/pp1b1p1p/1q1p3p/2p1p3/4P3/3P1P2/PPP3PP/RNQ1KBNR w KQkq - 0 7,0
r1bq1bnr/2pkpQp1/1pn4p/p2p4/4P3/PP1P3N/2P2PPP/RNB1KB1R w KQ - 1 8,3
rnbq1knr/pppppp2/5bpp/1B2P3/5P2/8/PPPPK1PP/RNBQ2NR w - - 1 6,3
r1b1kbnr/ppqpp1p1/2n4p/2p2p2/P1P3P1/1P2P2B/3PQP1P/RNB1K1NR b KQkq - 0 8,3
rn2kbnr/p3p3/b1pp3p/q5p1/2p1P2Q/NP1B1P1P/P2PNP2/R1B1K2R b Qkq - 2 12,3
rnbq1bnr/p2pkppp/8/1pp1p3/1PP5/P1N2NPB/3PPP1P/R1BQK2R w KQ - 1 8,3
rnbk1bnr/ppp1p1p1/7p/3q1p2/PP1P2P1/N4B1P/2P5/R1BQ1KNR w - - 3 12,3
r1b2bnr/Np1p1ppp/nqp2k2/8/3Np1P1/1P2P3/P1PP1P1P/R1BQKB1R w KQ - 3 9,3
rnbqkbr1/pp1ppp1p/2p3pn/3P4/1P3P2/B7/P1PKP1PP/RN1Q1BNR b q - 0 7,0
rnb1kbnr/1p2pppp/p2p3q/2p4Q/N1P5/3P4/PP2PPPP/R1B1KBNR w KQkq - 0 8,3
r1bk1bn1/pp1qp3/n1p4p/1BP5/3PP3/8/PP3r1P/RNBK2NR b - - 0 13,3
rnbq1bnr/1p1p2pp/2pk1p2/p7/2Pp1Q2/1P5P/P3PPP1/RNB1KBNR b KQ - 1 8,1
rnbqkb1r/p1ppppBp/Qp6/8/7p/PP2P1n1/2PP1PP1/RN2KBNR b KQkq - 1 9,3
r1bqkbnr/p2pp3/n1p2pp1/1p4Pp/2P5/N4N2/PP1PPP1P/R1BQKBR1 w Qkq - 2 7,3
rnbqkbnr/3pp1pp/p1p2pQ1/8/1Pp5/8/P2PPPPP/RNB1KBNR b KQkq - 1 6,1
rnbq1kr1/2pp1Bp1/p2n4/1p2p2Q/1P1P1P2/b1P1P3/P3N1PP/RNB1K2R w KQ - 3 13,3
rnbqkb1r/pppppp2/7p/5p2/4P1n1/2P3P1/PP1P3P/RNBQKBNR b KQkq - 0 6,3
1r2kbnr/pp2ppp1/n6p/1bpP1Q2/P7/6PN/1PPN1P1P/R1B1KB1R w KQk - 3 13,3
rnbqkbnr/1p1pp2p/5pp1/p1p5/2P2PP1/N7/PP1PP2P/R1BQKBNR b KQkq - 1 6,0
1r1qkb1r/ppp2ppp/4b2n/3ppPB1/1n1PP1P1/P1N5/1PP4P/R2QKBNR b KQk - 0 9,3
rnbqk1nr/1p1pp3/5p1b/pNp3p1/2P5/1P1P2p1/PBQKPP1P/R4BNR w kq - 0 10,3
rnb1kbnr/p1p3pp/8/1p1Npp2/2P4q/PP2P1P1/3P1P1P/RNBQKBR1 b Qkq - 0 9,3
r1bq1knr/nppp1ppp/4p2B/8/pb1P1P2/2N3P1/PPP1P2P/R2QKBNR w KQ - 0 8,3
r2qkNnr/p1p1p1pp/b1n5/1p1B1p2/6P1/P1N5/RPPPPP1P/2BQK2R b K - 0 11,3
rNq1kbnr/1bpn1p2/p3pp2/1p1p3p/Q1P5/7P/PP1PPPPR/R1B1KB2 w Qkq - 2 12,3
1r1qkbnr/ppp1pp2/2n1b1p1/3pP2p/3P1B2/P6N/1PP2PPP/RN1QKBR1 b Qk - 0 7,3
rn1qk1nr/4ppbp/3p2p1/1pp5/p1P5/1P3PPb/P2PP2P/RNBQKBR1 w Qkq - 1 10,3
1rbq2kr/p1ppp1bp/np3n2/5p2/5pP1/NP1PPN1P/P1P5/R1BQKB1R b KQ - 0 11,3
rq2k1nr/pbpp2p1/Bp2p2p/5pN1/4P3/1PN4Q/P1PP1PPb/R1BK3R w kq - 0 12,3
rnbqkb1r/1p1p1p2/p5p1/1PP1p1np/4P3/P4N2/2PK1PPP/RNBQ1B1R b kq - 0 10,3
rn1qkb1r/p2p1pp1/b4n2/1p2p3/2pPP1PR/2P4B/PP3P2/RNBQK1N1 b Qkq - 3 11,3
rnb1kbnr/ppp1qppp/3p4/4p3/N3P3/7N/PPPPKPPP/R1BQ1BR1 w kq - 3 7,0
rnbqkb1r/pppp3p/6pn/3Pp1NQ/PP2pP2/2P5/1B3KPP/RN3B1R b kq - 0 12,3
rnbqr1k1/pppp2pp/4p2n/2b1QP2/P7/1P3N2/1BPP1PPP/RN2KB1R b KQ - 2 11,3
r1b1kbn1/pppp1ppr/8/2P1p2p/1n2P3/8/PP1P1KPP/RNBQ1BNR w q - 1 9,2
rnb1k2r/3p1ppp/1qpb4/p3p3/2B1P1nP/5P2/PPPP2P1/RNBQK1NR w KQkq - 3 10,3
r1bqkbnr/p1p1p2p/1p3pp1/1n1p4/3PP3/1PP3BN/P3QPPP/RN2KB1R b KQkq - 0 12,3
r1bqk1nr/2pp1ppp/pp1bp3/2QN1P2/6P1/4PN1P/PP1P4/R1B1KB1R b KQkq - 2 10,3
r1bq1bnr/p1pk1p2/1p4p1/3pp2p/2B3P1/N1N1PQ1P/PPPP1P2/R1B1K1R1 w Q - 0 10,3
rq2kbnr/p2b1p1p/np1pp3/3N2p1/3p1P2/4P1K1/PPP1Q1PP/RNB2B1R w kq - 0 11,3
rnbqkbnr/1p2ppp1/7p/p1p5/3Pp3/8/PPPNNPPP/R1BQKB1R w KQkq - 0 6,3
rnb1kb1r/1ppp1ppp/4qn1P/p3p3/4NP1R/P1P1P3/1P1PQ1P1/RNB1KB2 w Qkq - 0 13,3
1nbq1r2/1pp1kp1p/r2bp3/p5p1/2p1N1P1/3P3P/PPP1NP2/R1B1QK1R b - - 0 13,3
rnbqkb1r/4pppp/pp1p3n/8/1PpP4/2P1B2P/P3PPP1/RN1QKBNR b KQkq - 1 7,0
1nbqkbnr/1pp1pp1p/r5p1/p2p4/8/1PP5/P1QPPPPP/RNB1KBNR w KQk - 2 6,0
rnbqk2r/pp2pp2/2p2n1b/3p2pp/4PP2/P5Q1/RPPP2PP/1NB1KBNR w Kkq - 0 10,3
1n1q1knr/2ppb1pp/rpb5/4pp2/Np2P1P1/8/P1PP1P1P/1RBQKBNR w K - 0 12,3
r1bq1b1r/ppppk1pp/4p2n/5p2/P2n3P/3P2P1/1PPNPP2/1RBQKBNR w K - 0 8,0
r1bq1bnr/2pppk2/ppn2p2/3P3p/1Q2P1p1/5B2/PPP2PPP/RNB1K1NR w KQ - 0 9,3
rn1q1bn1/1p1kpppr/p3b2p/2p5/P2pP2P/N4PPR/RPPPQK2/2B2BN1 b - - 9 13,3
r1bq1bnr/3pp1Qp/p1n1k3/1pp2p2/4P3/P1N5/1PPPNPPP/R1BK1B1R w - - 1 10,3
rn1q2nr/pp2k1p1/2ppbp2/4p2p/P1P4P/b3P1P1/RPKP1P2/2B1QBNR b - - 2 11,3
1r1qkbnr/p1pppp1p/2n5/1p4p1/2PN3P/6P1/PP1PPP2/RNBQKB1R w KQk - 2 7,3
r1bqk2r/p1ppbppp/7n/1P2p3/6P1/2Nn1N2/1PPPPP1P/R1BQKB1R w KQkq - 3 9,1
rnbq1bnr/pp1ppkp1/2p5/5p1p/4N3/P5P1/1PPPPP1P/1RBQKBNR b K - 1 7,0
rn2k1Br/p1pq4/b3p1p1/1p3p1p/2PpP3/N4NPK/PP1P1P1P/R1BQR3 b kq - 0 13,3
rnbqkb1r/2pppppp/1p5n/4B3/3P4/1p3N2/P1P1PPPP/RN1QKB1R b KQkq - 1 6,3
rnb1kb1r/pp1pp2p/6pn/P4p2/2p2P2/P2PP3/2P3PP/RNBQKBNR w KQkq - 1 7,0
rn2kbnr/p3p1pB/3p1p1q/1pp2bP1/5P2/3P4/PPP1P2P/RNBQK2R w KQkq - 1 9,3
2bqkbr1/1p1n1p2/r1ppp3/pN3npp/2PP4/4B1P1/PP2PP1P/R2QKBNR w KQ - 0 12,3
rn1qkb1r/pp2pp2/5np1/2pp3p/6PP/N3P2b/PPPP1P2/1RBQKBNR b Kkq - 0 7,3
r1b2bnr/pppq1kpp/2np1p2/4P3/Q1P4P/2NP4/PP2P1P1/R1B1KBNR w KQ - 1 8,3
1nq2bnr/r2bpkpp/p1p2p2/1pPp4/P2N2P1/5P2/1PQPP1BP/RNB1K2R b KQ - 4 11,3
r1bq1bnr/pppp1kpp/5pn1/4p3/2NP2P1/4P3/PPP2PBP/R1BQK1NR w KQ - 1 7,3
rn1q1bn1/pppkpp1r/3p2pp/8/2P2Pb1/P6P/1PQPPKP1/RNB2BNR b - - 0 7,3
r1bq1b1r/pppk1p1p/n6n/3pp3/P4p2/2RP4/1PP1PPPP/1NBQKBR1 w - - 0 9,3
rnbqk1nr/pppppp2/3b2pB/7p/7P/2NP1P1R/P1P1P1P1/R2QKBN1 b Qkq - 5 7,0
rnb2kr1/pp1p1ppp/1q2p3/2p3b1/P1P1P1nP/BP6/2RP1PP1/1NQ1KBNR b K - 2 11,3
1qb1kbn1/r2ppppr/p1n4B/1p2P2p/1P1p4/2NQ1NPP/P1P2P1R/R3KB2 b Q - 0 11,3
1r1qkbr1/p2ppp1n/b1p3pp/1pN5/Q1nP3P/P3BNP1/1P2PP2/R3KB1R w KQ - 3 13,3
2r1k2r/2qpbppp/1pn2n2/p1pbp1B1/1P1PP1Q1/2N2N2/P1P2PPP/R2K1B1R w k - 2 12,3
r1b1kbr1/ppp1nppp/n2qp3/8/8/3P3P/PPPQPPP1/R1B1KBNR w KQq - 0 7,0
rnbqkbnr/pp1p3p/4ppp1/1p6/6P1/1QP4N/P2PPP1P/RNB1KB1R b KQkq - 1 6,2
r1bqk1nr/2p1ppbp/3p2Q1/pp2PB2/2PP4/8/PP1B1PPP/RN2K1NR b KQkq - 1 10,3
r1bqk2r/N2p1p1p/n1p3p1/1pb1pn2/2B1P1P1/5P1N/PPPP3P/R1BQK2R w KQkq - 4 11,3
r1bqkb1r/p1p1pp1p/np1p3n/6pP/6P1/PP5N/1BPPPP2/RN1QKB1R b KQkq - 1 7,2
rn1qk1nr/ppp1bp1p/3pb1p1/4N3/2P4P/2N5/PP1PPPP1/R1BQKBR1 b Qkq - 2 7,3
r1b2bnr/p2pkppp/2p5/q1n1p3/2P1P1PP/PpQ5/1P1P1PB1/RNB1K1NR b KQ - 2 10,3
r1bqkbnr/p2ppp2/2n5/2p3pp/4NPPP/1p5R/PPPPP3/1RBQKB1N b kq - 1 10,3
r1bqkbn1/p1ppp2r/2n5/1N3Ppp/1P6/2N1P3/P1PP1P1P/R1BQKB1R b KQq - 1 8,0
rn2kbnr/p2p4/b5p1/1pp1p2p/2P2pBP/NP1PPN2/P4P1P/R1BQKR2 w Qkq - 0 12,3
r3kbnr/pbppB3/n5p1/1p2pp1p/Nq2P3/2PP1PKP/PP4P1/R2Q1BNR b kq - 0 12,3
rnbqkbnr/3pp3/p4p2/1pp3Pp/5P2/2PP1R2/PPK1P1P1/RNB1QBN1 b kq - 1 10,0
rnb1kbnr/p4ppp/2p1p3/1p1p4/P2P4/1PP3P1/R3PP1q/1NBQKBNR w Kkq - 0 8,3
rn2k2r/p1pn2pp/bp4q1/1PbpBp1Q/P4p2/N3P2N/R1PP2PP/3K1B1R b kq - 5 12,3
rnbqkbnr/pppp2pp/8/4pp2/5P2/P6P/1PPPPKP1/RNBQ1BNR b kq - 0 6,3
1n1qkb1r/1pp2pp1/3p1n2/4p2p/1p6/r1NPP2N/P1PQ1PPP/1RB1KB1R b Kk - 0 10,3
rnq1kbnr/4pp1B/1ppp4/p5p1/1Pb3P1/P1P1P2N/3P1P1P/RNBQK2R w KQkq - 1 10,3
rnbqkbnr/p1ppp2p/1p6/1P3pp1/6PP/7B/P1PPPP2/RNBQK1NR w KQkq - 0 6,3
rnbqk1nr/1p1pppb1/8/p1p3p1/4P1Pp/P4P1P/1PPPNK2/RNBQ1B1R w kq - 2 8,0
rn1q1br1/1bpkpp1p/p6n/1PR3B1/3p2PP/1P1P4/P2NPPB1/3QK1NR b K - 3 12,3
rnbq1bnr/ppp1kppp/8/2Ppp3/8/5NP1/PP1PPPBP/RNBQ1RK1 b - - 4 6,2
rq1k1bnr/ppp1p1p1/3p3p/3P4/n3pNP1/5PK1/PPPQP2P/R1B2B1R w - - 0 13,0
rnbqkb2/1ppppp1r/p6n/6pp/1P2P3/N5P1/PBPP1P1P/R2QKBNR b KQq - 0 6,2
r1b1kbr1/1ppqpppp/n7/pQ1p4/3PnP2/8/PPP1P1PP/RNB1KBNR w q - 2 8,3
r1b1k1nr/p2p1ppp/npp1B3/2b5/PP1qPP2/6P1/2PP3P/RNBQK1NR w KQkq - 1 9,3
1n1qk2r/rb2pp1p/Pppp3b/6pn/1BP5/1Q6/P2PPPPP/RN2KBNR w KQk - 1 12,3
1rbqkb1r/pp1p1ppp/4p3/n1p5/1P6/P1P1NN1P/3PPPPn/R1BQKB1R b KQk - 2 11,3
rnbqkbnr/4p2p/ppp3p1/1B1p1P1Q/1P1P4/P3B3/2P2PPP/RN2K1NR w KQk - 0 9,3
1nb1qb1r/r1pk1ppp/4pn2/pp1p4/1P1P4/1QP2P1N/P1K1P1PP/RNB2B1R w - - 1 11,3
rnb1kbnr/2p1p3/pp1q1pp1/3p2Pp/5P1P/2NP4/P1P1P3/R2QKBNR b KQkq - 0 11,3
r1bqkbnr/p1pnp3/1p3ppp/3p4/3P1PP1/P7/RPP1P2P/1NBQKBNR w Kkq - 1 7,0
rnb1kbnr/1p1pppp1/2p5/p5Np/3q4/2PBP1P1/PP1P1P1P/RNBQK2R w KQkq - 3 7,3
rnbq1k1r/pppBbppp/5n2/4p3/4P3/1P5P/PBPPKPP1/RN1Q2NR b - - 0 7,3
1rb1kbnr/p1qppppp/8/8/p1p4P/1P5R/3PPPP1/QNB1KBN1 w k - 2 13,3
rnbqkbnr/2ppp2p/p5p1/1p4p1/1N2P3/P6P/1PPP1P2/R1BQKBNR w KQkq - 0 9,3
rnbqk2r/1p1p1pp1/5n1B/p1p1p1Np/P2P1P2/b3Q3/1PP1P2P/RN2KB1R b KQk - 0 13,3
r3kb1r/ppq1pp1p/n1pp3n/3P1b2/1P4PP/4P2N/P1PQ1P2/RNB1KB1R b KQk - 0 13,3
rnbqkb2/3ppppr/2p4n/pp2P2p/1P5P/2BP1N2/P1P2P2/RN1QKB1R w KQq - 0 11,0
rnb1kb1r/p1qppppp/1p6/2p3n1/7N/3P4/PPP1PPPP/R1BQKB1R w KQkq - 0 7,0
rnbq1b1r/2ppkpp1/1p2pn1p/p7/QPP5/3PB1P1/P3PP1P/RN1K1BNR b - - 2 7,0
2b1k1nr/1ppnbpp1/4p2p/r2NP3/p7/5q2/PPPPQ1PP/1RBK1BNR b k - 1 13,3
r5nr/pp1kbp1p/n2pb1pB/q3p2P/2p5/2NP3N/PPPKPPP1/1R1Q1B1R b - - 0 12,3
rnb1k2r/3p1pp1/pp2p2p/2pn4/4BPP1/bP5P/P1PQP3/RNB1K1NR b KQkq - 0 13,3
rnbqkb1r/1p1ppppp/7n/p1p5/3P4/5N2/PPP1PPPP/RNBQKB1R w KQkq - 6 6,3
r1b2br1/p2p1k1p/n1q1pn2/1pP2pp1/Q1PK4/N3P1PN/PP3P1P/R1B2B1R w - - 1 13,3
r1bqkb1r/pppppp1p/8/5np1/5P2/P2P1N1P/RP1PP1P1/1NBQKB1R w Kkq - 1 7,2
1nbqkb2/rQp1p1p1/4rn2/p4p1p/P3P3/2P5/RP1P1PPP/1NBK1BNR b - - 0 9,3
1r1qkb1r/p1pn1ppp/Qp1pp3/n5N1/2P1PP1P/3P4/PP4P1/RNBK1BR1 b k - 0 12,3
1rbqk1nr/p1ppppbp/2n5/1B2P1p1/6PP/N7/PPPP1P2/R1BQK1NR b KQk - 2 6,3
rn1qkb1r/p1pp2pp/b4p2/1p2p3/3Q1B2/P1PP1nP1/1P2PP1P/RN1K1BNR b kq - 2 9,3
rnb1kb1r/2pqp1pp/1p6/1B1p1p2/p2P2n1/4P2P/PPPBQP2/RN2K1NR w KQkq - 0 9,3
rn2k2r/p4ppp/b1p2B2/1Qbppn1P/3P4/P2R4/RPP1PqP1/1N1K1BN1 w - - 0 13,3
r1bqkbn1/pppp1p2/n6r/4p1pp/PP1P4/4B3/N1P1PPPP/R2QKBNR b KQq - 1 6,3
1nb1k1nr/rp2b2p/2pp2pB/p3pp2/Q1P5/P2P1N1P/RP2P1P1/1N2KB1R w k - 0 13,3
rnbq1b1r/1p1k1ppp/3p1n2/p1p1p3/N4N1P/4P1PR/PPPP1P2/R1BQKB2 w Q - 3 9,3
rn1qkb1r/p4ppp/b4n2/1Pppp3/1P2PP2/P7/2QP2PP/RNB1KBNR w KQq - 0 10,3
r1bqkb1r/pppnppp1/3p1n1p/6B1/3P4/1QP2N2/PP1NPPPP/R3KB1R w Kq - 6 9,3
rnbqkbnr/3pp2p/1pp2p2/p5p1/2P5/P2P1N1P/1P2PPP1/RNBQKB1R w KQkq - 0 6,0
1nbqkbnr/1pp1p1p1/r2p1p2/p6p/1PP5/5N2/P1QPPPPP/RNB1KBR1 w Qk - 2 6,2
2bqkbr1/1pp1p1pp/1rnp3n/5p1P/Pp6/2P2PP1/2QPP1R1/RNB1KBN1 b Q - 0 11,0
rnb1qb1r/pppkp1pp/3p3n/5p2/2P5/P2P2P1/1P2PP1P/RN1QKBNR w KQ - 1 6,0
r3kbn1/ppp1pppr/n3b2p/1N6/P1p5/8/RP1PKPPP/2BQ1BNR w q - 0 11,3
rn1qkbnr/p3ppBp/bppp4/8/Q1PP4/N7/PP2PPPP/2KR1BNR b kq - 1 8,3
rnbqkb1r/2p2ppp/pp1p1B2/8/8/1P3N2/P1PPPPPP/RN1QKBR1 w Qk - 0 7,3
rn2qbn1/1bppkp1r/1p4p1/p5Np/P5P1/1P1P1N2/1BP1PP1P/R2QKB1R b KQ - 1 13,3
rn1qkbnr/p1p1p1p1/bp1p3p/8/P2P1P2/2P1B3/1P4PP/RN1QKBNR w KQkq - 0 10,0
1nbqkb1r/1pppp1p1/3r1n1p/pP3pB1/3P4/4P2P/P1PK1PP1/RN1Q1BNR b k - 0 9,3
r2qkb1r/pbpp1ppp/4p3/1p2N1P1/1n5P/2NP2nB/PPP1PP2/R1BQK2R w KQkq - 2 9,3
r1b1kbnr/pp1p1p1p/2p1p3/6p1/QnP1P1Pq/2NP4/PP2N2P/1RBK1B1R w kq - 2 11,3
rnb1qknr/2ppp2p/7b/1Q3pp1/p1PPP3/P1N2P2/1P4PP/1RB1KBNR w K - 0 10,3
r1bq1b1r/2nkppp1/p6B/1p1p2N1/P1pP2R1/7P/1PP1PPP1/1N1QKB1R w K - 0 13,3
rnb1k3/pp1pqpbr/2p3p1/4p1p1/1P1P2P1/2P1n2P/P1QKPP2/RN3B1R w q - 0 12,3
rnbqkbr1/1p1ppp2/p4np1/7p/3p3P/N4P2/PPP1P1P1/1RBQKBNR w Kq - 2 8,0
rn1qk2r/ppp3bp/3p1np1/4pb2/P1PP1NP1/4PP1B/1P1Q3P/RNB1K2R b KQkq - 2 11,3
r2qkbr1/1bp2p1p/2nppnp1/1p2P3/p1P4Q/1P1P3N/P4PPP/RNB1KB1R w KQq - 2 13,3
1n2kbnr/rp1qppp1/2p1b2p/p2pN3/3P4/PQP3P1/1P2PPBP/RNB2K1R w k - 0 12,3
rnbqkb1r/1p2pppp/7n/p1pp4/2P2PP1/N6P/PP1PP3/R1BQKBNR w KQk - 1 7,0
r1b1kbr1/ppppq1pp/2n1pp2/8/2PP1P2/N5P1/PP1KP2P/R1B2BNR w q - 1 9,2
r1k2bnr/p2pq3/b5pp/1pp1pp1P/1nPB4/1P2PN2/P1QP1PP1/RN1K1B1R w - - 5 13,3
rnbq1bnr/pp1pk2p/2p1p3/5pp1/2P3PP/3P4/PP2PP1R/RNBQKBN1 w Q - 0 6,3
rnbq3r/1ppp3p/B3kpp1/p3pQ2/1b4P1/P1P1P2P/RP1P1P1R/1NB1K1N1 b - - 0 10,1
rn2kb1r/1p1bpqp1/p4p2/2pp1n1p/2PP4/Q3PP1P/PP2B1P1/RNB1K1NR b KQkq - 0 12,3
rn2kb1r/pppbp3/7n/P4ppp/R2p3P/3P1P1R/1PPQPKPq/1NB2BN1 w kq - 0 11,3
rn2kbn1/p2qp2r/Bp1p2pp/2p1Np2/1P2P1P1/N1P5/P2P1PRP/R1BQK3 b Qq - 0 12,3
1r1k1bnr/p1ppq3/bpn1p1pp/5pP1/P6P/N2R1N1R/1PPPPP2/2BQKB2 w - - 6 11,3
r1b1kbn1/pppp1p1r/2n4p/2q1p1p1/1P1P2P1/4BN1B/P1PKPP1P/RN1Q3R w q - 0 8,3
1rbq1bnr/ppppnppp/3k4/4p3/PPP1PPP1/8/3P3P/RNBQKBNR b K - 2 8,0
rnb2bnr/pp1kpp1p/3p4/2p3p1/2NP3q/P4P2/RPP1P2P/2BQKBNR w K - 4 8,1
rn1q1bnr/1b2p2p/ppppk3/6pP/P3PPp1/BP1P3R/2P3P1/RN2KBN1 b Q - 1 11,3
r1bqk1n1/pp2b3/n2pQp1r/P1p3pN/8/2P2P2/1P1PP1PP/RNB1KB1R b KQq - 0 11,3
r1bqkbnr/1pp1pppp/3p4/4n3/p2NP3/7P/PPPP1PP1/RNBQKB1R w KQkq - 1 6,0
r1bqkb1r/p1p1pp2/n7/1p1p2pp/1P1N2nP/PB2PP2/2PP2P1/RNBQK2R b KQkq - 0 9,3
rnbqkbnr/1p1pp2p/2p5/p4pp1/3P4/1PN5/PRP1PPPP/2BQKBNR w Kkq - 0 6,0
rNb1k1nr/p2p1ppp/1p3q2/2p3b1/4p3/P1N4P/1PPPPPP1/1RBQKB1R w Kkq - 1 9,3
r1bqkr2/ppppnppp/n7/4p3/P7/2b3PN/1P1PPP1P/RNBQKB1R w KQq - 0 7,0
r1bq1bnr/ppp5/3pk2p/4pppP/1nP1P1P1/B7/P2P1P2/RNQ1KBNR w KQ - 1 10,3
rnbqk1nr/ppp1p1bp/5p2/3p2p1/5PP1/1P6/P1PPP1BP/RNBQK1NR b KQkq - 4 6,3
rnbqkbnr/3pp3/R6p/1PP2pp1/2P3P1/8/1P1QPP1P/1NB1KBNR b Kkq - 0 8,3
rnb1kbnr/1pp1pp1p/6q1/p2p1Np1/8/P1PPP1P1/1P3P1P/RNBQKB1R b KQkq - 2 8,0
r2qkb1r/1ppnpppp/3p4/p6P/P2P2n1/N3P1Pb/1PP2P2/R1BQKBNR b KQkq - 0 7,3
rnb1kbnr/pp5p/2pp2p1/7q/3p1B2/N1P3PP/PPQ1PP2/2KR1BNR w kq - 0 10,3
rnbq1rk1/pppp1pp1/1b2pn2/7B/2P1PP2/3P4/PP1N2PP/R1BQK1NR w KQ - 1 8,3
r1b2b1r/3p2pp/np1pk2n/p3pq2/3P1PP1/2P5/PP2PK1P/R1B2BNR w - - 1 13,3
rnb2b1r/1p2qkpp/2pp1p1B/p4P2/P2Pp2N/N7/1PP1PPBP/R2QK1R1 b Q - 1 11,3
1nbqkbnr/2ppppp1/3r3Q/1p5p/p2P3P/8/PPPNPPP1/RNBK1B1R b k - 1 9,3
r2qkbnr/ppp1p2p/n2pbp2/6p1/PP4P1/7B/R1PPPP1P/1NBQK1NR w Kkq - 2 6,2
rn2k2r/p3np1p/bp4p1/2pQ2b1/5P2/2P1P1P1/PP1P1K1P/RNB2BNR w kq - 1 11,3
1rbqkb1r/p1p1n3/n2ppp1p/1p4P1/2P5/PP1PPP2/5KP1/RNBQ1BNR b k - 0 10,3
rnbqkb1r/1ppppppp/8/p4n2/Q4P2/P1P1P3/1P1PN1PP/RNB1KB1R b KQq - 1 6,0
r1bk1b1r/1pppqpp1/2n1pn2/p6p/1P4P1/P1N4N/2PPP2P/R1BQKB1R b KQ - 2 8,3
rnb1k1nr/pp1pq3/2p3pp/4ppP1/1PP2B2/P2P1N2/2Q1PbBP/RN3K1R b kq - 1 13,3
r2q1bnr/p1pkpp1p/n5p1/1N1p4/2pP4/4BPP1/PP2P1bP/2RQKBNR w K - 3 10,3
1nbqk1nr/1ppppp1p/4r2b/p5p1/2P5/NP5P/P2PPPP1/R1BQKBNR w KQk - 1 6,0
rnb1k2r/1p1p1pp1/2pb1n2/p1P4p/3P4/P4PP1/1P1P2QP/RNB1KBNR w KQkq - 0 13,0
r1bqkb2/1ppp1ppr/2n1pn2/p1N4p/5P2/1P4P1/P1PPP2P/RNBQKB1R b KQq - 0 7,0
rnbqk2r/3p2pp/1pp1B2n/p7/P2b1p2/2P1P3/1P2KPPP/R1BQN1NR b kq - 1 12,3
1n1qk1nr/1b1p3p/B2b2p1/p1P1p1pP/Pp2P2R/N4P2/1PP1N1P1/R1B1K3 b Qk - 2 13,3
rn1qkbnr/3bpp1p/pp1p2p1/8/6P1/7N/PPPPPPBP/R1BQK2R w KQkq - 0 7,2
rnb1kbnr/1p1pp2p/2q3p1/p1p2p1Q/5P2/N1PBP3/PP1P2PP/1RB1K1NR w Kkq - 0 9,3
rnbqk1r1/1p2bp1p/2p3pn/1PBpp3/p1P3P1/5P1N/P2PP2P/RNQ1KB1R w KQq - 1 12,3
rnb1qbnr/1p1kp2p/p2p2NB/2p5/4p1p1/3P2P1/PPP1PP1P/R2QKB1R w KQ - 0 11,3
rnbq1bnr/ppp2ppp/3p4/4k1P1/P3p2P/3P4/1PPNPP2/R1BQKBNR b KQ - 0 7,3
rn1qkbnr/p1pb1p1p/1p1pp1p1/1NP5/5P2/8/PPQPP1PP/R1B1KBNR w KQq - 1 12,3
r1bqkb2/p1pp2r1/np2pn1p/5pB1/2P5/P1NP2P1/1PQ1PP1P/R2K1BNR w q - 0 12,3
r2qkbnr/4pppp/n1ppN3/pp3P2/4P3/3P4/PPP3PP/R1BQKBNR b KQkq - 0 8,3
r1bk3r/3q1ppp/npp2n2/p1bPp3/2PP1P2/3QB2P/PP4PR/RN2KBN1 w Q - 3 11,3
r1b1k2r/pp1pb2p/n1p2np1/q3p3/3PNp1P/1PPRQP2/P3P1P1/R1B1KBN1 b Qkq - 0 13,3
rnb1k1nr/ppqpb2p/4p1p1/5p2/2pPP1P1/3B1N1P/PPP2P2/RNBQ1K1R b kq - 1 10,3
rnbqk1nr/pppp2p1/8/4pp1p/3P1P2/bP6/P1PBP1PP/RN1QKBNR w KQkq - 1 6,3
r1b1kb1r/1pppq3/2n1p2n/5ppp/p5PP/P2P1P1B/1PP1P3/RNBQK1NR w kq - 4 10,3
rnbqk2r/p2pbp1p/2p5/1p4p1/Q1P1p1Pn/2N1PP1P/PP1PN1B1/1RB1K2R w Kkq - 0 13,3
rnb1kb1r/ppppqppp/4p2B/8/6n1/2PP2P1/PP1KPPBP/RN1Q2NR w kq - 4 7,3
rnb1kbnr/p1pqpppp/1p6/8/3p2PP/P1N1PN2/1PPP1P2/R1BQKB1R w KQkq - 1 7,3
r1bq2nr/p2p1kbp/np6/P3ppp1/1p5P/2P1P3/R1QP1PP1/1NBK1BNR b - - 0 11,3
r2qkbnr/ppp1ppp1/2n5/3p3p/5P2/1P5P/P1PPPN1P/RNBQKB1R w KQkq - 1 6,0
rnb1k1nr/3pqp2/p2bp1pp/1Pp5/R2P3N/5P2/1PP1P1PP/1NBQKBR1 w kq - 0 10,3
r1bqkb2/pp1ppppr/n7/2p5/PP2n1p1/2PP3N/3B1P1P/RN1QKB1R b KQq - 2 8,3
Nnbqkbn1/rppppp2/p1r5/7p/1P1P2p1/4P1PP/P1P1QP2/R1B1KBNR b KQ - 0 10,3
r2q2n1/p1pbkpbr/2n1p2p/1p1p2pP/Q1P2B2/3P2P1/PP2PPB1/RN2K1NR b KQ - 9 11,3
rnbqk1nr/1p2pp2/p1p4b/3p2pp/3P4/P5PP/1PPKPP1R/RNBQ1BN1 w kq - 0 7,0
rnbqk3/p4p1r/1pp3pn/3pp3/PbP3QP/B2BPN2/3P1PP1/RN2K2R b KQq - 2 10,3
rnbqk1nr/pp1pp1b1/6p1/2p2p1p/7P/4PN2/PPPPKPP1/RNBQ1B1R w kq - 0 6,0
rnbqk2r/1p1p1p2/p1p2n2/4p1pp/1b2PPP1/B2B1N2/P1PP3P/RN1Q1K1R b - - 1 13,3
rnbqk1nr/p1pp1p1p/1N2p2b/6p1/2P1P1P1/3Q4/PP1P1P1P/R1B1KBNR b KQkq - 1 8,3
1nb1k1nr/3pp1bp/rqp2p1p/pp6/1PN5/P2P4/2PQPPPP/2RK1BNR b k - 2 11,3
r1bq1bnr/pppp1pp1/7p/3kp3/Pn1P3P/2PQ1PPB/4P3/RNB1K1NR w KQ - 0 11,3
rnbqkb1r/1pp1p1pp/3p1Q2/p4n2/1P2P3/5N2/P1PP1PPP/RNB1KB1R w KQkq - 0 6,3
r3kbnr/p1p1pp2/n5p1/1p3b1P/2Pp1q2/PP1N4/R1QPPP1P/1NB1KB1R w Kkq - 2 11,3
rnb1kb1r/p2p4/1qp1pnp1/1p4N1/1P2Pp2/6p1/P1PPKP1P/RNB1QB1R w kq - 2 13,3
r1bqk1nr/2p1p2p/2np3b/1p4p1/p3P3/PBP3PP/1P1PQP1R/R1B1K1N1 b Qkq - 0 12,3
rn1q2n1/p1p2kp1/bp1p2r1/2b1pP1p/P5PP/1PP5/3P1P2/RNBK1BNR b - - 0 13,3
r2qkbnr/pppb3p/4p1p1/3p1p2/1P1n1PP1/2NPB2P/P1PKP3/R2Q1BNR b kq - 4 8,3
1rbqkbnr/p1p1pp2/2n5/1p1p3p/P7/1PB3PN/2PPPP1P/RN1QKB1R b KQk - 1 7,3
rn1qkbnr/3bB1p1/p1p4p/1p1p1p2/PP1P4/5P1P/R1P1P1P1/1N1QKBNR b Kkq - 0 12,3
1q2kb1r/npp1pppp/2rp3n/p1P2b2/3B4/1P1P3P/P3PPPN/RN1QKB1R w KQk - 3 10,3
rnb1kb1r/1p6/p1pp2pn/5p2/1B1P1pqp/2N5/PPP1P1BP/R1Q2RK1 b kq - 1 13,3
rnbqkbnr/1pp1p3/5pp1/p2p3p/1P1PP3/6PP/P1P2P2/RNBQKBNR w KQkq - 0 7,3
r1bqk2r/ppp1ppbp/n5pn/3p4/2PP3P/4R3/PP2PPP1/RNBQKBN1 w Qkq - 1 6,3
r1b1kbr1/p1q1pp1p/2p2nQ1/1p4B1/1n1p4/N1PP4/PR2PPPP/4KBNR w Kq - 1 13,3
rnbqkbnr/2pppp2/1p6/p5pp/5PP1/P1P1P3/1P1P3P/RNBQKBNR w KQkq - 2 9,3
rn2k1nr/1b1p1p1p/2p1P1p1/ppb5/1P2P1Pq/1N3N2/P1P2P1P/R1BQKB1R b KQkq - 0 9,3
r2qk2r/pbpp1ppp/n4n2/1p2p3/Q1P1P3/b4P1P/PPKP2P1/RNB2BNR b kq - 0 7,3
r1b1k2r/p1qpppbp/np4pn/8/2N4P/1P3P2/P1PPP1PB/1R1QKBNR b Kkq - 2 9,3
rn1qkbnr/p1p1ppp1/8/1b6/6p1/3B4/PPPP1P1P/RNBQK1NR w KQkq - 3 7,3
r1bk1b1r/pp1nppp1/3p1n1p/P1P5/1Q4q1/2P2P1N/1P2PKPP/RNB2B1R w - - 0 11,3
1rbqkbnr/pppp2pp/5p2/n3N3/3P3P/2P3PB/PP2PP1R/RNBQK3 b Qk - 1 8,0
r1b1qbr1/1p2kppp/2n1pn2/Q1pp4/8/1P1P2PN/PBP1PP1P/RN2KB1R w KQ - 0 11,3
r1b2bnr/pppqpk2/3pp2p/6p1/3PP3/1n3NP1/PPP2P1P/RNB1KB1R b KQ - 0 10,3
r1b1kb1r/ppppq1pp/2n5/4pp2/NPn2N2/P7/RBPPPPPP/3QKB1R b Kkq - 3 10,3
r1bq1bnr/pp1np2p/5k2/2ppNpp1/N7/2P1P1PB/PP1P1P1P/R1BQK2R w KQ - 0 11,3
rn1qkb2/p1p1ppp1/5n1r/1p1P1b1p/P3P3/7N/1P1PQPPP/RNB1KB1R w KQq - 1 8,3
1nbqkb1r/3p1ppp/rpp1pn2/p7/P6P/N4PP1/1PPPP1B1/R1BQK1NR w KQk - 0 7,0
rnq1kb1r/2p1pp1p/Q2p2pn/1p1P4/2P5/4PbP1/PP3P1P/RNB1KBNR b KQkq - 0 9,3
rn1qkbr1/p1p1pp2/4b1p1/1p1p4/3P2Np/PP1Qn2P/2P2PP1/RNBK1B1R w q - 0 12,1
rnb1k1r1/1pqp1ppp/p1p1p2n/2b5/1P1P3P/P7/2PKPPPR/RNBQ1BN1 w - - 5 10,2
1nb1kb1r/rpp1pppp/p2q3n/6N1/1P1p1PPP/3P4/P1P1P3/RNBQKB1R b KQk - 0 7,3
3qk2r/rp1b2bp/n1pppp2/p2P2pn/5P1P/PPP2N2/3NP1P1/R1BQKB1R b KQk - 1 13,3
rnbk1b1r/1p1p1p1p/1q5n/p1p1p3/P1P1NPp1/3P1NP1/1P2P2P/R1BQKB1R w KQ - 0 9,3
2b1qb1r/rpppk2p/p1n1pp2/5np1/P3N2P/3PP3/1PPBQPP1/2RK1BNR b - - 8 13,3
rn2kbr1/pp3p1p/6p1/q1ppp3/P3n3/2PQ1P1N/1P1P2PP/RNBbKB1R b q - 0 11,3
r1bqk2r/ppp1ppbp/5np1/1PnpN3/P7/B1P5/3PPPPP/RN1QKB1R w KQkq - 0 8,3
r1bqkb1r/p1pp1p1p/n3B3/1p4p1/5Pn1/3P2P1/PPP1P2P/RNBQ1KNR b kq - 2 7,3
rnbqkbnr/3ppppp/1pp5/1p2P3/5PP1/8/PPPP3P/RNBQK1NR b KQkq - 0 7,0
rn1qkbnr/ppp1pb2/3p1ppp/6N1/8/1PN2P2/P1PPPKPP/R1BQ1B1R w kq - 2 7,2
rnb1kb1r/2qpppp1/ppp2n2/7p/4P3/BP6/P1PPBPPP/RN1QK1NR w kq - 0 7,3
rn1qk1nr/2p1pp2/4bbpp/pp1p4/2P1PP2/1P1P1K1N/P2B2PP/RN1Q1B1R w kq - 0 10,3
rnbqkbnr/p1pp1pp1/1N2p3/8/5Bp1/P2P1P1P/1PP1P2R/RQ2KBN1 b Qkq - 1 11,3
r1bqk1nr/pppp4/B3p1pb/5p1p/1P6/4PP1P/PBQP2PN/RN1K3R b q - 0 11,3
rn2kb1r/pp2pp1p/2pp4/2q2np1/1PP3b1/N2P1PP1/PBQ1P2P/R3KBNR w KQkq - 3 11,3
rnbqkbr1/pppppp2/6pp/6B1/2PPn3/P7/1P2QPPP/RN2KBNR b KQq - 3 6,3
r1b1k2r/ppq1b1pp/2n1p2n/3p1p2/1Pp1P2P/2NB3R/P1PP1PP1/1RBQ1KN1 b q b3 0 13,3
r1bqkbnr/1p1pp3/n1p3p1/pP3pNp/8/N2P3P/P1P1PPP1/R1BQKB1R b KQkq - 0 7,3
r1b2bnr/ppppkp1p/4pqp1/2n5/3P1PP1/NPP5/P2KP2P/R1BQ1BNR b - - 0 7,3
rnbqkbnr/pp1pp2p/7B/2p2P2/1P1PQ3/P7/2P2PPP/RN2KBNR w KQ - 3 11,3
rnbqkb1r/1ppp1p1p/1P4p1/p3p3/3PP3/3B2n1/P1P2P1P/RNBQK1NR b KQkq - 1 9,3
rnb2qnr/ppppk2p/3b1p2/3p2p1/2PP4/1P2PPP1/P6P/1RBQKBNR w K - 1 10,0
rnbqkb1r/1ppp1ppp/4p2n/p7/1P3P2/P7/1BPPP1PP/RN1QKBNR b Kkq - 1 6,0
rn2k1nr/pp2p1b1/3pb1pp/q4p2/N1pN4/PP2P1P1/RBPP1P1P/3QKB1R b kq - 1 12,3
r1bqkbnr/ppp2p2/4p1pp/P3n1P1/3p1P2/N6N/RPPPP2P/2BQKB1R b Kkq - 1 12,3
1r1qkb1r/p1pnp2p/bp5n/3p1pp1/2NP1BP1/2PQPP1P/PP6/R3KBNR w KQk - 1 13,3
rnb1kbnr/p2pp1pp/1pp5/5P2/3P1q2/N1P4P/PP3PP1/R1BQKBNR b KQkq - 0 6,3
rn1qk1nr/ppp1ppb1/4b2p/3p2p1/2PPP1P1/5N2/PP3P1P/RNBQKB1R w KQkq - 0 6,3
rnb1kbnr/1p1p1pp1/p1p2q2/4p2p/7N/NPP4P/P2PPPP1/R1BQKB1R b KQkq - 3 6,3
r1q1kb1r/ppnbppp1/3p1n2/2p4p/P1P1P2P/5P2/1PQP1KPR/RNB2BN1 w kq - 4 13,0
rn1q1b1r/pp2k1Bp/2p2p2/1Q2pb2/1P1Pp3/8/P1P2PPP/RN2KBNR w KQ - 0 9,3
rnb1kbnr/1pqppp1p/p7/4P3/2pK3P/P2P1NP1/1PP3P1/RNBQ1B1R b kq - 0 10,3
rnb1kbnr/p2p2pp/4p1q1/2p2p2/1p2P3/2N2N1B/PPPPQPPP/R1B1K2R b KQkq - 3 8,3
r1b1kbnr/ppp1p2p/3q1pp1/8/1n1Pp3/2P2N2/PP1KPPPP/R1BQ1BR1 b kq - 0 8,3
r3kb2/1p2pppr/pB1q1n2/2np1b1p/3P4/P7/RPPKPPPP/1NQ2BNR w q - 8 12,2
r1bqkbnr/pp2ppp1/n1p5/7p/3pP3/2PB1PP1/PP1P1K1P/RNBQ2NR w kq - 1 7,3
rnbqk1nr/2p3pp/3pp3/bp6/5p1P/4P3/P1PPBPPR/RNBQK1N1 w Qkq - 4 11,3
rnbqk2r/p1ppp1b1/6pn/1p3p2/7p/P3PNP1/1PPPKPBP/RNBQ2R1 w kq - 0 8,0
rnb1kb2/ppqppp2/2p4r/1BP3pp/3Pn3/4PN2/PP1Q1PPP/RNB1K2R b KQq - 5 8,3
r1bqkbnr/p1pppp2/1p3P1p/6p1/3n2P1/P1N4N/1PPPP2P/1RBQKBR1 w q - 1 10,3
rnbqk2r/pp2n1bp/3p4/2p1pppP/4P3/3Q2P1/PPPPBP2/RNB1K1NR w kq - 0 11,3
rnb1k1nr/1ppp2pp/p3p3/1N2b3/1q3pP1/1PP2P2/P1QPP2P/R1B1KBNR w KQkq - 1 11,3
r1b1kbnr/1p2pp1p/2pp2p1/qp6/3nP2P/2NP2P1/PPP2P2/1RB1KBNR b Kkq - 0 9,3
r1b1kbnr/p1p1p3/np5p/5p2/2p2Pp1/BP1q3P/P2PP1P1/RNQ1KBNR w Qkq - 2 10,3
r3kbnr/p1q5/npp2pp1/3Np2p/P7/2NP3b/1PPBPPPP/R2QKB1R w Kkq - 0 12,3
1rbqkbnr/p1pppp1p/1p6/2n4R/3P4/5P2/PPP1P1P1/RNBQKBN1 w Qk - 1 7,3
r1bqkb1r/pp1pn1pp/n1p2p2/4p3/3P2P1/1PP4B/P3PP1P/RNBQK1NR w KQkq - 1 6,0
rnb1kb2/3pqprp/pp5n/1Bp5/4p1pP/1P2P1RN/PBPP1PP1/RN1QK3 w Qq - 2 12,3
rnb1kbnr/3p1ppp/ppp1p3/1B6/P3P3/5P1R/1PPP2q1/RNBQK1N1 b kq - 1 8,3
1n1k1b1r/r3p1p1/p1pNb3/1p1p3p/q5n1/PPP2P2/RBQPP1PP/1N2KB1R b K - 0 13,3
r1bqk1nr/pp1ppp1p/2p4b/4n1p1/6P1/P2P4/1PP1PP1P/RNBQKBNR w KQkq - 0 6,2
rnb2bnr/1pqk2pp/2ppp3/8/QpP3pP/P3P2N/3P1P2/RNB1KB1R w KQ - 0 12,3
2bqkbnr/rp1pp1p1/2n5/pB1P3p/2p2P2/1P3K1P/P1P2PP1/RNBQ2NR w k - 0 13,3
2bqkb1r/1p1p1ppp/n3p3/r1p1N1n1/p2P3P/2N1BP2/PPPKP1P1/1R1Q1B1R w k - 1 12,3
rnbq1bnr/p1pppkp1/1p3p1p/5Q2/3PP3/NP3N2/P1P2PPP/1RB1KB1R w K - 6 11,3
1nbqkbnr/r2p4/1p6/p1pNpppp/3P3P/BP3P1N/P1P1P1PR/R2QKB2 w Qk - 0 10,3
rnbqk2r/pp2pp2/3p1np1/2p4p/1P2P3/2bP1N2/P1PQKPPP/RNB2B1R b kq - 4 9,3
rnbqkbnr/2p1p3/1p2P3/p2p1ppp/8/5Q2/PPPP1PPP/RNB1KBNR b KQkq - 1 7,2
1nbqkbnr/3pp3/rpp5/p2P1pBp/6P1/P7/1PP1PP1P/RN1QKBNR w KQk - 0 8,3
rn1qkbr1/pp1b1ppp/2p1p2n/3p4/PP2P3/2P3PP/2QP1P2/RNB1KBNR b KQq - 0 7,3
rnb1kbnr/1p2p1pp/7B/p2p1p2/2qp3P/P4P1R/2Q1PKP1/RN3BN1 b kq - 1 10,3
r2qkb1r/2p1pp1p/n2p2pn/Qp6/2PPbP2/5N2/PP2P1P1/RNB1KB1R b KQkq - 0 12,3
r2qk1nr/p3ppb1/n2Q2pp/3b4/7P/2PP1N2/PP2PPPR/RNB1KB2 b Qkq - 0 10,3
r1bq1b1r/ppp1p1k1/n6p/3p1ppQ/PPP5/3PB1P1/3n1P1P/RN2KBNR w KQ - 5 11,3
rnb2b1r/p2kp2p/2p5/Pp3pp1/2P2Pn1/N2P2P1/P3Q2P/R1B1KBNR w KQ - 1 13,3
rnbq1bnr/ppppk1p1/4p3/5p1p/2P1P3/N7/PP1PNPPP/1RBQKB1R w K - 0 6,2
rnbqkb1Q/2pppp2/pp6/P6p/2P2PnP/2N3p1/1P1PP1P1/R1B1KBNR b q - 0 13,2
rnbqkbnr/p1p4p/4p3/1P1p1ppP/4P3/3P4/1PP2PPR/RNBQKBN1 w Qkq - 0 9,3
rn2kb1r/ppp1qp2/1n1p2pp/1P2Nb2/6PP/2N4R/P1PPPP2/R1BQKB2 w Qkq - 1 10,3
r1bq1b2/p1k1pprp/np3np1/2pp4/P1P1PPQP/NP1P3N/6PR/1RB1KB2 w - - 3 13,3
1n1q1b1r/3bpk1p/rp4pn/p1pp4/5p1P/PPP2P2/1B1PPNPR/RN1Q1BK1 w - - 2 12,0
rnb1kbnr/pp1qp3/3p2pp/2p5/1PP1Pp2/6PN/P2PQPBP/R1BNK1R1 b Qkq - 0 10,3
r1bqkbnr/p1p1p1pp/n7/1p1p1p2/P3PPPP/2N4B/1PPPN3/R1BQK2R b KQkq - 1 8,3
r1bqk1nr/p1ppb1p1/1pn1p3/5p1p/Q1P5/P3P2N/1PNP1PPP/R1B1KB1R w KQkq - 0 8,3
rnb1k1nr/1pp1pp1p/p3N2b/1q1p4/1P1P4/4N3/P1P1PPPP/R1BQKB1R b KQkq - 2 8,3
rn2kbnr/3qp1p1/b1pp3p/pp3p2/2PB2P1/PP1P1P2/2QKP1BP/RN4NR b kq - 2 12,3
1nbqkbnr/3ppp1p/1p6/2p3p1/rp2P3/2PP1P2/P1Q3PP/RNB1KBNR w KQk - 2 10,3
rn1qkbnr/2p1p1pp/p3b3/1P1p4/NP3PpP/8/2PPP3/R1BQKBNR w KQkq - 0 10,2
r1b2rk1/pp1p1p2/n3pn2/6pp/P1P3P1/2b1PPqP/1P1PB3/R1BQK1NR w KQ - 3 11,1
rnb1kbnr/p2ppppp/2p5/1p6/5N1P/P1N1P3/1PPP1PP1/R1BQKB1R b KQkq - 0 6,0
r1bqk1nr/p1pp1ppp/n3p3/8/1bp3P1/P1N5/1P1PPPBP/R1BQK1NR w KQkq - 2 6,3
rnbqkb1r/ppp2ppp/3ppn2/8/3P2P1/1P5N/P1P1PP1P/RNBQKBR1 w Qkq - 0 6,0
r1bqk3/1pppbp1r/p1n4p/3np1p1/4P3/3P3P/PPP2PPN/RNBQK2R b Qq - 4 11,2
r1bqkbnr/2pppppp/1p6/p3n3/P3P1P1/1P1P4/2P2P1P/RNBQKBNR w KQkq - 1 6,0
r1bqk3/p1ppn2r/n4p2/1pb3pp/1PPp4/P4QPP/R2BPP2/1NK2BNR b q - 1 13,3
rnbqkbr1/p1p1pp1p/8/3p1np1/1p1P3P/2N1PN2/PPPB1PPR/R2QKB2 b Qq - 0 8,3
rn1qkbnr/1p2ppp1/3p4/2p2b1Q/pPP1PP2/6P1/P2P3P/RNB1KBNR w KQkq - 1 7,3
rnbqkbnr/3pp1pp/5p2/ppp5/5P1P/2P5/PPQPPKP1/RNB2BNR w kq - 0 6,0
rnb1k1n1/1p1p4/p1p1qpp1/2b1p2r/4PPP1/2N5/PPPPKN1P/1RB2B1R w q - 3 13,3
rnbq1k1r/2pp1p1p/1p3N1n/p3p3/Pb5p/R1B5/2PPPPP1/2QK1BNR w - - 0 12,3
rnbqkb1r/pppp2pp/5p1n/8/2P1pNP1/3P4/P2BPP1P/RN1QKB1R w KQkq - 6 10,2
3qkb1r/rp5p/1np1bppn/p2ppQ2/4P1P1/N2P4/PPP1KP1P/R1B2BNR w k - 1 12,3
rnb2br1/2qppk2/pp3n1p/2pN1p1p/5P2/1P1PP1P1/P1P4P/R2QKBNR b KQ - 0 11,3
r2qkb1r/p1pppppp/b4n2/1pn5/2P4N/1Q1PP1P1/PP1KBP1P/RNB4R b kq - 5 9,3
r1bnk1nr/pp1pqp1p/8/2pN2p1/P4p2/P1P5/3PPPPP/R1BQKB1R w Kkq - 0 12,3
1rbqk2r/1ppp1p1p/3b1n2/n2PN3/p1P3pP/P7/1P1KPPP1/RNBQ1BR1 w k - 1 12,3
rnbqkbnr/p1p1p1p1/5p2/1p1p3p/2PP4/6P1/PP2PP1P/RNBQKBNR w KQkq - 0 6,3
rnbqkb1r/3ppppp/2p5/pp6/PP3PnP/6P1/R1PPP3/1NBQKBNR b Kkq - 1 7,3
r1bqk1r1/3npn1p/2p4b/pP4p1/PP3pP1/7P/3P1P2/RNBQKBNR w KQq - 0 13,3
rn2kbr1/pp2pppp/1qp2n2/3p3b/4P2P/NP1Q4/P1PP1PP1/1RB1KBNR w Kq - 1 9,0
r1b1kbr1/ppq1p2p/n1p2p1n/3p2p1/5PN1/1P1P4/P1PQP1PP/RNBK1B1R w q - 0 9,3
r1bqk1nr/p1pnbp1p/8/3pp1p1/1p1P3P/PPP4Q/4PPPR/RNB1KBN1 b Qkq - 1 11,3
rnb1kb1r/pp1qp2p/6pn/2pp1p2/2P2B2/3P1P1N/PP2P1PP/RN1QKB1R w KQkq - 0 9,3
rn1k1b1r/pppbpppp/8/P2p4/2P2q1n/1Q6/RP1PP1PP/1NB1KBNR w - - 0 10,3
2b2bnr/pr1ppk2/7p/QPp3p1/2PqPp1P/N7/P2P1PP1/R1B1K1NR w KQ - 4 13,3
r1bqk2r/p1p1nppp/2p5/1p2p1P1/Pb3P2/2N5/1PPPP2P/R1BQK1NR w KQkq - 0 8,3
r1q1kbnr/ppp2p1p/6b1/3Pp3/nP1P2p1/P1BB1Q2/2PK1PPP/RN4NR b kq - 3 12,3
rnbqkbnr/p1p3pp/8/4p1P1/1p1pPp1P/1PP5/P2PQP2/RNBK1BNR b kq - 0 8,3
rnb1kbn1/1p1pppp1/7r/qPB5/pQ5p/2PP4/P3PPPP/RN2KBNR b KQq - 2 9,3
r1bqkb1r/1pp1pppp/n4n2/P2p4/P1P2P2/8/3PP1PP/RNBQKBNR w KQkq - 0 6,2
1nbq1bnr/1pp1pk1p/r2p2p1/pN3p2/P4P2/1P6/1BPPP1PP/2RQKBNR b K - 2 7,2
r2qkbnr/2p1pbp1/p1n1Np2/3p3p/1p1PN1P1/PP2PP1P/2P5/R1BQKB1R b KQkq - 1 12,3
rnb1kbnr/p2p2pp/1q2p3/Np3p2/3PP3/2PQK1P1/Pp3P1P/RNB2B1R b kq - 3 12,3
rnb1k1nr/pp4b1/3qpppp/1Ppp4/2P1P2P/PQ6/R2P1PP1/1NB1KBNR w Kkq - 2 10,2
rnb1kbnr/p2p1p1p/1p2p3/2p3P1/P2NP3/2qP2PP/R1P1BK2/1NBQ3R b kq - 0 13,3
rnbk1b1r/1p2pp1p/6pn/pqpp4/3P2PP/1QP1PN2/PP1K1P2/RNB2B1R b - - 2 9,3
r2qkbnr/p1pbpppp/8/np1p4/P2P2P1/4PN2/1PPQ1P1P/RNBK1B1R b kq - 0 10,3
r1bqk1nr/ppp1bp2/n3p3/1N1p3p/4PPpP/5QK1/PPPP2P1/1RB2BNR w kq - 5 13,3
rnbqk2r/ppppbp2/6p1/3np2p/5PP1/2NPPK1N/PPP4P/R1BQ1B1R b kq - 3 8,3
rnbq3r/2ppk1b1/p2Np3/1p2n2p/2P3p1/NQ3P2/PP1PP1PP/1RBK1BR1 w - - 0 13,3
1nbq3r/1ppp2pp/r3k2n/pB2pp2/P2PP1Pb/6R1/1PP2P1P/RNQ1K3 b Q - 2 12,3
r1bk2nr/ppp1bpp1/n3p1q1/P2p1B1P/2P5/8/1P1PPP1P/RNBQK1NR b KQ - 2 9,3
rnbqkbnr/p2p2p1/8/2p1pp1p/1PQ4P/8/PP1PPPP1/RNB1KBNR b KQkq - 0 7,3
rnbk1bnr/1p3p1p/4pqp1/p1pp4/2P3P1/P5RN/RP1PPPBP/1NBQK3 w - - 0 10,2
rnk2b1r/1p1qpppp/4b2n/p1p5/P2pP3/3K1PP1/1PPP3P/RNBQ1BNR w - - 3 11,0
rn1q1bnr/3bp1pp/p3kp2/1Ppp4/8/P2PBN2/RP2PPPP/NQ2KB1R w K - 0 12,3
rn1k1b2/3bnppr/p1p1p2p/3p4/PP1q2P1/N2PP2P/2P2P1R/R1B1KBN1 w Q - 1 13,2
rnb1kb1r/pppp1ppp/4p3/6q1/3n4/4P1PP/PPPP1P2/RNBQKB1R w KQkq - 1 6,0
rnb1kbn1/pppp2p1/8/3p1pp1/P3NP1r/6P1/1PPPK2P/R1B4R b q - 4 13,3
r1bqkbr1/p2pp1pp/4nn2/1p3p2/4PP1P/BPN4N/P1P3P1/R2QKB1R b KQq - 2 11,3
rnb1k1nr/ppp2ppp/4p3/B1b5/2pP2q1/N3P3/PP3P1P/R2QKBNR w KQkq - 0 11,3
rn1qkbnr/1pp1p3/p5pp/2Np1p2/3PPP2/P2Q2PN/1P5P/1RB1KB1R b Kkq - 1 11,2
rnq1kb1r/p3pp1p/b2p1Ppn/1pp5/1P5P/2N1P1P1/P1PP1N2/R1BQKB1R b KQkq - 0 11,3
rnbqk1nr/p2p1ppp/2p5/1p6/1B2p3/P2P1N2/P1P1PPPP/RN1QKB1R b KQkq - 1 7,3
rnb1k2r/p2p2bp/2p3pn/1p4p1/3Pp1P1/1PN1P3/q1P2P1P/R1B1KBNR w KQkq - 1 11,3
rnb1kb1r/p2pqp1p/1pQ4n/2pN2N1/2PPp1p1/P3P1P1/1P3P1P/R1B1KB1R b KQq - 2 13,3
r1bqkb1r/pp1npp1p/BNp4n/8/1P1P1Pp1/P3P3/2P2QPP/R1B1K1NR b KQkq - 5 11,3
rnbq3r/1p1kbp1p/2p4n/p2Pp1p1/1P5P/4P1P1/P2P1P1N/RNBQKB1R w KQ - 0 10,3
rn1qkbnr/ppp1p1pp/3p4/5p2/1P2P2P/P1P2P2/3Pb1P1/RNBQKBNR w KQkq - 1 8,3
rn1qk2r/1b2n3/ppppp2p/4N1pQ/1P2Pp1P/1PP5/3P1PP1/RNB1KB1R b KQkq - 2 13,1
r1bq1br1/1pp1p1kp/3pPp2/p5B1/2PP4/N2Q4/PP1KPnPP/R4BNR w - - 0 13,3
2bqkbnr/r1p1p1p1/p1n4p/1p6/N1P2pP1/PP2B2N/4PP1P/RQ2KB1R w KQk - 0 12,3
r1b1kb1r/p2ppp1p/1pp2n2/6p1/4P2P/q2B1P2/PPPPK1PR/RNBQ2N1 b kq - 0 8,3
rnb2bnr/1ppBk2p/p3p1p1/2q1Pp2/6P1/1P5P/PBPPQP2/RN2K1NR w KQ - 1 10,3
1nbqkb1r/r1ppppp1/1p3n2/p6p/QP1P4/2P2N2/P3PPPP/RNB1KB1R b KQk - 0 7,0
rnbq1b1r/ppppk3/5pp1/1B1np2p/4P3/NP1P1P1P/PBPQ2P1/1R2K1NR w K - 4 11,3
rnq1kbnr/pb1pppp1/2p4p/1p4Q1/4P2P/P1P3P1/1P1P1PB1/RNB1K1NR b KQkq - 0 8,0
r1bqkbn1/ppp1ppp1/n2p3r/6P1/7p/NP5P/P1PPPP2/R1BQKBNR w KQq - 0 6,0
r2qkbnr/1pp1p1pp/p1n2p2/3p4/1P4b1/4P3/P1PPBPPP/RNBQK1NR w KQkq - 0 6,3
rn1qkbnr/2p1ppp1/8/p4P1p/p6P/2pP4/1P2BPP1/RNBQK1NR w KQkq - 0 10,3
rnb1kb2/2qpnp1r/1p6/p1Q4p/1P2Pp2/P4N1P/2P1P1P1/RNB1KB1R b KQq - 2 13,3
rnbqkbnr/3p1pp1/pp5p/1Np1p3/2P5/1P1PP2P/P4PP1/1RBQKBNR w Kq - 0 9,3
1nbq1b1r/1rp1pkp1/5n2/pP1p1P1p/8/1P1B3P/P2PNPPR/RNBQK3 b Q - 1 11,3
rn1qk1nr/p3bppp/b2pp3/1pp3B1/3P4/N4N2/PPP1PPPP/R1Q1KB1R b KQkq - 3 7,3
r1bqkb1r/2ppp1p1/ppn2p2/4P2p/Pn6/6P1/1RPPNP1P/1NBQKB1R w Kkq - 0 9,3
r1q2bnr/p1p3pp/np1pNp2/3kp3/1PN1b3/3PP1P1/P1PB1PBP/1R1QK2R w K - 2 13,3
rnbqk1nr/ppp1bpp1/8/1N1pp1NQ/8/4P3/PPPP1PPP/R1B1KB1R w KQkq - 0 7,3
r2q1bnr/1pp1pk2/2npQpp1/p6p/1P1P1P2/P1P2NP1/4P2P/RNB1KB1R b KQ - 0 12,1
1n1q1bnr/rppk1p2/p4p2/2Pp2pp/5PbP/4PN2/PP1PB1P1/RNB1K2R w KQ - 4 10,3
rnbq1b1r/1pp1kp2/p4n1p/3pp1p1/1P2P3/2P3PN/P1NP1P1P/1RBQKB1R w K - 2 12,3
rn3rk1/1bpp1ppp/1p2p2n/pN6/PbB2N1q/R3P3/1PPP1PPP/2BQ1RK1 b - - 9 9,3
r3kbnr/1p2ppp1/pnqp4/2p4p/N1P3P1/BP3N1b/PQ1PPP1P/2RK1B1R b kq - 1 13,3
rn1qkbr1/3nppB1/1pbp4/pPp4p/2P5/N3PN1P/P2P1PPR/R2QKB2 w Qq - 0 12,3
r2qkbr1/pp2ppp1/2p2n2/2np2Np/P6P/NP2P1PB/2PPQP2/R1B1K2R b KQq - 0 10,3
rnbqkbnr/3ppppp/pp6/2p5/PP1P3P/4B2R/2P1PPP1/RN1QKBN1 b Qkq - 4 6,3
rnbqkb1r/pppppp2/5n2/6pp/1PP2N2/3P1PPP/P2NP3/R1BQKB1R b KQkq - 0 10,0
rnbqk2r/p1p4p/3ppn1b/1p3p2/3PP1Pp/1P5N/P1P2P2/RNBQKB1R b KQkq - 0 9,3
rnb1kbnr/ppppq1p1/5p1p/1N2p3/P3P3/5P1P/1PPPB1P1/R1BQK1NR b KQ - 2 7,2
1rb1kb1B/p1qppp1r/npp3pn/8/5P2/P2P1N1P/1PP1P1P1/RN1QKB1R b KQ - 5 10,3
rn1qkbnr/p1p1pppp/8/1p3b2/P3PP2/7P/1PPPBKP1/RNBQ2NR w kq - 0 8,3
rnbqk1nr/p1p1bppp/1p1pp3/8/3B1P2/1P2P3/P1PPBKPP/RN1Q2NR b kq - 1 7,2
r1bk1bn1/2p1qppr/2n5/pp1pp2p/1P4P1/P1P2N2/1B1PPP1P/RNQK1B1R w - - 6 10,3
rnb1kb1r/p1ppq1p1/4p2p/1p1N1Q2/6n1/P3P3/1PPPKPPP/RNB2B1R w kq - 0 9,3
r1bqkbnr/1ppp2pp/p2npp2/4P3/P4PP1/1P5P/2PPB3/RNBQK1NR b KQkq - 0 8,3
2r3nr/pBqpk2p/b3p1p1/1pp2p2/5P2/b1N3P1/PPPPP2P/R1BQK1NR b K - 5 13,3
rnb2k1r/pp1ppp1p/2p3pn/1q2b3/1P4P1/4PN2/P1PPQP1P/RNB1KB1R w KQ - 13 11,3
rnbqkbnr/1p1pp3/8/P1p2pp1/4P2p/5NP1/P1PPQP1P/RNBK1B1R b kq - 0 8,3
rnb1kbnr/pp2pp1p/q2p4/2p3p1/3B4/N1PP4/PP2PPPP/R2QKBNR b KQkq - 3 6,3
rnbqk2r/p1p1p1bp/1p1p2p1/PPP5/4Ppn1/5P2/1BQP3P/RN2KBNR b KQkq - 0 11,3
rn2kbr1/1p2pppp/5q1n/PppP2N1/b3P3/8/1R1P1PPP/1NBQKB1R b Kq - 0 11,3
r2qkbnr/p1p1pp1p/n2P4/1p6/3PPp2/7b/PP3PPP/RN1QKBNR w KQkq - 0 7,3
rnbqkbnr/2p1p2p/p7/1p1p1pp1/P7/R3PPPP/1PPP4/1NBQKBNR b Kkq - 1 8,0
r1bq2nr/ppp1bkp1/n2pp2p/5p2/P7/1PPPP2P/5PPR/RNBQKBN1 w Q - 0 8,0
rnbqk1nr/1ppp1p1p/p3pbp1/6B1/3P2P1/P1N2P2/1PP1P2P/R2QKBNR b KQkq - 2 6,3
rnb1kb1r/p1pp1ppp/4p2n/5P2/2pPQ3/4PN2/PP2BP1P/R1BNK2R b KQkq - 0 12,2
r1bq2nr/pppp1ppp/4pknB/8/1P5P/P1NPb3/2P1PPPR/R1Q1KBN1 w Q - 3 11,3
2bqkb1r/1ppp1ppp/r1n1p2n/p7/P4P1P/4P3/RPPP2P1/1NBQKBNR b Kk - 0 6,3
r2qkb1r/ppp1p1p1/B2p1n2/n6p/3PPp1P/2N2P2/PPP1N1b1/1RBQK1R1 b kq - 1 11,3
rnb2kr1/1p1p2pp/Q2b4/p1q1pp2/4n3/2P1PPP1/PPNP2BP/R1B1K1NR w KQ - 5 12,3
r1bqkb1r/ppp1ppp1/3p1n2/n6p/5P2/P2P2P1/1PPQP2P/RNB1KBNR w KQkq - 1 6,0
rnbqkb2/1pp1pppr/p2p1n2/7p/8/1PP1P3/P2P1PPP/RNBQKBNR w KQq - 1 6,3
r1k2bnr/p1p1p1np/1p3p2/1q6/4P1b1/P1P2PP1/RP1PN2P/1NB1K2R w K - 3 13,2
1nbqkb1r/rpp1pppp/p6n/3p4/8/1PNP3N/PRP1PPPP/2BQKB1R w Kk - 3 7,3
rnb1k1nr/1p1ppp1p/pqp4b/6P1/P7/N5PR/1PPPPP2/R1BQKBN1 b Qkq - 2 6,3
r1bq3r/pppkbpQ1/3pp2n/n6p/8/P1P2PPN/1P1PPK1P/RNB2B1R b - - 0 9,0
1nb1kbnr/rp1p2pp/1q3p2/p1p5/4p3/2PQP2N/PP1PKPPP/RNB2B1R w k - 2 11,3
r1bqkbnr/p1ppp1pp/4Np2/nP6/p4P2/3P4/2P1P1PP/RNBQKB1R w KQkq - 1 9,3
rnb1k1n1/p1ppqppr/1p1N3p/2b1p3/7N/4P2P/PPPP1PP1/R1BQKB1R b KQq - 1 7,1
rn1qk2r/p1p2p1p/3P2pn/1p2p1b1/1Pp5/N3PP1b/P5PP/R1BQKB1R b KQkq - 0 10,3
r1bqkb1r/2p1p3/2n4p/p2p1ppn/3PP1P1/5P2/PPP4P/RNBQK1NR b kq - 0 9,3
1nbqkb1r/1rp1p1pp/3p3n/pp4N1/2PP1p2/1PQ3P1/P3PP1P/RNB1KB1R w KQk - 1 10,3
r1bq1bnr/p1p1pk2/Bp4pp/3p4/2Q1p3/2N4P/PPPP1PP1/R1B2KNR b - - 1 10,3
rnbqk3/pppp1p1r/7n/4p1pP/PP6/2PPPN1B/1b3P1P/RNBQK2R b KQq - 0 12,3
rnbqk1r1/pppp2pp/5bnB/4p3/6pP/NP1PP2N/P1P2P2/RQ2KB1R b KQq - 2 9,3
rnb1kbnr/pp1p1pp1/2p1pN2/7p/2P5/Pq4P1/1P1PP2P/1RBQKB1R b Kq - 2 11,1
rnbqkbnr/2pp1p2/6pp/Pp2p3/5P2/3P4/P1P1P1PP/RNBQKBNR w KQkq b6 0 7,2
2bqkb1r/r1p1p1pp/2n5/1p1p1PB1/3PP3/3P1P1N/PP5P/1R1QKB1R b Kk - 1 12,3
1nbq1b2/rp1kn1pr/2p2p2/p2pp2B/P3P3/1PN3PP/2PPQP2/R1B1K1NR b KQ - 8 12,3
3qkbnr/r1p1pp1p/p1np2N1/1p3b2/PP2P1p1/3P4/2P2PPP/RNBQKBR1 w Qk - 1 9,3
rnbqkb1r/3p2pp/p1p2n1N/8/1p2P3/P7/1PPP1PPP/RNBQKB1R b KQkq - 1 10,3
r3kbnr/pbp5/1pn3p1/3Ppp1p/q2P3P/4BN2/NPQ1PPP1/R3KB1R w KQkq - 2 13,3
r1b1kb1r/pp1p1ppp/n1p5/1N2p1q1/1P4nP/5P1N/P1PPP1P1/R1BQKB1R w KQkq - 0 7,3
r2qk2r/pbppn1b1/n3p3/1p4pp/1P3p1P/3P1P2/P1P1PKP1/RNB1QBNR w kq - 0 11,3
1rbqkbnr/ppp1p2p/n2p1p2/3P2p1/5P2/2P5/PP1BP1PP/RN1QKBNR b KQk - 0 6,0
2r1kb1r/pppqpppp/7n/3p4/1n2P3/PPN2K1P/2PP1P1P/R1BQ1BNR w k - 3 9,3
rnbqkbr1/1p2p1p1/8/p1pp1p2/2P3p1/P6P/1P1PPPPR/RNBK1BN1 w q - 0 13,3
r3k1nr/pp3pb1/2n1b1p1/2ppP2p/2N1P3/P1PB1Q1q/1P3PPP/R1B1K2R w KQkq - 0 13,3
1rbqQ1nr/1pp1p1kp/5p1b/3pn1p1/1pP5/N6P/P2PPPP1/R1B1KBNR w KQ - 2 12,3
rnq1kbnr/2p3pp/p2p1p2/1p2p3/PP1PP1P1/5P2/1BPK3P/RN1Q1BNb b kq - 0 10,3
r1bq1b1r/1pppp1pp/p1n1k3/5p2/1P6/2NP2PN/P1PBPn1P/2RQKBR1 w - - 2 9,3
rnb1kbnr/1pp5/p1Pq3p/1P2ppp1/8/5P1P/P2PP1P1/RNBQKB1R b KQkq - 0 10,3
rnb1kr2/1p1q1pp1/2p2n2/p3p2p/2P2P2/b2PP2P/PP2N1P1/RNB1KB1R b KQq - 0 10,3
r1bq1b1r/p1pp1kp1/7n/1N2pp1p/2P1P3/1n4P1/PB1PKP1P/R3QBNR w - - 0 11,3
rnbqkb1r/pp1p1p1p/2p5/4p1p1/4PBn1/2NP2PN/PPP2P1P/R2QKB1R b KQkq - 2 6,3
1nbqkbnr/r2pppp1/1p6/7p/1ppP1P2/2Q1PN1P/P1PK2P1/RNB2B1R b k - 1 10,3
rnb1kbnr/2pp1ppp/p7/1p6/2B1p2q/4PP2/PPPP1KPP/RNB1Q1NR w kq - 2 6,1
rnb1kb1r/pp2p2p/1qp5/PP1p1ppP/3P1P2/1n6/R1PBP1P1/1N1QKBNR w Kkq - 0 12,3
rnbq1b1r/4k1pp/pp1p1p1n/2p5/PPP1P2P/8/3P1PP1/R1BQKBNR b KQ - 0 9,0
rnbqk1nr/1ppp1p2/p6b/1N2p1pp/2P4P/8/PP1PPPPR/R1BQKBN1 w Qkq - 2 6,3
r3kbnr/pp2ppp1/2p4p/3p1b2/2Pn1q2/NP1P3P/P3P1P1/R1BQKBNR w KQkq - 0 10,3
rn1qkb1r/p2Qpp1p/2pp1n2/p7/P3P1p1/8/1PPP1PPP/RNBK2NR b kq - 1 10,1
2rqk1n1/ppp2pbr/n2pp3/Bb5p/1P1PP1p1/N2Q2P1/2P1KP1P/R4BNR w - - 5 13,3
2rqkbnr/ppp1pp2/n2p2p1/7p/P4P2/3PP1Pb/1PP4P/R1BQKBNR w KQk - 1 12,3
rnbqk1n1/1p1ppp2/7r/p1p4p/3b1P2/2N1P2P/PPPP2P1/1RBQKBNR w Kq - 3 10,3
r2q1b1r/pp3kp1/n2ppp1p/2p5/6P1/2NPP3/PPPB1P1P/R3KbNR w KQ - 2 12,0
r1b2bnr/pp1pkp2/nq2p3/2p3p1/P2P3p/1RP1P3/1P1BBPPP/1N1QK1NR w K - 2 11,3
rnb1kbnr/1p2p3/p2p1p1p/1p4p1/2B3P1/P1q1P2N/1P1P1P1P/1RBQK2R b kq - 1 11,3
r1b1kbnr/pp5p/nq1p2P1/2p1p3/2P1P1QP/8/PP1PKP2/RNB2BNR w kq - 5 12,3
rnbqkbnr/1p2pp1p/2p5/p2p2p1/P1N3PP/1P2P3/R1PPKP2/2BQ1BNR b kq - 0 9,3
rnbq1bnr/3kp2p/p5p1/2p2p2/1pP1p3/P1N2PPN/1PQP1KBP/R1B4R w - - 0 12,3
r2qkbnr/2pbp1pp/p4n2/1p1p1pN1/1P1P1P2/B7/P1PKP1PP/RN1Q1B1R w kq - 4 8,0
1rbq2nr/p2pk2p/1p6/n1p1pp2/2PP4/PP2P2N/3N1PPP/R1B1KB1R w KQ - 2 13,3
rn2kbnr/1pp2pp1/3q3p/p2pp3/4B3/NP1P2PN/P1PBPP1P/R2QK1R1 w Qkq - 1 10,3
r1b1kbr1/pp1pppp1/2n4n/2p1q3/2P1P2Q/N4N1P/PP1PBPP1/R1B1K2R b Kq - 0 12,3
1r1qkbnr/p1p1pp2/b2p4/1p2P1pp/5BP1/PPPn1N1P/3K1P2/RN1Q1B1R b k - 3 12,3
1nb2bnr/rppp1k1p/P4pp1/4p1Q1/8/P1NP4/2P2PPP/2R1KBNR w K - 3 13,3
r1q1kbnr/nbp1p3/p4ppp/1N1p4/Q1PP2P1/3KBP2/PP2P1BP/1R4NR w q - 7 13,3
rnq1kbnr/1p1bpppp/2p5/p2p4/N7/2P2P1P/PP1PPNP1/R1BQKB1R b KQkq - 0 7,0
rnbq1br1/1pppkppp/p6n/P7/4p2P/2NP4/RPP1PPP1/2BQKBNR w K - 1 7,3
r1b1k1nr/pppp1pp1/4p3/7p/1n1P3R/b4P2/PPPQP1P1/RNB1KBN1 b Qkq - 0 7,3
rnb4r/pp1k2pp/4p2n/2pp1p2/5q2/1PNP4/RBP1PPPP/3QKBNR w K - 0 11,3
rnb1kbn1/p1qp1pp1/4p2r/1pp4p/3P3P/2P1BN2/PP2PPP1/RNQ1KB1R w KQq - 4 7,3
r1bk1bnr/n3ppp1/4B1P1/pppp3p/2P5/4P1N1/RP1P1P1P/1NBQK2R b K - 0 13,3
rn3bnr/pppk1p2/6Pp/4p1q1/1P1p4/P1P2P1N/3PP2P/RNBQKBR1 b Q - 2 9,3
rnbqkbn1/1ppppr2/5ppp/p5P1/PP3P1N/2P4P/2RPP2R/1NBQKB2 b - - 2 12,3
r2qk1nr/p1p1p2p/b6b/1p3pp1/PPp5/5P2/3PP1PP/RNBQKBR1 w Qkq - 0 11,0
rnbqkbr1/2pp1pp1/3Ppn2/1p5p/1p2P1P1/8/P1P1NP1P/RNBQKB1R w KQq - 0 8,3
rn1q1kr1/4bppp/pppp1n2/4pbN1/2P2P1P/PPN5/R2PP1P1/2BQKBR1 b - - 2 11,0
rnbqkb1r/pp1pp2p/2p2p1n/6p1/N7/P2P3P/1PP1PPP1/R1BQKBNR w KQkq - 0 6,0
rnb1k1nr/pp3p1p/3ppqpb/1Pp5/2P1P3/N4P1N/P2P1KPP/R1B1QB1R w kq - 1 10,2
r1bqk1r1/p2p1p1p/n1p1p1pB/PpP5/1P2nb2/3P3P/3NPPP1/R2QKBNR w Kq - 0 12,3
rnbqkb1r/ppppp2p/7n/5pp1/N5P1/P3P3/1PPP1P1P/R1BQKBNR w KQkq - 0 6,0
rnb1kbnr/pp1p1p2/2p1p1p1/q6p/PP6/R4P1P/2PPP1P1/1NBQKBNR w Kkq - 2 6,2
r1bqkb2/pppppr2/6pp/5p2/n1NPnP2/2P2K2/1P4PP/1RBQ1BNR b q - 1 13,3
r1bq2nr/pp1p1ppp/n1pb4/P1k4P/4p3/3PPN2/1PP1BPP1/RNBQK2R b Q - 0 10,3
rnbq1b1r/p1N1pk2/5ppn/3p4/1PP4p/N3P3/P2PQPPP/R1B1KB1R b KQ - 2 10,3
rnbqkbn1/ppppp2r/8/5ppp/1P1PP2P/8/P1P1NPP1/RNBQKB1R w KQq - 1 7,3
rnbq1rk1/p1pppp2/1p5p/6B1/1P1PN1PP/3P4/P3P2b/R2QKBNR w KQ - 1 12,3
r2q1b1r/pp1bp2p/n2p1k1n/2p1N1p1/PP2P3/2P5/3P1PPP/RNB1KB1R w KQ - 0 9,3
rnbqk2r/p5pp/Qpppp2n/5p2/1b1P1P2/N1P1P2N/P3B1PP/R1BK2R1 b q - 3 12,3
rnb1kb2/ppqppppr/1N3n1p/2p5/8/1PP5/P1QPPPPP/R1B1KBNR b KQq - 4 6,3
r1b1k1nr/pppp2p1/4p2p/8/6Pq/BPPQ3P/R2PPP2/1N2KBNR b Kkq - 0 11,3
r3kbnr/2p1pppb/3q3p/1p1pn3/pPPK1QP1/P4P2/3PP2P/RNB2BNR b kq - 5 11,3
r1bqk2r/1ppp1pp1/2n3np/p3p3/2N2R1b/P3P3/1PPPQPP1/R1B1KBN1 w Qkq - 2 10,3
1nbk1b2/1ppq1p1r/r3p2p/p1N3p1/1P1p3P/P4P2/2PPP1P1/1RBQKBNR b K - 1 12,3
r1bqkbnr/np1ppp2/p7/6pp/P1PpQP1P/1P6/3KP1P1/RNB2BNR w k - 7 12,3
r1bqkbn1/p1p1p1p1/7r/1p1pnpNp/P3PP2/6P1/1PPP1K1P/RNBQ1B1R b q - 1 8,3
1nbqk1nr/r3ppbp/2pp2p1/p7/P1P5/6PN/1PNPPP1P/R1BQ1K1R w - - 0 11,2
r3kb1r/nbp1p1pp/B2q1n2/Pp3p2/1Pp5/3PPPP1/1BQ4P/RN2K1NR b KQkq - 0 13,3
r1bqk1nr/1ppppp1p/2n3p1/p7/1P4Q1/B1PP2P1/P2K1P1P/RN3BNR b k - 0 10,0
br1qk1nr/2ppp1bp/p4pp1/np6/1P1P2P1/2P1KP1N/P3P2P/RNBQ1B1R b k - 4 13,2
r3kb1r/ppp1pppp/B3b1qn/3p4/4P1QP/7R/PPPP1PP1/R1BNK1N1 w Qkq - 1 11,3
1rbqkb1r/pppp1p1p/n3pn2/6p1/8/3BP2P/PPPP1PP1/RNBQK1NR w KQk - 2 6,3
r1b1kbn1/1p1p2p1/p1n4r/1Np1pp1p/1qN3P1/2PPP3/P4P1P/R1BQKB1R b KQq - 1 10,3
1nbq1bnr/rp1p1kp1/4p2p/pp5P/1P2Pp1R/P1P2P2/3P2P1/RNBQK1N1 b Q - 0 10,3
1n2k2r/rpq2p1p/2pppnpb/p4b1Q/1P5P/B1P1PPP1/P2P3R/RN2KBN1 b Qk - 3 12,3
r1bqkbnr/p1p1pppp/1p6/3p4/1PN5/1n2PN1P/P1PP1PP1/R1BQKB1R b KQkq - 1 8,3
1rbqkbnr/1pppp1p1/p4p2/7p/1n2P2P/B1P2PP1/P2P2B1/RN1QK1NR b KQk - 3 9,2
rnb3nr/q2pkp2/p1p3p1/1P5p/1bQ1pPP1/BP3N2/P2PP2P/RN2KB1R b KQ - 2 13,3
r1bqkbn1/ppp1p3/3pnp2/1N1P3r/5p2/P1P4N/1P2PPPP/R3KB1R b KQq - 0 11,3
rn1q2r1/2ppkp1p/6pn/1P1Pb3/p3b2N/P3PN2/1P1Q2PP/R1B1KB1R b KQ - 1 13,3
rn1qkbnr/1pp1pp2/3p3p/p5p1/P1N5/4PbPN/1PPP1P1P/R1BQK2R w Kkq - 1 10,3
rnbk1bnr/pp1ppppp/8/4P3/2Nq2Q1/2P4P/PP1P1PP1/R1B1KBNR b KQ - 0 7,3
r1b1qbnr/p1pp4/n1P1pk2/1B3ppp/5PQ1/PP2P1P1/3PK2P/RNB3NR w - - 0 13,3
1nbqkbnr/rp4pp/3pp3/2p4P/p4B2/NP1P4/P1P1PPP1/R1Q1KBNR b KQk - 1 10,0
1rbqkb1r/1ppppn1p/8/p4pp1/BP1nP3/B5P1/P1PP1P1P/RN1QK1NR b KQk - 0 11,3
r1bq2nr/1ppkp2p/p1np4/1N3p1P/1PP3p1/P2Pb3/2Q1PPP1/1R2KBNR b K - 1 11,3
r3kb2/p1pqpppr/7n/1p1p3p/8/P1P3PP/1P1PPP1N/RNB1KBR1 w Qq - 2 11,0
rn1q1bnr/p1pbkpp1/3p4/1pBPp2p/5P1P/PPP4Q/4P1P1/RN2KBNR b KQ - 2 12,3
rn1qkb1r/1bpnpp1B/p5p1/1p1p3p/7P/1QP2NP1/PP1P1P2/RNBK2R1 w kq - 0 13,3
rnbqkbnr/4pppp/3p4/p1p5/pP5P/B4N2/2PPPPP1/RN1QKB1R b KQkq - 1 6,0
Nnbq1knr/4ppb1/3p3p/1pp3p1/1p6/P4PPP/2PPP3/R1BQKBNR w KQ - 0 10,2
r1bqkb1r/ppp2p1p/2n1p3/P5pn/4pP2/1P2K3/2PP2P1/RNBQ1BNR b k f3 0 13,3
1rb1r3/ppppqppp/n3pk1n/R5N1/1P1P2P1/1P5N/2PKPP1P/2B1QB1R b - - 4 12,3
1nb1kbn1/r2q2pr/1pppp3/5pBp/p1P5/P2PPPPP/1P1K4/RN2QBNR w - - 0 13,0
2b1kbnr/2p2ppp/r1pqp3/p2P3P/8/3PPP2/PP4P1/RNBK1BNR w k - 0 13,3
rn1q1b1r/p1pk1ppp/4bn2/1p1pp1N1/5PP1/PP2P3/2PPQ1BP/RNB1K2R w KQ - 3 11,3
r1b1kbnr/pp1p2pp/n1p1q3/1P2pp2/3P2P1/P4N1P/2P1PP2/RNBQKB1R b KQkq - 1 8,3
rnb2bnr/pp1kp1pp/8/2pp1p2/2N2q2/1P1P2P1/PBP1P2P/R2QKBNR w KQ - 1 8,3
rn1qkbnr/1bpppp2/7p/pp4p1/1PP2P2/5N1P/P2PP1P1/RNBQKB1R b KQkq - 1 6,3
r1bqk1r1/p4ppp/n1p2n2/1p1pp3/1b2P3/2BP1P2/P1P1N1PP/RN1QKB1R w KQq - 0 10,3
rnb1k2r/p1q2p1p/3p3b/2p3p1/1p4P1/BP1P1P2/P1P1P1BP/R2QK1NR w KQkq - 1 13,2
rn1qkb1r/p3pppn/b1p5/1p1p3p/5P2/3BP1P1/PPPPK2P/RNBQ2NR b kq - 1 8,0
1n2kbnr/3brp1p/1q1p4/ppP1pB2/2P3p1/P1KQB1P1/1P2PP1P/RN4NR w k - 1 13,3
rn2kbnr/2pp4/p1b1p1qp/1P3p1p/2R1PP2/2NP4/1PPBK1P1/3Q1BNR b kq - 5 13,3
rnb1k1nr/pp3pp1/6qp/2ppp3/2P3P1/bPN1PP2/P2P1K1P/R2Q1BNR w kq - 0 9,0
rnbqkbr1/2pppp1p/p5pn/1pP4P/8/7R/PP1PPPP1/RNBQKBN1 w Qq - 2 6,0
rnbqkbn1/2pppppr/p7/1p5p/P4P2/2N3PN/1PPPP2P/R1BQKBR1 b Qq - 2 6,0
2b1kbnr/1pppqp1p/7r/pNn1p1pN/1PPP4/P2BP3/5PPP/R1BQK2R b KQk - 2 13,3
r3kb1r/2pnpppp/2q2nbP/pp1p4/3P4/4BN2/RPPNPPP1/2Q1KBR1 b kq - 0 12,3
r2q2nr/p3k1bp/n4p2/1pP1p1p1/3pP1Q1/N5PB/P1PP1P1P/R1B1K1NR b KQ - 0 13,2
r1bqkb1r/p1ppppp1/1p3n2/nB3Q2/5P1p/2N1P3/PPPP2PP/R1BK2NR b kq - 5 8,0
1rbqkbnr/pppp1p2/6pp/4p1Q1/4P3/1B6/PPPPnPPP/RNB2KNR w k - 0 8,3
rnq1kb1r/p1ppp1pp/5p1n/8/1p5P/3bPPPN/PPPP4/RNBQKR2 w Qkq - 0 9,3
r1bq2nr/npp1kp1p/p3p1p1/1N1p2P1/Pb1P4/2P1B2P/1P2PP2/R2QKBNR w KQ - 1 11,3
r1bq1bnr/pp1pk2p/2p2pp1/4n3/1P1P4/7N/P1P1PPPP/RN1QKBR1 w Q - 0 7,0
r2qkbnr/1ppbppp1/3p4/p5Bp/2Pn3P/P2P4/1P2PPP1/RN1QKBNR w KQkq - 1 7,0
1nb1kb1r/rp1p1pp1/p1p2qn1/8/1P1PN1Pp/P6B/2PBPP1P/2RQK1NR w Kk - 1 11,2
1r2kb1r/pb1n1p1p/1pp2qn1/3Pp1p1/3P4/1P1BBQP1/P1P2P1P/RN2K1NR w KQk - 1 12,3
1r2kbnr/p1pqp3/b4p1p/1pPP2p1/7P/1P1Q1PPN/P3P1B1/RNB1KR2 b Qk - 0 12,3
r1b1kb1r/ppp1qp1p/2npp1pn/8/1P4P1/5P1P/P1PPP3/RNBQKBNR w KQkq - 0 7,2
1nbqkb1r/rpp1n2p/p2pp1p1/1P3p2/4P3/2P2Q2/PN1P1PPP/R1B1KBNR b KQk - 1 8,3
rn1qkbnr/p1pb1ppp/3p4/1p2p3/2P5/3P4/PP2PPPP/RNBQKBNR w KQkq - 0 6,0
r1bqkb1r/pp1p1pp1/n1p1p1n1/7p/8/P1PQ1P1P/1P1PP1PR/RNB1KBN1 w Qkq - 1 9,3
rnb2qnr/p1ppk1pp/3b3B/4p3/2p1Q1P1/2N2P2/PP2P2P/R3KBNR w KQ - 0 10,3
r1bqkbnr/p1p1p1p1/2np1p2/1p5p/1PP5/2B2PP1/P2PPK1P/RN1Q1BNR w kq - 0 8,3
r1b2knr/ppp2ppp/1q6/1PPpp3/2PnP1Q1/3B3N/P2K1PPP/RNBR4 b - - 1 12,3
r1bqkbnr/pppnpp1p/3p2N1/8/3P2Q1/N3P3/PPP2PPP/R1B1KB1R b KQkq - 0 7,3
rnbqk1r1/pp1p3p/2pb2pn/4Pp2/1P6/2N1P2P/P1PP2P1/R1BQKBNR b KQq - 0 9,3
rnbq1bn1/pp1ppk2/6p1/2P2p1r/N1P2PPp/7P/P2PP3/R1BQKBNR b KQ - 0 9,3
r2qkbnr/1bp1pppp/pp6/n2p4/1P1N4/P6P/2PPPPP1/RNBQKB1R w KQkq - 1 8,0
1rb1k2r/pp1ppp1p/n4npb/2p3P1/PNP5/7q/1R1PPP1P/2BQKB1R w Kk - 0 13,3
rn2kbnr/p2q2pp/1p1ppp2/1Np4b/Q1P1P3/5N2/PP1PKPPP/R1B2B1R b kq - 1 9,3
r1bqkb1r/ppp2p2/6p1/2npp2p/1P2n3/B2P1N2/P1P1PPPP/RN1QKBR1 b kq - 0 10,3
r1bqkbnr/pnpp3p/1p2p1p1/P4p2/1PP5/3PBPP1/4P2P/RN1QKBNR b KQkq - 0 8,3
r1b1kbnr/4p1p1/p1n5/Pp1p1p1p/1pP2PP1/N3qN1P/3PP3/R1BQKBR1 b Qkq - 0 11,3
1rbk1bnr/2pp1pp1/p1n5/1p2p1qp/5PP1/PQP1P3/RP1PB2P/1NB1K1NR w K - 2 10,3
rnb1kbnr/p2p1p2/1p2p2p/2p3P1/PP4q1/BQPPP3/3N2PP/R3KBNR w KQkq - 1 11,3
r2qkbnr/p1p1pppp/b1n5/3p4/p1P3P1/1P6/3PPPBP/RNBQK1NR b KQkq - 2 6,3
rnq2b1r/1bppp1p1/1p2kn2/p4pPp/1PP2Q2/2N4N/PB1PPP1P/3RKB1R w K - 0 13,3
r1bqkb1r/1ppnp1pp/3p3n/p4p2/2PP3P/1R2P3/PP3PP1/RNBQKBN1 w Qkq - 1 8,0
rnbqkb1r/p3pp2/2p3pp/1p1p4/1P3PnP/P1P4N/3PP3/RNBQKB1R w KQkq - 0 9,0
rnbqkb1r/3ppppp/pp2Q2n/8/1p2P3/2P5/P2P1PPP/RNB1KBNR w KQkq - 0 6,3
r1bq1b1r/p1pkpp1p/1p1p1np1/4n3/5P1P/N3P3/PPPPB1P1/R1BQ1KNR b - - 4 8,3
r1bqkbn1/pppppppr/8/1N5p/1P1nP1P1/5N2/PBPP1P1P/R2QKB1R w KQq - 0 8,3
r2qk1nr/p1pp1p2/b2b2p1/1p3pPp/P2n1P2/7P/RPPPPK1R/1NBQ1B2 b kq - 0 11,3
1rbqkb1r/1pp1pp1p/2np3n/p5pP/P7/R1P3P1/1P1PPP2/1NBQK1NR w Kk - 0 9,0
r1b1qbnr/p1pk2pp/3p1p2/1Q2p3/1n1PPB2/1PN2P2/P1P3PP/R3KBNR b KQ - 0 9,1
r1bqkb1r/ppppppp1/5nQp/8/2P5/3P2P1/PP1P1P1P/RNB1KBNR b KQkq - 0 6,0
rnb1kbnr/p2ppp2/2q5/2p3pp/1p4PP/3P3R/PPP1PP2/RNBQKBN1 w Qkq - 4 10,3
r1bq1bnr/p1ppkppp/4p3/1pn5/1PP2P1P/Q7/P2PP1P1/RNB1KBNR b KQ - 0 6,2
r1b3nr/p3p1qp/Bpnp1k1b/2p2pp1/PP2P3/2N2PPP/1BPP4/R2QK1NR w KQ - 5 12,3
r3kb1r/pb1qpppp/n1pp4/1p5P/2P2Pn1/4P1P1/PP1P4/RNBQKBNR b kq - 2 9,3
r1b1kbnr/pp1q4/nQp1pp2/3p2pp/2PP1P2/P7/1P1BP1PP/RN2KBNR w KQkq - 0 9,3
rn2kbnr/pp1qppp1/7p/P1pp1b2/7N/2P1P3/1PQP1PPP/RNB1KB1R b KQkq - 2 8,3
2bqkb1r/3pp1pp/rpn4n/2p2p2/p2P1N2/NP1BP1PP/P1P2P2/R1BQ1K1R w k - 0 11,3
r1bqk1nr/pppp4/n4pp1/4p2p/P1B1P3/b6N/1PPP1PPP/1NBQK2R w Kkq - 0 7,3
r2qkbnr/pp2p2p/3p2p1/2p2p2/PP4b1/2P2N2/2NPQPPP/R1B1KB1R w KQkq - 0 9,3
rnb1k2r/1p2p1bp/2p3pn/pq1p1p2/3PN3/PPN2PP1/2P1P2P/R1BQKB1R b KQkq - 0 11,3
1rb1kb1r/1p1pp1pp/p1n4n/q7/1N2p3/N1P2P2/P2P2PP/R1BQKB1R w KQk - 0 10,3
rn3b1r/pbpqkp1p/1p4pn/3pp1N1/PP6/4P2P/N1PP1PP1/R1BQKBR1 w Q - 1 10,3
rn1q1bnr/p1p1kpp1/1p5p/2Ppp3/Q7/4PN1b/PP1P1PPP/RNB1KBR1 w Q - 3 7,3
1nb1qbnr/r1p1pkpp/5p2/pp1p4/1P3PPP/3P1N2/P1PBP3/RN1QKB1R w KQ - 0 8,2
r1bqk1nr/ppp1ppbp/2np2p1/8/8/PPP1P1P1/3P1P1P/RNBQKBNR w KQkq - 1 6,0
r1bqk1nr/ppp1bBpp/3p4/4p2Q/3n3P/4P1P1/PPPP1P2/RNB1K1NR b KQkq - 0 7,1
r1bqkbnr/1p3p1p/p1n3p1/1Pppp3/N3P2P/B4P1N/P1PP2P1/R2QKBR1 b Qk - 2 11,3
rn1qkbnr/4p2p/2p5/p4b2/Pp1pBP1p/1P5R/2PPPK2/RNBQ2N1 w kq - 0 13,3
r2qkbnr/p1pbppp1/n2p4/1B5p/P3PP2/1P6/2PP2PP/RNBQK1NR w KQkq - 1 6,3
rn1qk2r/4pp1p/2pp3n/pp5b/P1P4Q/N4P1P/1PKPPbP1/R1B2BNR w kq - 0 13,3
r1bqkb1r/4pnpp/p1np1p2/1pp1N3/1PB1PP2/N6P/P1PP2P1/R1B1KQ1R b KQkq - 0 11,3
2bqk1nr/rp1pp2Q/6pb/p1p2p2/3n1P2/4P1P1/PPPP1K1P/RNB2B1R w k - 1 11,3
1r2k1nr/p1p3p1/n1b1p3/1P1p1pqp/QbPB1P1P/2NP4/1P1KP1P1/R4BNR b k - 4 13,3
1nbq2nr/1pp4p/r2kPp1b/P2P2p1/P5P1/8/2QPP2P/RNB1KBNR b KQ - 0 10,3
rn1qk3/1p2ppbr/p4p1p/2pp1b2/1P1P4/4B2N/P1PQPPPP/2KR1B1R w q - 4 11,3
r1bqkb1r/p2pppp1/n4n1B/1pp4p/1P1P4/3Q4/P1P1PPPP/RN2KBNR w KQkq - 2 6,3
r1b1kb2/p2pqp1r/np3n2/1N2p1pp/PpP1P1PP/5Q2/3P1P2/1RB1KBNR w Kq - 0 11,3
rnbqk2r/2pp3p/6pn/pp2pp2/P5Q1/b1NNP3/RPPP1PPP/2B1KB1R b Kk - 1 10,3
rnbq3r/pppp1p1p/5k1b/3np1pP/1P6/B1PP2R1/P3PPP1/RN1QKBN1 w Q - 1 10,0
rnb1k1r1/p2p2pp/2p1p2n/qpb2P2/1P3P2/P1P4Q/3PB1PP/RNB1K1NR w KQq - 3 13,3
rnbqk2r/1p1pp3/p1N4n/5ppP/1pP1P3/1Q5N/P2P1P1P/R1B1KB1R b KQkq - 1 11,3
r1b1kb1r/2p1p1p1/pp3ppn/3pn3/PP6/R7/2PPQPPP/1NB1KB1R b Kkq - 0 12,0
rnb2bnr/ppqpkpp1/8/1Pp1p2p/3P3P/P5P1/2P1PP2/RNBQKBNR b KQ - 0 7,0
r1bqkbnr/2p3pp/p1np4/1p2pQ2/1PPP2P1/P4P2/4P2P/RNB1KBNR w KQ - 1 9,3
r3kbnr/ppqbpp1p/n5p1/2pN4/6P1/5N1P/PPPPPP2/1RBQKB1R w Kkq - 1 7,3
rn2k1nr/pbqp2bp/1p4p1/2pPpp2/2P4P/4PK2/PP1QNPP1/RNB2B1R w kq - 2 10,0
r1bqk2r/p1pp1p2/Bpnb1np1/7p/P2pPP2/6P1/1PP1N2P/RNBQK2R b KQkq - 1 9,3
rnb1kbnr/3pp1p1/1pp4p/p3qp2/2N5/2PQ1NP1/PP1PPPBP/R1B1K2R b KQkq - 3 8,3
r1b1kbr1/ppp1Qppp/8/q1p1p3/1n1PPP2/8/PPP2K1P/RNB3NR b q - 1 11,1
rn1qk2r/p1pb1ppp/4p2n/Qp1p4/2PP1B2/8/P3PPPP/RN2KBNR b KQkq - 2 7,0
rnb1k1nr/pppp1ppp/1b6/3Pp3/8/qP6/P1PBPPPP/RN1QKBNR b KQkq - 4 6,3
rnbqk1nr/2ppppbp/1p6/pB4p1/4PP2/1P3N1P/P1PP2P1/RNBQK2R b KQkq - 0 7,3
2b1kb1r/r1qp1pp1/npp4n/4p2Q/PPP3P1/8/3PPPBP/RNB1K1NR b KQ - 0 12,3
rn1qkb1r/3ppppn/1p4Q1/p1p5/2P1PPK1/8/PP1P3P/RNB2BNR b kq - 0 12,0
r1bqkbnr/p1ppp2p/8/1p2Ppp1/1P3PP1/NP6/P2P3P/R1BQKBNR w KQkq - 0 8,3
rnb1kbnr/pp1ppp2/2p3p1/7p/3P1P2/1B2PN2/qPP3PP/1NBQK2R w Kkq - 0 8,3
rnbq1bnr/p1p1kppp/1p1pp3/8/Q1P2PP1/P1N4B/1P1PP1KP/R1B3NR b - - 4 11,0
r1bqkbnr/p1p1p3/np1p4/5ppp/8/N1PP2PN/PP1BPP1P/R2QKB1R w KQkq - 0 7,0
rn2kb2/1pp2ppr/p3p3/2Qp1n1p/q2P1Pb1/2P1P3/PP1K2PP/RNB2BNR w q - 0 12,3
rq3bnr/2p1kppp/1p1B2n1/p3pP2/P1P3b1/1P1PPN1P/3Q2P1/RN2KB1R b KQ - 0 13,1
r2q1bnr/pp2pk1p/n2pbp2/1Qp3p1/2PP1B2/7N/PP1NPPPP/R3KB1R w KQ - 2 9,3
r2qkbn1/pp2ppp1/7r/2p2b1p/PP1P1PQ1/2NnP1P1/3K3P/R1B3NR w q - 4 13,3
rnb1kbnr/1p2qp1p/2p1p3/p2p2p1/1P3P2/2P4N/P1QPP1PP/RNBK1BR1 b kq - 2 7,3
r1bq1bnr/p1pkp1p1/BpnP4/7p/2P5/N5pP/PP1P1P2/R1BQK1NR b KQ - 1 9,3
r1b1kbnr/p1qp1pp1/n6p/1pp1p3/1PPP1Q2/8/P3PPPP/RNB1KBNR w KQkq - 1 7,3
rnb2bnr/ppq2ppp/3pp3/2p2k1P/1QP2PPR/8/PP1PP3/RNB1KBN1 b Q - 0 10,1
r1b2b1r/pp1ppkpp/2n4n/q1p2pB1/P2P4/2N5/RPP1PPPP/3QKBNR b K - 5 7,3
1rbqkb1r/ppppnp1p/8/2n1p1p1/Q1PP4/7N/PP1NPPPP/1RB1KB1R w Kk - 2 9,3
r1bk1b1r/pp1pppqp/n6n/N1p3B1/PP4p1/2P2PPN/4P2P/1R1QKB1R b K - 0 13,3
rnbk1bnr/2p1pp1p/p2p2pB/1p2P3/3P4/2PK1Q1q/PP3PPP/RN3BNR b - - 2 8,3
r1bq1bnr/1pp2kp1/p1nPpp2/7p/Q5P1/4P3/PP1P1P1P/RNBK1BNR w - - 0 8,3
rN1k1b1r/p1p1pp1p/5np1/1p3b2/2P1P3/N2B4/PP1PKPPP/R1B4R b - - 2 11,3
rnbqk2r/1p1p1ppp/3b1n2/p1p3N1/4p3/1P1P2P1/P1PBPP1P/RNQ1KB1R w KQkq - 0 8,3
2bqkbnr/3p1p1p/r1p2P2/pN1np1p1/P6P/3PP2N/1PP3P1/R1BQKB1R b KQk - 0 10,3
r2qkb1r/pbppppp1/np6/2n4p/P2P2B1/2N1PP2/1PP2QPP/R1B1K1NR w KQkq - 0 12,3
rnb1kbnr/pp1p1p2/2p1N1pp/4p3/6P1/1QP2q2/PP1PPP1P/RNB1KB1R w KQkq - 1 7,3
r1bqk1nr/p3p2p/np1p1ppb/2p5/P1B2P2/4P2P/RPPP2P1/1NBQK1NR b Kkq - 0 8,3
rnb1kb1r/1p1p1ppp/pqp5/3np3/2P2B2/N2P4/PPQ1PPPP/R3KBNR w KQkq - 2 7,3
r1bqkbnr/ppp1pp2/2np3p/8/5PpP/N3P3/PPPPQKP1/R1B2BNR w kq - 4 9,0
rn2kbnr/2pp1pp1/p1b1p3/1B5p/1P1Pq3/2B1P1PP/P1P2P2/RN1QK1NR w KQkq - 3 13,3
1nb2bn1/1Nkp1pp1/rRp4r/1qP3Np/4p3/P7/3PPPPP/2BQKB1R b K - 0 13,3
r3kb1r/p1p1n1pp/q2p3n/4pp2/2p3P1/P2QP3/1P1P1P1P/RNB1K1NR b KQkq - 0 11,3
rn1qkbnr/ppp1p3/5p1p/3p2p1/P1PP4/7P/1P1QPP1P/RNB1KB1R b KQkq - 0 6,0
r1bq1bnr/4kpp1/pnp5/1p1pP2p/3QPB2/P3KP2/RPP3PP/1N3BNR b - - 1 11,0
rnbqkb1r/2ppp1pp/1p3p2/p7/1P2PP2/P1PP4/1B4Pn/RN1QKBNR b KQkq - 0 8,3
rnbqkbr1/1pp5/B3pnp1/3p1pNp/pP3PP1/2P1P3/PB1P3P/RN1QK1R1 w Qq - 0 11,3
r1bqk1nr/p1p1pp1p/6p1/1p1p4/6PP/Pn1P1P2/RPPNP1Bb/2BQK1NR w Kkq - 0 10,3
rnbqkb1r/1p2p1pp/5p2/p1pp1n2/3PP3/5PNN/PPP3PP/R1BQKB1R b KQkq - 0 7,3
rnb1kbn1/1p1pp2r/2p5/1P3ppp/p4qP1/P1B5/N1PPPP1P/1R1QKB1R b Kq - 0 13,3
rnbq1kr1/p1pp1p2/1p3n1p/2b1p1p1/5B2/N1PP1N2/PP2PPPP/RQ2KB1R b KQ - 1 10,3
rnbqkb1r/1p2np2/p1pp4/4p1Pp/2NP4/5P2/PPPNP1P1/R1BQKB1R w KQkq - 0 9,3
r1b1kbn1/pppqp1pr/3p1p1p/7N/4P3/PQP3P1/1PnPKP1P/RNB2B1R b q - 0 9,3
rnb1kbr1/1p1pppp1/7q/p1p5/2P1PPN1/P6P/1P1P3P/RNBQKBR1 w Qq - 1 13,2
2bqkb2/r1ppppp1/7r/ppn1n1P1/7P/P4P2/1PPPP1BR/RNBQK3 w Q - 3 13,0
r1bqk1nr/p1pp1pp1/1p5p/4p3/Q1Pn4/b2P1P2/1P2P1PP/RNB1KBNR w KQkq - 0 7,3
rnbq3r/pp2pk2/n2p2pp/1Np2p2/P1P5/4P2N/QP1b1PPP/1RBK1BR1 b - - 1 13,3
r1bq1b2/1p2kppr/4pn1p/p1pp4/1P3P2/1P1PPN1P/N1PQ2P1/1RB1KB1R b K - 0 12,2
2rqkbnr/pp1npp1p/2pp2p1/5bN1/P1P5/RP6/2QPPPPP/1NB1KB1R w Kk - 4 8,3
r1b2bnr/1pppqk1p/5p2/p1n3p1/3PpP2/P1N3PP/RPPBP3/3QKBNR w K - 0 10,3
r1bqkbr1/pppp1npp/nN2p3/5p2/5P1P/1P6/P1PPP1P1/R1BQKBNR w KQq - 1 9,3
r1b1kb1r/pp1pp1p1/nq1n3p/4NpP1/3P4/2P1PQ1P/PP1K1P2/R1B2BNR w kq - 2 13,3
rnb1kr2/3ppp1p/5P1b/p1p1q3/1PP1P2P/N5P1/1P1PK3/R1BQ1BNR w q - 1 12,3
rnbqk1nr/ppp5/1b6/3ppppp/1P6/2P2PPB/PB1PP1KP/RN1Q2NR w kq - 0 10,0
rnbq1bnr/ppp2p1p/4k3/6p1/1P1pp1PP/2R5/P1PPPP2/RNBQKBN1 w Q - 0 9,3
rnb1kbr1/2q2ppp/ppppp2n/P7/6P1/1PP4P/Q2PPP1N/RNB1KB1R b KQq - 3 10,3
r1b1k1nr/2pn1ppp/1pq1p3/p2p2b1/Q1P3P1/4P2P/PP1P1P1R/RNBK1BN1 w kq - 13 12,3
rnbqk3/1pppnppr/4p3/3P1P1p/p2Q4/b3B3/1PP1P1PP/RN2KBNR w KQq - 3 8,3
r1bqkb1r/p1p2ppp/np1pp3/4P3/P2Pn3/R4P2/1PP3PP/1NBQK1NR b Kkq - 2 7,2
rnb1kbnr/1p1ppppp/p1p5/2q5/3P2P1/2N5/PPP1PP1P/R1BQKBNR w KQkq - 0 6,0
1rbqkbnr/1p1pp1pp/p1p2p2/3n4/2P5/P2PPPP1/1P3K1P/RNBQ1BNR w k - 0 8,0
rnbk2nr/3p1pbp/p3pq2/1pp3p1/P3P2P/3N4/1PPP1PP1/RNBQKBR1 w Q - 7 11,3
rn1qkb1r/pp2pppp/3p4/2p5/1P2n1b1/3P1P1N/P1P1P1PP/RNBQKBR1 w Qkq - 1 6,3
r1bq1bn1/1ppkpp1r/p1np2p1/7p/2PP2P1/1P5N/P2KPP1P/RNBQ1B1R w - - 1 8,2
rnbqkbn1/p1ppp1p1/7r/1p2Np1p/6PP/5N1B/PPPPPP2/R1BQKR2 b Qq - 7 8,2
rnbqk1n1/1ppp1p1r/3bp3/p5pp/2BP2P1/2N1PP1P/PPPB4/RN1QK1R1 w Qq - 7 11,3
rn1q1bnr/p3p3/bppp2kp/5p2/P1PP1PPp/4R3/1P2P3/1NBQKBNR w K - 1 12,3
r1bq1bnr/1ppp3p/2n1pk2/p7/1P1PPppP/2PQ1PPR/P1NK4/R1B2BN1 b - - 3 13,3
r1b1kb1r/1ppnpppp/7n/p1p5/3P1P2/1PN1Pq2/P1P4P/1RBQKB1R b Kkq - 0 10,3
rnb1qknr/pppp3p/4p2b/6p1/PP4P1/2NP4/2P1PPB1/R1BQK1NR w KQ - 3 10,3
rnb1k2r/pp1p3p/2p2p1b/4pnp1/4P3/PP6/2PQ1PPP/RNB1KBNR w KQkq - 1 11,3
r2qk1nr/p1pppp1p/b2B2pb/1p6/3n4/P2PPP2/1PP1BKPP/RN1Q2NR b kq - 4 8,3
r1bqk1nr/p1p1bppp/n2pp3/1p2P3/2P5/1P5Q/P2PNPPP/RNB1KB1R b KQkq - 1 7,3
r1bqkbnr/2pppppp/p7/1p1n2Q1/5P1P/4P3/P1PP2P1/RNB1KBNR b KQkq - 1 7,3
r1b1kqnr/1pp3pp/n3pp2/1p1p4/8/B3PP1P/P1PQ2PR/2RK1BN1 w kq - 4 13,3
rn1qkb1r/pppb1ppp/4p2n/3p2P1/3P4/P1N2P1P/1PP1P3/R1BQKBNR b KQkq - 0 7,3
rnb2b1r/1p1pkp1Q/2p1pn1p/p5B1/P1Pq2pP/2N5/1P2PPP1/R3KBNR b KQ - 1 13,3
rn2kbnr/p1q1p1pp/bpp4Q/5p2/2pB4/N2P4/PP2PPPP/R3KBNR w KQkq - 2 8,3
r2qkbn1/ppp1p1p1/2np1p1r/7p/P6P/1R3P1b/1PPPP1P1/1NBQKBNR b Kq - 1 7,2
r1bqkb1r/2pppp1p/2n2n2/pp4p1/3PN3/2Q1B3/PPP1PPPP/3RKBNR b Kkq - 1 7,3
r1bqk1nr/p1p1pp2/1pn3pb/3p3p/P1P1N2P/1R6/1P1PPPP1/2BQKBNR b Kkq - 3 7,3
rnbqkb1r/1ppp1p1p/p3p1p1/8/P2PnP2/NP6/1BP1P1PP/R2QKBNR b KQkq - 3 6,0
rBbqkb1r/1p1pp2p/5p2/p5p1/2p1P1P1/PP1P1Nn1/R1P1QP1P/1N2KB1R w Kkq - 0 11,3
r1bq1bnr/pp1ppk2/n4pp1/2P4p/4P3/5Q2/PPPN1PPP/R1B1KBNR b KQ - 0 7,0
rnb1kb1r/p1qNp2p/1p4pn/5p2/2p5/PPN3P1/2PPPPBP/R1BQK2R w KQkq - 0 9,3
rn2k1nr/1bpp1pb1/p7/1p1q3p/Q1Pp2P1/3K3P/PP1BPP2/RN3B1R w kq - 3 12,3
rBb1kbnr/p4p1p/1p4p1/2pp4/5q2/P1NP1P1N/1PP1PKPP/R4B1R w kq - 2 12,3
rnb1kb1r/p2ppppN/2p4n/1p1P4/7P/P3P3/RqP1NPP1/2BQKB1R w Kkq - 1 12,3
r3kbnr/pp2pp1p/n1p3p1/2Pp1bN1/1P1P4/2q5/P2BPPPP/R2QKB1R b KQkq - 3 9,3
r3kb1r/pp2pnpp/1qp1b3/3p2P1/1n3P2/3P1B1P/P1P2P1R/RNBQ1KN1 w kq - 0 13,0
r1bqkbnr/pp3pp1/5n2/2ppp2p/5P2/1P4PB/P1PPP2P/RNBQ1KNR b kq - 1 9,3
rnb2knr/1ppp1p2/3b1q2/p3P1pp/7P/N1PPPQ2/PP4P1/1RB1KBNR b K - 0 9,3
1rbqk1nr/ppp1bppp/3pp3/4n1P1/3P1P2/PPN1P3/2P1Q2P/1RB1KBNR b K - 0 11,3
r1bqk2r/p1pppp1p/n5pn/1p6/1P1P2Pb/Q7/P1PBPP1P/RN2KBNR w KQkq - 10 9,3
rnbqkbnr/pp1pp2p/8/2p3p1/3PP3/5P2/PPP3P1/RNBQKBNR w KQkq - 0 6,3
r2qkb1r/p1pbp3/Bpnp1np1/6pp/P1P5/1P2P2P/3P1P2/RNBQ1KNR b kq - 0 10,0
rnq4r/1ppkppbp/p5p1/2Pp2P1/P3n3/BP5b/3PKPBP/RN1Q2NR w - - 1 11,3
rnbqkbnr/ppp2p2/4p3/3p3p/1PP2Pp1/2N5/PB1PP1PP/R2QKBNR b KQkq - 1 6,3
1rb1k2r/pp2qppp/n4n2/2p1p1P1/4P3/b1P5/PPNP1PBP/R1BQK2R w KQk - 0 10,3
r1bk2nr/ppp3p1/n4P1p/2bp1pB1/P5P1/1QPP4/1P2P2P/1N2KBNR b K - 0 11,3
r1b1k2r/p2pp1bp/7B/q1np1p1n/P7/1pP5/1P2PPPP/RN1K1BNR w kq - 1 13,2
r1bqk1nr/ppppp3/6p1/1n4bp/3P1PPP/8/PP1KP3/RNBQ1BR1 w kq - 1 11,3
r1bqkbnr/pp1np1p1/2p2p2/3p3p/P1PPP1P1/8/1P3P1P/RNBQKBNR b KQkq - 0 7,3
r1b1kbnr/p3ppp1/1p3q2/2pp3p/4P3/PPP2nP1/3PKPBP/RNB3NR b kq - 0 10,3
rnbqk1nr/p1p1pp1p/6p1/1N1p2b1/1P5P/P4P2/2PPP1P1/R1BQKBNR b KQkq - 0 6,3
rnbk1bnr/ppqp1Qp1/7p/2p5/2PPp1P1/P3P2P/1P3P2/RNB1KBNR w KQ - 1 9,3
rnbqkbn1/pppp1p2/6p1/4p1Bp/8/1PNP1NPB/P1P1PP1P/R2QK2R b KQq - 1 9,3
rn2k1nr/2ppbp2/b3p1pp/1N6/pP1P2PP/5q2/P1PKPP2/R1BQ1BNR b kq - 0 11,3
rnb1k1nr/p1pp2pp/1p3p2/1Pb1p1P1/P6q/5N2/2PPPP1P/RNBQKBR1 b Qkq - 0 8,3
rnbqkb2/3pp3/1pp1P1pr/pB3p1p/3P4/P4N2/1PP1QPPP/RNB2KR1 b q - 1 12,3
r2qkbr1/ppp1pp1p/4bn2/2Np2p1/6P1/8/PPPPPP1P/RNBQKB1R w KQq - 3 7,3
r1bqkbnr/pp1ppp1p/2n3p1/2p5/P3PP2/1P1B3P/2PP2P1/RNBQK1NR b KQkq - 2 7,0
rnb1kbnr/pp2q1pp/2pp1p2/4p3/3P1P2/2P5/PP2P1PP/RNBQKBNR w kq - 0 7,0
r2qk2r/1bp2pp1/p1n5/1pbppP1p/PP4n1/1R4P1/2PPP2P/1NBQKBNR w Kkq - 2 12,3
r1b1kbnr/p1pq4/2np1ppp/1p2p3/1PP1PN1P/5P2/P2P2P1/R1BQKBNR w KQkq - 1 11,3
1nbqkbnr/6p1/r3pp2/p1pp3p/4PN2/NP1B1PP1/PBPP3P/R2QK2R w KQk - 0 12,3
r1bk3r/pp1pn1pp/2n2p2/2b1p3/q1P4P/2NPPPPR/1BP1Q3/R3KBN1 b Q - 0 12,3
rnbqkbnr/p1pp1pp1/8/1p5p/2P1p3/6PN/PP1PPP1P/RNBQKB1R w KQkq - 0 6,2
rnbqk3/p1ppb1pr/1p3p2/4pn1p/8/NPPP3N/P2BPPPP/R1QK1B1R w q - 6 10,0
r3kbnr/p2np1p1/b4p2/qNppP2p/1PB2P2/7P/P1PP2P1/R1Q1K1NR b KQkq - 4 12,3
r2qkb1r/pp2p2p/n6n/2Pp1pp1/6bP/PPP5/3QPPP1/RNBK1BNR b kq - 0 8,3
2bq1b1r/1rpnkp1p/pp2p1pn/3p4/5PP1/1PP2Q1P/P2PP1BR/RNB1K1N1 b Q - 6 11,0
r1bq1br1/pp1pk2p/n6n/2p1ppp1/P3Q1P1/1P2P2N/R1PP1P1P/1NBK1B1R w - - 0 13,3
rnb1kN1r/pp1p4/2p1pp1p/3n2b1/1P2P1q1/P1P5/N2P1P1P/R1BQKB1R b KQkq - 0 12,3
3rkbnr/pbpp3p/np6/5pp1/P2Pqp1P/1P2QP1R/2P1P1P1/R3KBN1 b Qk - 1 12,3
rn2k1nr/p1pp1p2/b4b2/1pP1p1pp/1P1Pq2P/3Q4/P2BPPP1/RN2KBNR w KQkq - 0 12,3
rn1qkbn1/1b1pp1pr/pp3p2/2p1P2p/6PP/N2PBP2/PPP1N3/R2QKB1R b KQq - 1 9,3
rnbqk1nr/1p1pp1bp/2p2pp1/p7/P1P5/4PP2/1P1P2PP/RNBQKBNR w KQkq - 0 6,0
rn1q1b1r/1bp1pkp1/8/pp1p1ppP/P1P2P2/1Q5N/1P2P3/RNB1Kn1R w KQ - 1 13,3
r1bqkb1r/p1p1ppp1/3p1n2/1p4Bp/Pn6/2NP2P1/1PP1PP1P/R2QKBNR w KQkq - 4 7,3
rnbk2nr/ppp1pp1p/3pq2b/4P3/6pN/5N2/PPPP1PPP/R1BQKB1R w KQ - 4 9,3
rn2k1nr/1p1bp2p/2p5/p3b1p1/2P4q/P2P4/1P1K1PP1/RNB2BNR b kq - 2 13,3
rn2k2r/p1qpn1p1/b2b1p1p/1pP1p1P1/P6P/3PPP2/2P1K2R/RNBQ1BN1 w kq - 1 13,3
r1b4r/p1pkbppp/n3p2n/1p1pP3/2PPqP2/BP5N/P2NQ1PP/R3KB1R b KQ - 0 11,3
2bqkb1r/1p1npn1p/r5p1/p1pp1p1P/P1P5/N4P2/RP1PP1P1/2BQKBNR w Kk - 2 10,3
rnbk3r/3pppb1/1ppq1np1/p4P1p/Q2P4/2P1PN1P/PP1B1KPR/RN3B2 w - - 5 12,3
rnbq3r/ppp2k1p/3p1p1n/2P1p1p1/1b2P3/NP4PN/P2P1P1P/R1BQKB1R b KQ - 0 9,3
rnb1kb1r/2qpp1pp/p4p1n/1pp5/2PP1P2/6PN/PPNBP2P/R2QKB1R b KQkq - 3 9,3
rnbqkbr1/2pp1ppp/1p5n/p1P1p3/1P2P3/5N2/P1QP1PPP/RNB1KB1R b KQq - 0 6,3
r1bqkbnr/np1ppp1p/2p3p1/pB5Q/3P4/P3P2N/1PP2PPP/RNB1K2R w KQkq - 0 7,3
1rbq1knr/p6p/1pp1p2b/3p1pp1/1P4P1/B1N1PB1N/P1PP1P1P/1RQ1K2R b K - 1 12,0
rnbqkbr1/ppp3pp/B6n/3ppp2/1P6/N3PP2/P1PP2PP/R1BQ1KNR w q - 0 9,2
2bqkb1r/rppppp1p/6p1/pN2n2P/P7/3P1Pn1/1PP5/R1BQKBNR b KQk - 1 12,3
rnbq1bnr/2ppp1p1/1p4k1/1P3p2/p1B1N3/P3PNPp/2PP1P1P/R1BQK2R w K - 2 12,2
rnb1kbnr/p2pp2p/1pp2p2/4N1p1/2P1P1P1/N4q2/PP1P1P1P/R1BQKB1R b KQkq - 0 8,3
r1bqkbnr/pp1pp3/n1p3p1/1N1P2Bp/1P3p2/8/P1P1PPPP/1R1QKBNR b Kkq - 0 7,3
1nb1kbnr/1p4p1/r2p3p/p1p2pq1/P1P1N3/BP6/R2PPPPP/3QKBNR w Kk - 0 10,3
r1bq1bnr/p1p1pkpp/np1p1p2/8/3P4/P6P/RPPBPPP1/1NQ1KBNR b K - 4 6,0
rn1qkbr1/p1ppp1pp/b4p1n/1pPP4/Q7/4PP2/PP4PP/RNB1KBNR w KQq - 1 8,3
r1bqkbr1/3p1p2/4Nnpp/ppp5/1n2P3/2N3P1/PPPPQPBP/R1B1K2R b Kq - 1 11,3
r1bq1knr/ppppb3/2n5/4pp1p/1P1PPpQ1/B1P5/P5PP/RN2KBNR b - - 0 11,3
rn1qk2r/pbppbppp/1p5n/4p3/1PB2P2/4P3/P1PP2PP/RNBQK1NR b KQkq - 4 6,3
r1b1qb1r/ppp1pkpp/1n6/5pP1/1PPpnP1P/N3P3/P2P2B1/R1BQK1NR w KQ - 1 13,3
1nb1kbnr/3p2p1/r7/ppp1pp1p/P2PP1Pq/3B3N/1PP2P1P/RNBQK2R b KQk - 2 9,3
r2qkb1r/pp2p2p/n1pp3n/3b1pp1/1PP2P2/P7/1B1PP1PP/RN1QKBNR w KQkq - 0 10,3
rn1qk2r/p1pp2p1/1pB2n2/2b1N1Pp/2P2p2/PP2P3/R2P1P1P/1NBQK2R b Kkq - 0 11,3
rnb1kb1r/3pq2p/p1p1p1p1/1p3p2/2P1P1PP/P5n1/1PQPNPB1/RNB1K2R w KQkq - 0 11,3
rq3bnr/pppb1kpp/3p4/5p2/PnP1P2P/4Q1PN/3PP3/RNB1KB1R w KQ - 1 13,3
rnbqkbnr/p2ppp2/1pp5/2P4p/1P4p1/B6N/P2PPPPP/RN1QKB1R b KQkq - 0 6,3
1nb1kbnr/q3pp1p/rp6/p1pp2p1/4QP2/BPP1P2P/P2P2PR/RN2KBN1 b Qk - 5 10,3
r1bqkbnr/p2pp2p/B1n2Bp1/2p5/1p6/1P2P3/P1PP1PPP/RNQ2KNR w kq - 0 8,3
rnb1k1nr/pp1p2pp/4pp2/2qB4/2p1P3/bP3P1P/P1PPN1P1/R1BQK2R w kq - 3 12,3
1nbqkbnr/rpp3pp/p3p2B/3p4/6p1/3P1PK1/PPP1P2P/RN1Q1BNR w k - 0 7,3
2kr1bnr/pp2pppp/n7/q1pp3Q/7P/2P4b/PP1PPP2/RNB1K1NR w KQ - 2 9,3
rnbqk1nr/3pp2p/p4p1b/1p4p1/2p1P3/P5PB/1PPPKP1P/RNB1Q1NR b kq - 1 8,0
rnbqkb1r/1pppp2p/7n/p5p1/PB1P1p2/5N2/1PP1PPPP/RN1QKB1R w KQkq - 0 6,3
rn3bnr/pq2k3/b1p2p1p/1p1ppPp1/3P3P/P5P1/1PP1P3/RNBQKBNR b - - 5 13,3
r1bqkb1r/pppp1ppp/n4n2/4p3/3P4/1P2B1PN/P1P1PP1P/RNQ1KB1R w KQkq - 2 7,0
rnbqkb1r/p1Bp2p1/1p2pn1p/8/3P1p2/PP6/R1P1PPPP/1NQ1KBNR b Kkq - 0 7,3
rnbqkb1r/ppppppp1/8/7p/5P2/P1NP1N2/1P1PP1PP/1RBQKB1R w Kkq - 0 7,0
1rbqkb1r/p2p1ppp/n3pn2/1Np5/2P3P1/1P5N/P2PPPBP/R1BQK1R1 b Qk - 3 8,3
rnb1q1r1/pp3k1p/B1p1pp2/3P2p1/1P4n1/1QPP4/PB4PP/RN3KNR b - - 4 13,3
rn1k1bnr/pbq1p1pp/2p5/1P1p1p2/1P1PPP2/N6N/P1Q1B1PP/1RB1K2R b K - 0 11,3
r2qk2r/p1p1pp1p/1p2bn1b/3pn1p1/3PP1PP/NP3N2/P1P2PBR/R1BQ1K2 w kq - 1 12,3
rnbq2n1/p2pbk2/1pp2p2/4p3/4P1pr/P1PP1P1R/RP1B2P1/1N1QKB2 w - - 0 13,3
rnbqk2r/pppp1ppp/8/4p1P1/8/1PbPnP1N/P1PQP1BP/R1B1K2R b KQkq - 1 9,3
rn2kb1r/ppp2p1p/B2p1n2/4pqp1/P2Nb3/N7/1PPP1P1P/R1BQK1R1 w Qkq - 0 11,3
r1bqkbnr/p1pp1p2/8/PpB1p1pp/4n2P/N2P1NP1/1PP1PP2/R1Q1KB1R b KQkq - 2 11,3
r1bqkb2/2ppp1pr/p1n5/4pn1p/4P2P/pPP5/1B1PNPP1/R2QKB1R b KQq - 0 12,3
rnbq1bnr/2pppk2/1p3ppp/pB6/P2P4/2N1P3/1PP2PPP/R1BQK1NR w KQ - 0 7,0
r1b1kb1r/ppp2p1p/n3p3/3p2p1/4NQnP/1P1P1NP1/q1P1PP2/R1B1KBR1 b Qkq - 0 10,3
r3kbnr/1ppbpppp/3q4/p7/Q1p2P1P/4P3/PPnPB1PR/RNB1K1N1 w Qkq - 3 9,1
rn2kbnr/q3pppp/3p4/pp5P/2pP2b1/2P1PPP1/PP2K1Q1/RNB2BNR w kq - 1 11,0
rn1qk1r1/2p1pp1p/1p1p3b/p4bpn/1PBP4/2N2P2/P1PK2PP/R1BQ2NR b q - 4 12,3
r1bqkbnr/pp1n1p2/2pp3p/4P1p1/P7/2P3P1/RP1PP2P/1NBQKBNR w Kkq - 2 7,2
1rbqkb1r/ppp1pp2/2p4p/7n/P4P2/5N2/1PPN2PP/R1BQKB1R b KQk - 0 9,3
r1bqk1nr/1ppp1p1p/2nb4/p3p3/6p1/P2PP2N/1PP2PPP/R1BQKBR1 b Qkq - 0 8,3
rnb1k1n1/ppppb1p1/5ppr/4p3/6P1/3P4/PPP1PKPP/RNB2BNR w q - 2 8,0
2bqk1nr/p1pppp1p/1rnQ2p1/1p6/2N2BP1/8/PPP1PP1P/R3KBNR w KQk - 2 9,3
r1bqkbnr/pp1p1pp1/n1p1p3/7p/1P3P2/7P/P1PPPKP1/RNBQ1BNR w kq - 2 8,2
rn2kbnr/1pq1pp1p/p1pp2p1/8/1Pb2P2/N6P/P1PPPNP1/R1BQKB1R w KQkq - 0 8,0
rnb1nb1r/4p1kp/pq6/1ppp2P1/2P1pPP1/7N/PP1P3R/RNBQ1BK1 b - - 1 13,3
rnq1kbn1/p1pb2p1/3p4/1p2rpP1/4P2p/P2P3B/1PP2PKP/RNBQ1R2 w q f6 0 11,0
r1bqkbnr/1pp3pp/p2p1p2/5BB1/3Pp3/2NP1PP1/PP2P2P/R2QK1NR b KQkq - 1 9,3
rnbqkbr1/pp1pp2p/5p1n/2p3p1/8/P2P2PN/1PPBPP1P/RN1QKB1R w KQq - 2 6,0
r3kbnr/3pqpp1/n2Pp2p/1pp2P2/pP6/N3K1P1/P1P1P2P/R2QBBNb b kq - 1 12,3
2bqkb2/p1p1pn2/nr3ppr/1p1p3p/PP6/2PP3P/3KPPP1/RNBQ1BNR w - - 1 13,0
1nb1kbnr/1pp3pp/7r/3ppp2/p1PP1P1P/qP4P1/PB2PK2/RN1Q1BNR w k - 1 11,3
r1bqkb1r/1p1p1ppp/4p3/p1p5/5PnP/1nPP4/P2NP1P1/R1BQKBNR w KQkq - 0 9,3
rnb3n1/1p1p1kp1/p1pbpp1r/q6p/P3PP2/3P1N2/RPP1K1PP/1NBQ1B1R w - - 4 10,0
rnbqkbnr/2p1pp2/p7/1p1pPp1p/1P6/5N2/P1PP1KPP/RNBQ1B1R w kq - 0 8,0
r1b1k1nr/pp1p2bp/1qn1p1p1/5p2/Pp6/2PPP2Q/1P2BPPP/RNB1KR2 w Q - 1 13,3
rnbqkb1r/1p2pppp/p1p5/3p4/P1N1n3/R3P3/1PPP1PPP/2BQKBNR w Kkq - 1 6,3
r1bqkb1r/p1ppp1pp/2n2p1n/1p6/2P5/1P3PPP/P2PP3/RNBQKBNR b Qkq - 1 7,2
r1bqk2r/pppp1pp1/n4n2/B1b4p/2P1p1PP/1P1P1P1R/P3P3/RN1QKBN1 b Q - 0 9,3
r3k2r/p1pp2bp/1pn3p1/1b1nppq1/3P3P/Q1P1B3/PP2PPPR/RN1K1BN1 b kq - 0 12,3
rnb1kbn1/3ppppr/pq6/2p4p/Q1B1P1P1/2pP1P1P/PP6/RNB1K1NR w KQq - 1 10,3
r1bqkb1r/1ppppp2/5n1p/p3n1p1/PP4Q1/4P1PN/2PP1P1P/RNB1KB1R b KQkq - 0 7,3
rnbq1br1/pppppk1p/6pn/5p1Q/1P2P3/P5P1/2PP1P1P/RNB1KBNR w KQ - 2 6,3
r4bn1/ppqkpppr/8/P3n2p/5P2/3BP2P/1PPP3P/R1BQK2R w KQ - 1 11,3
1rbq2nr/pp1kp2p/n1p2b2/1N1P1pp1/1Q4PP/8/PPPP1P2/R1B1KBNR b KQ - 3 10,3
rnbq3r/ppppk2p/4pp1b/5n1p/PPB1P3/5P1N/2PP2PP/RNB1K2R b KQ - 2 9,3
1rb1kbnr/ppp2ppp/4p3/1Q6/1n1p2B1/4P3/NPPP1PPP/R1B1K1NR b KQk - 1 9,1
r1bqkb1r/p2p1p1p/n1p4n/1p2p1p1/2PP4/P5PN/1P1QPP1P/RNB1KB1R w KQkq - 0 7,3
r3kbnr/pppqp1pp/2n2p2/3p1b2/8/3PPQ1N/PPP2PPP/RNBK1B1R b kq - 1 7,3
rn2k1nr/p1p3p1/1p2p2p/1b1p1pN1/4NPP1/2b4P/P1PPP3/1RBQKBR1 b kq - 0 12,3
1nbqkbr1/1p1pp1p1/2p2n2/r2N1p1p/p1P1B3/3P2PP/PP2PP2/R1BQK1NR w KQ - 1 9,3
rn2kbr1/p1q1pp1p/1p1p4/1bQ3p1/3P2n1/P1P3P1/1P1BPPBP/RN2K1NR w KQq - 2 12,3
rnbk1b1r/1pp1pppp/p4P1n/8/P1p3P1/1P6/1B1PPNqP/RN1QKB1R w KQ - 0 13,3
rnb1kbnr/pp1pq1p1/5pN1/1p2p2p/2P3P1/8/PP1PPP1P/R1BQKBR1 w Qkq - 0 9,3
r1b2bnr/pp1kq2p/2p1p3/1N1p1pp1/Pn4P1/RPPPP2B/3K1P1P/2BQ2NR b - - 2 13,3
r2qkb1r/pb1ppp1p/n1p4n/1p3Pp1/4P1Q1/6P1/PPPP1K1P/RNB2BNR b kq - 1 7,3
rn1qkb1r/1b1pppp1/ppp2n2/7p/2P1P3/1QKP3P/PP3PP1/RNB2BNR b kq - 1 7,0
r2qkb2/1ppb1pp1/2n4n/pP1pp2r/5PPp/N2P3P/PBP1P2R/2RQKBN1 w q - 0 11,3
2bq4/1Qp1kppr/r4n1p/p1bpp2P/4PP2/N1PB4/PP1P2P1/R1B1K1NR w KQ - 1 12,3
r1bqkbnr/p1pppp1p/2N5/1p5Q/2n1P3/5p1P/PPPP1KP1/RNB2B1R b kq - 1 10,3
r1bqkb1r/p1pp1ppp/n3p2n/1p6/3P3P/8/PPP1PP2/RNBQKBNR b KQkq - 0 7,0
rnbq2nr/p1pp1kbp/Bp2pp2/8/6p1/P2PPP1N/RPP3PP/1NBQK2R w K - 0 8,3
rnb2bnr/p1pqk3/1p2pp1p/1N6/2Pp1P2/3B1KPP/PP1P3R/R1BQ2N1 b - - 3 13,0
rq2kbn1/ppp1p2r/3p2p1/6pp/1nPP2b1/P5PB/1P2PP1P/R1BNK1NR w KQq - 1 10,3
r3kbr1/1ppnpp1p/2Bq1np1/p1P2b2/7P/4PPPR/PP1PK3/RNBQ2N1 w q - 2 13,3
1n2kb1r/1bpq1p2/r1n4p/Rp1pp1p1/1P3PPP/8/PBPPP3/RN1QKBN1 w Qk - 1 13,3
1rb1kb1r/p3ppp1/nppp1n2/4q2p/1P4PP/P2P4/2PKNP2/RNBQ1B1R w k - 0 10,2
rnb1k1nr/1pppbppp/p3N3/8/6P1/1PN2q2/PBPPPP1P/R2QKB1R b KQkq - 0 7,3
rnb1k1nr/1ppp1ppp/8/pB2p3/7q/b1N1PP2/PPPPK1PP/1RBQ2NR b kq - 4 6,3
rnbqk1nr/1pp1p2p/3p2p1/pPB3b1/4P3/3P1p1P/P1P1QPP1/RNN1KB1R w KQkq - 0 11,3
r1bqkb2/p2ppp1r/n5pp/1pp5/1Q1PPP2/6n1/PPP1B1PP/RNB1K1NR w KQq - 0 10,3
1rbqkbr1/ppp1p1pp/5p2/1Q1p2n1/3P4/5PP1/PPPNP2P/1RBK1BNR b - - 3 11,1
2r1kbnr/pp2ppp1/2N5/P1pp3p/8/R6b/1qPPPPP1/1NBQKB1R w Kk - 2 10,3
rn1qk2r/pb2bp2/7n/2ppp1pp/1pP1PB2/PQ1PN3/1P1K1PPP/1R3BNR w kq - 0 12,3
1r2kbr1/1bpp1npp/ppn1pp2/2q3P1/P7/1P1N1P1P/2PPP3/RNBQKBR1 w Q - 1 13,3
rnb1kb1r/pp3npp/2ppp3/5pP1/1q2P3/2NP4/PPP1KP1P/1RBQ1BNR b kq - 0 10,3
r1bqkbnr/1ppppppp/8/p7/1Pn2P2/2P4N/P1QPP1PP/RNB1KB1R w KQkq - 3 6,3
r1bq1br1/1ppppk2/p4npp/8/1n3PP1/P2PP3/1PP4P/RNB1KBNR b KQ - 0 11,3
rnb1k1n1/p1pp1pp1/4pq1r/1p5p/1PP2P1P/b2PP3/P2Q2P1/RNB1KBNR b KQq - 1 7,3
rnbqkbnr/pp1p2pp/2p5/8/3pPp2/5QPP/PPP2P2/RNB1KBNR w KQ - 3 8,0
rnq1kbnr/p1p1pp1p/3pb3/1p6/1P1P1p2/N3PP1P/P1P1N1P1/R2QKB1R w KQkq - 1 10,3
r2qkb2/1bppppBp/np3r1n/3P2p1/8/1P5P/2P1PPP1/RNQ1KBNR w KQ - 1 12,3
r1bq1k1r/1pppp1b1/p1n2n2/1B4pp/3P2pP/PNP1P1P1/1P3P2/R1B1K1NR w KQ - 0 12,3
rnb1qbn1/2pp2p1/pp2kp2/4p2r/P6p/1PNP2PP/2PQPP1N/1RB1KB1R b K - 2 12,0
r1bqkb1r/pppnpp1p/6pn/1B6/PP1pP3/7P/2PP1PP1/RNBQK1NR b KQkq - 0 6,0
r2qkbnr/pp2pp1p/2bp2p1/4n3/QP3PP1/2P5/P2PP2P/RNB1KBNR b KQkq - 0 8,3
r2qkb1r/p1p1pp1p/6p1/1p1pnb2/1PP1n1P1/P3P3/3P1PBP/RNBQK1NR w KQkq - 7 10,3
rn2qbn1/1p1k2pr/p4p2/2Ppp2p/P5b1/8/1PQPPP1P/R1B1KBNR b - - 1 13,3
rnbq1kr1/1p3ppp/pbp2n2/3PP3/P6B/2N4N/1P2PPPP/2RQKBR1 b - - 3 11,3
rnbqkb1r/2ppp1pp/7n/pp3p2/P2P4/6PP/RPP1PP1R/1NBQKBN1 b kq - 0 6,2
rnbqkbnr/p2pp3/1p3p2/2pP3p/4P2P/2PB4/PP3PP1/RNB1K1NR b KQkq - 0 7,0
rnb1kbnr/ppqp2p1/2p2p2/4p2p/P5P1/1P2P2B/2PP1P1P/RNBQ1KNR w kq - 0 7,0
rnb1kbnr/1p1pp1pp/2p1q3/p3B3/6pP/P4P1B/3PP3/RN1QK1NR b KQkq - 1 12,3
r1b1kb1r/2pqpnpp/p2p3B/1p2Pp1P/3P1P2/1P2Q2n/P1P1K1P1/RN3BNR w kq - 1 13,3
r1bqkbr1/pp1pp2p/5n2/5pp1/1np4P/BP1P1PPN/P1P1P1R1/RN1QKB2 b Qq - 0 11,3
rnb1kbnr/pp1pp2p/8/q2N1pp1/2p2P2/3PP1NP/PPP2KP1/R1BQ1B1R b kq - 0 10,3
rnbq1bnr/pp1p1k2/7p/2p1ppp1/1P2PN2/N4P1P/P1PP2P1/R1BQKB1R b KQ - 0 8,3
rnbqkb1r/2p1np2/p7/Pp1p3p/2PPpp2/7P/RPN1P1P1/2BQKBNR b Kkq - 0 10,3
rnbq1knr/3p4/2pN3p/1p3Pp1/pbP1p3/P3PP2/3PQ2P/R1B1KBNR b KQ - 1 12,3
r1bq1b1r/p1ppp1pp/3B2kn/P1n5/1p1P1pPP/8/1PP1PP2/RN1QKBNR w KQ - 0 10,3
rnbqkr2/p1pp1p1p/p2b2Q1/4p3/5Pn1/1PP1P2P/P2P2P1/RNB1K1NR b KQq - 0 8,3
r1b2bnr/pppp1kp1/3qp3/R4p1p/1PP5/N2P1PPN/1P2P2P/2BQKB1R w K - 1 11,3
1rbqk1r1/ppp4p/n1n4b/3pppp1/7P/NP1PPP2/P1P1Q1P1/R1BK1BNR b - - 0 12,0
rnb1kbnr/1p1ppp2/1qp3pp/p7/5P2/1P5N/P1PPP1PP/RNBQKB1R w kq - 2 6,0
rn1qkbnr/ppp2ppp/8/3pp3/2PP1P2/P2Q1N1b/RP1KP1PP/1NB2B1R b kq - 6 9,3
r1bqkb1r/p1p2p1p/8/1p1pPnp1/1P2PP1P/BPN5/2P3P1/R2QKBNR b KQkq - 0 10,3
rnb1k1nr/p2pppbp/1pp3p1/8/1QP1P1Pq/5N2/PP1PKPB1/RNB4R b kq - 1 11,3
rnb1k1nr/1pp2ppp/p2p3q/b3p3/P2P3P/R1NK1P2/1PP1P1P1/2BQ1BNR b kq - 4 8,3
r1b1kbn1/2qppppr/1pn5/p7/P1p1P1p1/1PP5/3PNPBP/RNBQK2R w KQq - 4 10,0
1nq1kbnr/3b1N2/1ppr2pp/p2ppp2/3P1P1P/N2BP1P1/PPPK4/R1BQ3R w k - 0 13,3
rnbk2nr/1p1ppp1p/p1p4b/6p1/N6P/P4P1K/RPPPP1P1/2B1QBNR b - - 3 10,0
r1bqk1nr/ppp2pbp/8/3pp1p1/3n4/PPP2P1P/2QPP1P1/RNB1KBNR w KQkq - 1 7,3
rnb1k2r/p2pqp1p/2p1p2B/3n4/1p1P3P/NP2P1P1/P4P2/R2QKBNR b KQkq - 0 12,3
1nbqk1nr/r2pppb1/p1p3p1/1pP3p1/1P1P4/P6P/3KPPP1/RN2QBNR w k - 0 11,2
1rb1k1nr/pppqp1bp/n7/5pp1/1P1Q4/N1P4N/P2PPPPP/R1B1KB1R w KQk - 3 9,3
rnbqkb1r/pp1pnpp1/7p/2p1pN2/1P3P2/8/P1PPP1PP/RNBQKBR1 b Qkq - 1 6,3
rnbqk3/p1pp3n/1p4p1/4bp1r/3Pp2p/PP2BPPP/2P1P3/RN1QKBNR w q - 1 13,3
rnb1kb1r/4p1pp/p7/qpp2p1P/1B3Pn1/8/PPPQP1P1/RN2KBNR b kq - 3 12,3
r1bqkbnr/2ppp2p/n7/1p3p2/1p2N2P/1P5N/P1PPPpP1/R2QKB1R w KQkq - 0 10,1
rnb1kb1r/pp2pp1p/1qpp1n2/P5p1/8/2PP3N/1P2PPPP/RNBQKB1R w KQkq - 1 6,3
rnbqkbnr/p3ppp1/1pp5/3p3p/5PPP/P1PP4/1P2P3/RNBQKBNR b KQkq - 0 6,0
r1b1kb1r/pq1np1p1/1p1p3n/5p1p/1P2P3/5PP1/P1Pp1Q1P/RNBK1BNR b kq - 0 13,3
r1bqk1nr/ppppppb1/2n4p/6p1/8/3PP1P1/PPP2PBP/RNBQK1NR w KQkq - 1 7,0
r1bqkbr1/pppnpppp/5n2/3p4/P6P/2PPBPP1/1P2PK2/RN1Q1BNR w q - 5 9,0
rnbqkb1r/pppp2pp/5n2/4pp2/2P2P1P/6P1/PP1PP2R/RNBQKBN1 w Qkq - 3 6,0
rnbqk1nr/1ppp3p/pb2P3/8/5p2/N6N/PPPPP1BP/R1BQK2R b KQkq - 0 8,2
rnq2bnr/3kp1p1/2pp4/pp3p1p/P1P2Pb1/1Q5B/1P1PP2P/RNB1K1NR b KQ - 1 10,3
1nbqkbnr/r2ppp2/p6p/2p3P1/p5P1/1P2P2P/2PP4/RNBQKBNR b KQk - 0 9,3
rn1q1bnr/p1pkppp1/b7/1p1p3p/7P/PP3PPN/2PPP3/RNBQKB1R w KQ - 0 8,0
rnbk1b1r/pp2pp2/1q1p2Pp/P1p2n2/6N1/8/1PPPPPP1/RNBQKB1R w KQ - 1 9,3
1nb2bnr/3pqkp1/2p2r2/p3p2p/1Pp1PpP1/P6P/RB1PKP1R/1NQ2BN1 w - - 0 13,3
r1b1k1nr/2q2p1N/1pp1p3/pPbp4/4P3/6P1/P1PPP1KP/1RB1QB1R b kq - 0 13,3
1rb1kbnr/p3pp1p/n7/qppp2p1/P4PP1/1P2PN2/2PP3P/RNBQKBR1 w Qk - 0 9,3
rnbqkbnr/2ppppp1/pp5p/8/P7/NRP2P2/1P1PP1PP/2BQKBNR w Kkq - 1 7,0
r1bqkbnr/1ppp2pp/4pP2/p7/3nN3/8/PPPP1PPP/R1BQKBNR w KQkq - 1 6,0
2bqkbnr/2pppppp/n1r5/pp6/7P/NP2P3/P1PP1PP1/R1BQKBNR w KQk - 1 6,0
r2q1k1r/pbpppp1p/np3bpn/8/1P5P/B1P3P1/P2PPP2/RN1QKBNR w KQ - 1 9,2
rnb1kb1r/pp1q1ppp/2p5/3pp1nP/2P5/PP6/1R1PPPP1/1NBQKBNR b Kkq - 1 8,3
r1bqk1nr/p1pppp1p/2n5/1p2b1p1/7P/1PP1R3/P2PPPP1/RNBQKBN1 w Qkq - 2 6,3
rnbq2n1/2pkbp2/p3p2r/1p1p4/P1PPB1pP/R3PQ1P/1P3P2/1NB1K1NR b K - 1 13,3
r2q1b1r/1B1kpppp/ppnp3n/5P2/3P1P2/7N/PPP1P2P/1RBQK2R w K - 1 13,3
rnbqkbnr/ppp2p2/3p4/7p/3Ppp2/1PN4N/P1PQP1PP/1RB1KB1R w K - 2 10,3
r1bqkb2/2pp1ppr/np5p/p3p2Q/P1P2n1P/N4NP1/1P1PPPBR/R1B1K3 b Qq - 1 12,3
rnb1k1nr/1ppp2pp/4p3/p4p2/1b2P1Qq/1B5P/PPPP1PP1/RNB1K1NR w KQkq - 0 6,3
rnbk3r/pppp1p1p/3N1n2/1B2p3/3P2pq/4P3/PPP1KPPP/R1BQ2NR b - - 0 9,3
1nb1k2r/1p1p1ppp/B2b2N1/p1p1p1PQ/P6P/2P1P3/1P1P1P2/RNB1K1R1 b Qk - 0 13,3
rnbq1k1r/2ppn1p1/p2bp2p/1p1P1p2/8/3K1PPB/PPPBP2P/RN1Q2NR b - - 0 10,3
rnb1kbnr/pppp1ppp/5q2/1B6/3pP3/N4P2/PPP3PP/R1BQK1NR w KQkq - 3 6,3
rnbqkb1r/1ppp1pp1/4p2n/p6p/3P1P2/1PN2N2/P1PBP1PP/R2QKB1R b KQkq - 3 7,0
rn2kbnr/p3pp1p/1pp5/P5p1/Q1p2Pb1/N2q2P1/1P2P1BP/R1B1K1NR w KQkq - 2 12,3
rnbqk2r/2ppppbp/p7/1P5n/P6B/N2P2PB/1P1QPP1P/R3K1NR w KQkq - 3 12,3
rnbqk3/pp1pp1bQ/6P1/2p5/2B4P/P1NPn2N/1PPB3r/R3K1R1 b Qq - 0 13,3
1rbqkb2/p1ppppp1/1pr5/5P1p/P4BPP/1P1B4/2P2P2/RN1QK1NR b KQ - 1 11,3
r1bq1bnr/p1pp1ppp/n2k4/1B2p3/1P6/4PP2/P1PP2PP/RNBQK1NR w KQ - 1 6,3
r1b1kbnr/p2pppp1/n6p/qp1P4/2pQ1B2/2N4P/PPP1PPP1/3RKBNR w Kkq - 4 8,3
r2qkbn1/p1pbp1pr/n2p3p/1p6/1PPP1p1P/Q3B2R/P3PPP1/RN2KBN1 w Qq - 0 10,3
rnb2b1r/pp1q1p1p/Bk1pp1p1/2pn4/3PP3/PPP2N2/2QK1PPP/RNB3R1 w - - 7 11,3
rn1qkbnr/1p2pppp/4b2Q/p1pp4/3P4/N5P1/PPP1PP1P/1RB1KBNR b Kkq - 3 6,3
r1bqkbn1/ppppp3/2n3p1/5p1r/P4P1P/4P3/1PPP1K2/RNBQ1BNR b q - 0 8,0
rn1qk2r/p1pp1ppp/b6n/1pb1p3/P5PP/N6N/1PPPPP1R/R1BQKB2 w Qkq - 5 7,2
r1bqkb1r/pppp1ppp/n3p3/8/3P1P2/PPN3n1/2P1P2P/R1BQKBNR b KQkq - 0 6,3
r1b2kr1/pp1pbppp/n4n2/8/PPqP1p2/8/2Q1P1PP/R1B1KBNR w KQ - 0 10,3
r1b1kbr1/pppqpppp/n6n/1P1p4/8/2N2PP1/P1PPP1BP/R1BQK1NR b KQq - 4 6,3
rnbq1bnr/1ppp1pp1/p3k3/4p2p/3P2P1/NP2PP1B/P1P4P/R1BQ1KNR b - - 0 8,3
rn2kbnr/1bp2ppp/3p4/p1B1p2P/P1p2q2/1P3NP1/3PPK2/RN1Q1B1R b kq - 1 12,3
rnbqkbn1/p3p1pr/1p6/1Ppp1p1p/P6P/2P2N1R/3PPPP1/RNBQKB2 b Qq - 0 7,0
rn2kbnr/pb2ppp1/1p6/2Pp4/3P2Pp/4PQq1/PBP2P1P/RN2KBNR b KQkq - 3 9,3
r1b1kbnr/1p1p4/n1p4p/q1P1pP2/5pP1/p2B3P/PP1PK3/RNBQ2NR w kq - 0 12,3
r2qkb1r/1bpp1p1p/2n4n/pP2p1p1/3PP1P1/8/PP1B1P1P/RN1QKBNR b KQkq - 1 10,3
r2qkbnr/p1p1p1pp/2n1bp2/1p1p4/3P2P1/2N2N1B/PPP1PP1P/R1BQ1K1R b kq - 3 6,3
r1bqkbn1/p2p1pp1/1pp3r1/3np2p/5P2/N2PP1P1/PPPQNK1P/1RB2B1R w q - 2 10,0
r1bqkbr1/pp2pppp/2pp4/8/2Q2P1n/1nPP2P1/PP2P3/RNB1KBNR w KQq - 0 10,3
rnbqk1nr/p1pp1pbp/6p1/1p2p3/2P3P1/2N4P/PP1PPP2/R1BQKBNR w KQkq - 2 6,2
rnbqkb1r/pp1ppp2/6p1/2p3np/4P3/NP1P1P2/P1P1N1PP/R1BQKB1R w KQq - 1 9,0
rnb1k1nr/q2ppp1p/p1p3pb/1p3P2/1P2P3/2P4P/P2P2P1/RNBQKBNR b KQkq - 0 9,3
rnb1kb1r/1pq3Bn/p1ppp2p/5pp1/QPP3P1/P6N/R2PPP1P/1N2KB1R w Kkq - 2 13,3
1nbqkb1r/1ppp1p1p/r4n2/p3p1p1/3P2P1/1P3N2/P1P1PP1P/R1BQKBNR w KQk - 0 6,3
1rbqkbr1/p1pp2p1/np5n/4pp1p/3P1P1N/P6P/1PPQP1P1/RNB1KB1R b Q - 5 9,3
3r1b1r/pbpkpppp/n2p1n1B/1P3q2/1P1P4/2P2N2/R3PPPP/1N1QKB1R w K - 3 11,3
rnbqkbn1/2pppp2/1p4p1/p4r2/2Q4p/N1P4N/PP1PPPPP/R1B1KB1R w KQq - 6 9,3
r1bqk2r/1pppnp1p/p3p2b/6p1/2N1PB2/1P1Q2PN/P1P2P1P/1R2KB1R b Kkq - 0 10,0
rnbqkbn1/p2p2pr/1p2pp1p/2p4P/6P1/1PP5/P2PPP2/RNBQKBNR w Qq - 3 9,0
rnbqkbr1/2ppp2p/p4p1n/1pB3p1/5P2/PPN3PP/2PPP3/R2QKBNR b KQq - 0 8,0
r3kb1r/pppbpppp/5n2/2np3Q/3BP3/P1PP1NP1/2P2PBP/RN2K2R b KQ - 4 13,3
rn1qkbnr/1pp1ppp1/p7/3p3p/3P4/4P2b/PPPK1PP1/RNBQNB1R w kq - 0 7,3
r1bqkbnr/1pppppp1/p1n5/4P2p/3P4/1P3P2/P1P3PP/RNBQKBNR b KQkq - 0 7,3
rnb2rk1/pq2bppp/7n/1pppp3/3P4/P3PQ2/1PP1KPPP/RNB2BNR w - - 8 10,3
rnb1kbn1/ppqppp1r/6p1/7p/P1p3P1/N4P2/1PPPPK1P/R1BQ1BNR b q - 1 7,3
r2qkbnr/p1p3p1/bp2pp1p/1Q1p4/2PP2P1/5P1P/PP2P3/RNB1KBNR b KQkq - 2 9,1
1rbq2nr/1pppk1pp/8/pB2pP2/P2nP3/4K3/1bP1QP1P/RNB3NR b - - 0 12,3
r1bqkb1r/pp1n3p/2B4n/4ppp1/3pPPP1/P6P/1PPP4/RNBQ1KNR b kq - 1 9,3
r1bq1bnr/1pppk2p/p1n5/4ppp1/2P3P1/3P1P1B/PP2PK1P/RNBQ2NR b - - 2 7,2
1rb1kbnr/p1qp1p1p/n1p5/1p2B1p1/2P5/1P6/P2PPPPP/RN1QKBNR w KQk - 1 8,3
rnbqkbnr/pppp3p/8/4ppp1/2BP4/N1P3PP/PP2PP1R/1RBQK1N1 b kq - 5 12,3
1r1qkbn1/pp2pppr/n3P2p/2pp4/5P1Q/NP5b/P1PPB1PP/R1B1K1NR b KQ - 2 10,3
r1bqk2r/p1pp1ppp/np2pn2/8/1b1PN3/P4P1N/1PPKP1PP/R1B1QB1R w kq - 1 10,1
rn1qkbnr/p3pp2/3pB1pp/Ppp5/3PP2P/2P5/1P3PP1/RNBQK1NR w KQkq - 0 10,3
1n1qkb1r/2pbppn1/r2p4/pp4pp/3P1PP1/PPP4B/3BP1KP/RN3QNR b - - 5 13,3
rnq2bnr/p1p1pkpp/bp1p4/1P3p1P/5P2/B1N4R/P1PPP1P1/R2QKBN1 w Q - 3 9,3
rnbq1B1r/p1p2ppp/4k2n/1p2p3/P2pP3/1PP3PP/3PQPB1/RN2K1NR b KQ - 3 11,3
1nbqkb1r/rpppppp1/7p/p6n/P1PP4/1P5P/3QPP1R/RNB1KBN1 b Qk - 2 8,0
rnb1k1r1/2ppqp1p/p4npB/1p2p3/4P2P/PP1P3N/2P2PP1/R2QKB1R b KQq - 0 11,3
rn2kbnr/pb3ppp/1p1p1q2/2p1p3/1P6/B1P1P1PP/P2P1PB1/RN1Q1KNR b kq - 0 8,3
r1bqkb1r/ppp1pp1p/n5p1/3p2N1/3P2n1/1P2P3/P1P2PPP/R1BQKBNR b KQkq - 2 6,3
rnbqkb1r/pp4pp/3p1p1n/2p1p3/6P1/3BP3/PPPPNP1P/RNBQK2R w KQkq - 2 6,2
rn2kb2/p1qpnp2/bpp5/1N2p1pr/PPP4p/B7/2QPPPPP/2R1KBNR w Kq - 6 12,3
rnb2knr/p1pq1p1p/1p1b1B2/4p1p1/2BpP2P/QPN4R/P1PP1PP1/R3K1N1 b Q - 1 12,3
r1bqkbn1/1p1p1ppr/4p3/pPp4p/1nB1P3/P4P2/1BPPN1PP/RN1Q1K1R b q - 1 9,3
rnbqkb1r/pp1p1p2/2p2n2/4p2p/4P1p1/NPP2PPN/P2PQ2P/R1B1KB1R w KQkq - 0 10,3
r1b1kbnr/1q1pp1pp/1pn5/P1p5/P4p2/1N1PP3/R1P2PPP/2BQKBNR w kq - 1 11,3
rnb1k2r/1p1pnpp1/2p1p2p/p6q/3P1P1P/2P3PN/PP2P3/RNB1KB1R b KQkq - 0 9,3
rnbq2nr/1pp2pbp/p2pp3/6p1/P1k1P1PP/1P3P1B/2PP1K2/RNBQ2NR b - - 0 12,1
r2qk1nr/p1p1p2p/b1n4b/1pp2pp1/P7/RQ3PPN/1P1PP2P/1NB1KBR1 w kq - 0 11,3
r1bqk2r/pppp1ppp/2n1p3/5n2/6K1/2bP4/PPP1PPPP/R1BQ1BNR b kq - 7 7,2
rnbqk1nr/pp3pb1/7p/2ppp1p1/2B2N2/NPPPP3/PB2QPPP/R5KR b kq - 2 12,3
r1bqkbnr/3ppp2/n1p3pp/pp3P2/4N1Q1/4P3/PPPP2PP/R1B1KBNR w KQkq - 0 7,3
rn1qkbr1/2ppp1pp/5p1n/ppP5/2N2B2/3P1bP1/PPQ1PP1P/R2K1BNR w q - 2 10,3
r1b1kbnr/pp1p1ppp/8/q1p1p3/1P5P/8/RP1PPPP1/1NBQKBNR w Kkq - 0 7,3
r4b1r/p1p1pkpp/b2qnp1n/1p1p4/4P1PP/2PQ3R/PP1P1P2/RNB1KBN1 w Q - 8 12,3
rnbqkb1r/4p1pp/1pp4n/p2p1pN1/5P2/P1N5/1PPPPKPP/1RBQ1B1R b kq - 1 7,0
r1b1kbnr/p2n2pp/2pp3B/1p2pp2/q2P3P/1PP2P2/4P1P1/RN1QKBNR w kq - 0 11,3
rnbq1bnr/p3pk1p/1pp5/3p1pp1/Q1P2PP1/3P3P/PP2P3/RNBK1BNR b - - 0 7,3
rnb1k1r1/p1qp1ppp/1p3n2/1Qb1p3/2p1P1P1/P1P2N1B/1P1P1P1P/RNB1K2R b KQq - 1 9,3
rn1qk1nr/pbpp4/1p4p1/1P2pp1p/7P/3P1PP1/P1P1P1B1/RNBQK1bR b kq - 1 9,3
rnb1kb1r/Np1ppp1p/6p1/p6q/P1p2Pn1/RQP4N/1P1PP1PP/2B1KB1R b Kkq - 1 11,3
r1b1kbnr/p1ppq1p1/2n1p3/1p2p1p1/1PB1P3/2P5/P2PKPPP/RNB3R1 w kq - 0 11,3
rn1qkbnr/1pp1Nppp/3p4/p3p3/4b3/P7/1PPPPPPP/1RBQKBNR w Kkq - 4 6,2
rnbqkb1r/1p1pp2n/P6p/2p2pp1/P5P1/5P1N/R1PPP2P/1NBQKB1R b Kkq - 2 10,3
rnbqkbnr/4ppp1/pppp3p/1P6/2P1P1P1/P3KP2/R1QP3P/1NB2BNR w q - 1 12,3
rnb1kbnr/ppp1p1p1/8/5p1p/2p5/2Pq1P2/PP1PPKPP/R1B1QBNR w kq - 2 7,0
rnbq1k1r/pppppp2/5n1b/6pp/P4P2/2P3P1/1P1PP2P/RNBQKBNR b KQ - 0 6,0
rn1qkbnr/p3p2p/5p2/1pp2Q2/1P1p4/3P1PPP/P1P1PKB1/RNB3NR b kq - 0 12,2
rn2kbnr/2p1pppp/bNqp4/pB6/P7/1P2P3/2PP1PPP/R1BQK1NR w KQ - 3 9,3
rn1qkb1r/p2p1p1p/b1p2np1/1p2p3/PQP5/4P2P/1P1PKPP1/RNB2BNR w - - 6 11,3
rnbq1bnr/1p2k1pp/8/p1pppp2/PP1P4/2R1BN2/2PNPPPP/3QKB1R b K - 0 10,3
2bqkbn1/rpppppp1/2n5/pBQ5/P7/4P2r/1PPPNPPR/RNB1K3 b Q - 7 9,3
1n1q1b1r/1pp1kppp/2rN4/4p2n/p4PP1/1b1P1N1P/PPPBP3/R2QKB1R w KQ - 1 12,3
rnbk1bnr/1Qp1pp1p/p1q3p1/3p4/2P5/N6P/PP1PPPPR/R1B1KBN1 w Q - 1 7,3
r1b1k1nr/1pqppp1p/8/pPp3b1/5P1R/4B3/P1P1PP2/RN1QKBN1 b Qk - 1 13,3
rnb1kbnr/ppp2pp1/4p2p/3p4/P1Pq4/R4PP1/1P1PP2P/1NBQKB1R w Kkq - 0 8,3
rnbqkb1r/pp1pppp1/2p5/7p/N3nP2/3K3P/PPPPP1P1/R1BQ1BNR b kq - 2 8,2
rnbq1bnr/4p1p1/pp3k1p/2pp1pN1/P7/5P2/RPPPP1PP/2BQKBNR w K - 0 9,2
r1bqk1nr/2pp2b1/p1n2p1p/1p2p1p1/P2P3P/1PP4N/4PPP1/RNBQKB1R w KQkq - 0 9,3
r1bqk2r/ppppbp1p/5pp1/n7/P4P2/3P1Nn1/1PP1P1PP/R1BQKB1R b KQkq - 1 9,3
rn1q1bnr/2pkpp1p/p1b5/1p1p2p1/1PP1PPP1/7P/P2P3R/RNBQKBN1 b Q - 0 10,3
r1bqkbr1/pp2pp2/n1p3pp/2Pp4/1P4n1/B1N3PP/PQ1PPP2/R3KBNR b KQq - 1 9,3
1nbq2nr/rQp1k3/p2ppb1p/5pp1/P2PP3/2N2N2/1PP2PPP/R1B1KB1R b KQ - 0 12,3
r1bq1bnr/2pnp1pp/4k3/p1Bp1p2/2p2PP1/3PP2N/PP5P/RN1QKB1R b KQ - 1 9,3
2bqkbnr/r1pp1p2/n5p1/pp2p2p/8/PQPP1P1P/1P1BP1P1/RN1K1BNR b k - 2 8,2
r1q1kbnr/1p2ppp1/2pp4/p6p/1nPP3P/6Q1/PP1BPPP1/RN2KBNR b KQkq - 5 10,0
rnb1k1nr/pp1pb3/4q1p1/2p1pp1p/2N5/P3PN1P/1PPPBPP1/R1BQK2R w KQkq - 1 10,0
rn2kbnr/1b1p1pp1/3q4/ppp1p2p/2P3P1/3P1P1P/PP1BP3/R2QKBNR w KQkq - 0 12,3
rn4nr/p2pkppp/bpp5/4p1P1/1b2P2q/PPNBKP1N/2PP3P/R1B3QR w - - 1 13,3
r1bqkbn1/1pnp1p1r/4p1p1/p1p4p/2P1P1P1/1Q3N1B/PP1P1P1P/RNB2RK1 w q - 2 9,3
r1bq1b2/1pp1kppr/p3pn2/n2p2Bp/4P3/P2P1PPN/1PP1K2P/RN1Q1B1R w - - 1 11,3
1rbqkbnr/pp1pppp1/2p5/8/Pn2P1Pp/1P3P2/2PP1K1P/RNBQ1BNR w k - 0 7,0
rnbqk1nr/p1p1pp2/3p1bpp/1p6/P6P/N1PP2P1/1PQ1PP2/R1B1KBNR b KQkq - 1 7,3
rnbqkbnr/3ppp2/ppp3pp/8/8/2NP1N1P/PPPBPPP1/R1Q1KB1R b KQkq - 1 6,0
r3kbnr/pbqpp1pp/1P1p1p2/8/3n1N2/B7/P1PPPPPP/1R1QKB1R w Kk - 0 11,3
r1bqkb2/2pp1pp1/2n1p2r/Pp5p/4nN2/2N5/P1PPPPPP/R1BQKB1R b KQq - 1 9,3
Q1b1kbnr/p1p1p1p1/2n5/1p1p2pp/3P4/1PB1q3/P1PKPP1P/RN3BNR w k - 5 12,1
2bqkb1r/r1ppp1pp/1Q3p1n/pp6/Pn3P2/1B4PN/2PPP1KP/RNB4R b k - 0 12,3
r1bqkb1r/p1ppp3/1p3p1p/4n1P1/1n3P2/8/P1P1PNP1/R1BQKBNR w KQkq - 4 10,3
r1bqkb1r/1nppnppp/4p3/pp1N4/PP6/6P1/2PPPPBP/R1BQK1NR b KQkq - 3 8,3
rq2kb1r/p3nppp/n7/1pppp3/1PB5/B3P1PR/P1PP1P2/RNQ1K1N1 b Qkq - 3 9,3
rnbqkb1r/pp1p1p2/2p1p3/5Qp1/2P1P1pP/1P2n2B/P2P1P2/RNB1K1NR w KQkq - 0 9,3
rn1q1br1/p1p1p1kp/3p1p1n/1p4p1/3P1P2/PPN4b/2PBP1PP/R2K1BNR w - - 1 12,3
r1bqk1nr/pppppp2/7b/6pp/1n1P2P1/PP5P/2P1PP1R/RNBQKBN1 b Qkq - 0 7,3
1rbqkbnr/p1pp1ppp/8/1p2p1N1/3n2P1/1P2P3/PBPP1P1P/RNQ1KB1R w KQk - 1 8,3
rn2kbnr/p3pppp/1p1pN3/2p5/4P1Q1/N6P/PP1q1PP1/1RB1K2R w kq - 0 13,1
rnbq1b1r/ppppnQp1/8/2k1p2p/1P2P3/2P5/P2P1PPP/RNB1KBNR b KQ - 0 7,1
Qn1qkb1r/2p1ppp1/b2p1n1p/p7/1p1P3P/N3P1P1/PPP2P2/R1B1KBNR b KQk - 0 8,3
rnbqkbnr/1pppp3/5pp1/7B/NP1PP3/P1P2N2/5PPP/R1BQK2R b KQq - 2 10,3
rnb1k1nr/p4p2/1ppp3p/2b1N3/8/4P3/PBPP1P2/R2QKB1q w Q - 0 13,3
r1b2bnr/p2kpppp/n2p1P2/2p5/q1Q5/4B3/PPP1P1PP/1R2KBNR w K - 0 12,3
rnbqkbnr/p1pp2pp/5p2/1p6/5N2/N1PP4/PP2PPPP/1R1QKB1R b Kkq - 1 9,2
r1b1kbnr/ppppqppp/4p3/n4N2/5P2/2NP4/PPP1P1PP/R1BQKB1R w KQk - 2 7,3
r1b1k1nr/pppp1ppp/5Q2/2b1pn2/8/1P6/P1P1PPPP/RNB1KBNR w KQkq - 3 7,3
1nbqkbr1/3pp2p/rp5n/pNp2pp1/5P2/PP1P3N/1RP1P1PP/2BQKB1R w K - 1 10,0
rn3bnr/pbp1pkp1/1p3p1p/3pP1B1/3P1q2/NP4PP/P1PN1P2/2RQKB1R w K - 1 13,3
rnb1k1nr/pp1pppb1/6p1/q1p4p/2B1P2P/1P3P2/P1PP2P1/RNBQK1NR w KQkq - 1 6,2
r2qkbnr/p1pnp1pp/2b5/1p1p1pB1/3P4/N6N/PPP1PPPP/RQ2KB1R b kq - 7 7,0
1r1q1b1r/pbp1kp2/n6p/1Q1Pp1p1/5P2/PP6/2nPKNPP/RNB2B1R w - - 1 13,3
r1bqkbr1/1Q2pp1n/1np3pp/3p4/2PP4/P5P1/1P1BPP1P/RN2KBNR w KQq - 1 12,3
rn2kbnr/pp1b1ppp/8/2ppp3/1P6/2P1PP2/P2P2PP/RNBQK1NR w KQkq - 0 8,0
2b1qbnr/rppkpp1p/2n5/p2N2p1/8/3P2PN/PPP1PP1P/R1BQKB1R w KQ - 1 8,3
1nb1kbnr/1pp2pp1/r2pp2B/p5q1/1P1P3P/5N2/P1P1PPPR/RN1QKB2 b Qk - 4 7,3
rnbq1bnr/p2p1p2/1p1kp2p/1Pp2p2/P7/N1P1PNPP/1B1P1P2/R3KB1R b KQ - 0 13,0
rnb1kbnr/p3pp2/2p5/q2p2p1/Qp6/2PP4/P3PP1P/RNB1K1NR b KQq - 0 10,3
r2qkbn1/p1pppppr/np3P1p/8/3P4/P1P1Pb1N/1P4BP/RNBQK3 b Qq - 0 9,3
rnbqkbnr/2p1p1p1/1p6/p2p1p1p/P4B1P/3P4/1PP1PPP1/RNQ1KBNR b KQkq - 1 6,0
r1bq1bn1/p1pkppp1/1pnp1r2/7p/NPP5/5NPP/PB1PPP2/R2QKB1R b KQ - 2 8,3
rn1qkbr1/p1p1np1p/1p1p2p1/8/bP1P1P2/P2N2P1/2P1P2P/RNBQKB1R w KQq - 3 9,0
r1b2b1r/p1pqkp2/6nn/1B1Pp1pp/8/1PN2N1P/P1PP1PP1/R1Q1K2R w KQ - 1 13,3
rnb1kbnr/1p1Q1pp1/8/p1P1p2p/7P/q3PN2/P1P1KPP1/RNB2B1R b kq - 0 8,1
rnbqk1nr/pp1pb2p/2p3p1/P3N3/1P3p1P/8/1BPPPPP1/RN1QKB1R b KQkq - 1 7,3
rnbqkbnr/p2p1ppp/1p5B/2p1p3/4P1P1/P2P4/1PPN1P1P/RN1QKB1R w KQ - 1 8,2
1rbqk2r/ppp2pbp/3p1n2/4p1p1/1PBN2PP/4P3/n1PP1PR1/RNBQK3 w Qk - 0 11,3
rn1qk2r/p1pp1p2/b2bpnpp/7Q/1pP1P1P1/3P1P1P/PP2B3/RNB1K1NR b KQkq - 0 10,3
rnbqkbr1/1pppp1pQ/5p2/p7/2P2P2/4P3/PP1P2PP/RNB1KBNR b KQq - 0 6,2
rnbqk1n1/pp1p1p1r/B2b4/4p1pp/1Pp5/P3PNP1/2PP1P1P/RNBQ1R1K w q - 1 9,3
rnb1kbnr/pB1p2pp/5p2/2p1p1N1/P3q1P1/1P6/2PPPP1P/RNBQKR2 w Qkq - 1 9,3
rnbqkb1r/2pp2pp/7n/pp2pp2/PP1P4/4P2P/2P1BPP1/RNBQK1NR b KQkq - 0 7,3
rn3qnr/p1pp1kb1/b3p1p1/1pP2p1P/1P5P/4PP2/P2P2B1/RNBQK1NR b KQ - 0 11,3
rnbqkbnr/p1pp3p/4p1p1/1p6/5NP1/PPN5/2PPPP1P/R1BQKB1R b KQkq - 0 6,2
r1b1kb1r/pp1p1p1p/5np1/n1pPp3/2P5/P2BP2q/1P1K1PPP/RNB1Q1NR b kq - 1 9,3
rnb1kbnr/p2p1ppp/2p5/1p2p3/5qPP/2NP4/PPP1PPB1/R1BQK1NR w kq - 3 10,3
rnb1k1nr/Qp1pqp2/1Np3pb/4p2p/7P/3PP1P1/PPP2P2/R1BK1BNR w kq - 4 13,3
r1bq1knr/pppppp1p/2n5/4b1p1/4P1BP/P7/1PPP1PP1/RNBQK1NR b KQ - 0 7,3
r1bqknn1/2p3p1/p3p2r/1pbp1p1p/3P2PP/NP3P1R/P1PBP3/R2QKBN1 w Qq - 3 12,3
rn1qkbn1/p1p1pp2/1p4pr/3p3p/PP1P3P/4QPP1/2P1PK2/RbB2BNR b q - 1 10,2
1n3b2/rppkpppN/3q2rn/p2p1b1p/P7/1PP3PP/3PPP2/R1BQKBNR w K - 5 12,0
rnb1kb1r/p2p1p2/8/1pp1pnpp/3qPBP1/7N/P1P1BP1P/RN1Q1KR1 b kq - 1 13,3
2bqkbnr/1pp1ppp1/r1n5/p5Pp/P2p3P/N7/RPPPPP1R/2BQKBN1 b k - 3 9,0
rn2kb1r/pp2n2p/2pP2p1/6q1/bP2Pp1P/PQ6/2PBBPP1/RN2K1NR w KQkq - 3 13,3
rnb2b1r/2pk3P/5p1n/1p1pp3/p1P5/N4NK1/PP1PP1PP/1RBQ1BR1 w - - 0 12,3
r1bqkbnr/pppppp1p/8/2n3p1/P7/2P5/RP1PPPPP/1NBQKBNR w Kkq - 1 6,0
2bqkb1r/1ppp1p2/r3p3/2n1P1pp/Q7/2N5/PP1P1nPP/RNB1K1R1 w Qk - 0 11,3
rnbqk1n1/1p1ppp1r/6pb/p1p4p/3P4/P3B1PN/1PP1PP1P/RN1QKBR1 w Qq - 1 8,3
r1bqkb1r/ppppppp1/Bn5p/P3P3/8/5N2/1PPP1PPP/RNBQK1R1 b Qq - 0 8,3
rnbqkbn1/1p1ppp2/2p3pr/1N2P3/3Q3P/p7/PPPP1PP1/R1B1KBNR b KQ - 1 10,3
rq2kbnr/pbp1pp2/2np2p1/7p/1pP1PPPP/PP6/R2P3R/1NBQKBN1 b kq - 1 13,3
rn1qkbnr/pppb2p1/3p1p2/4p2p/3P4/NP6/P1PQPPPP/1RB1KBNR w Kkq - 2 6,0
r2qkbnr/pp2ppp1/B1pp2b1/7p/1P6/4PNP1/PBPP1P1P/RN1QK2R w KQkq - 1 7,3
rn1qkb1r/1ppbpp1p/p2p1np1/8/4PPP1/7B/PPPP3P/RNBQK1NR b KQkq - 2 6,3
1r1qkbnr/p1ppppp1/8/np5p/3PP2P/P4N2/2P2PP1/RNBQKBR1 w Qk - 0 11,0
r2qkbr1/1pn1pp1p/6pn/p1pp4/6P1/NPB2P2/P1PPPKB1/RQ4NR b q - 0 11,0
r1b1k1r1/4bnpp/n1pp1p1B/1p1P4/6B1/6q1/PP1NPP1P/R3K1NR b KQq - 1 13,3
r2q1bnr/p1pk1ppp/npb1p3/3p2P1/P7/2NPP2N/1PP2PBP/R1BQK2R b KQ - 2 8,3
rnbq2nr/pp1kp2p/3p1pp1/P1p3N1/2PP4/6P1/3QPPBP/RNb1K2R w KQ - 2 10,3
rnbq1bnr/pp1k1p1p/6p1/4p3/1PppN3/B7/PQPPPPPP/2R1KBNR w K - 0 10,0
rnbq1kn1/ppp2pp1/5p1r/3p4/1b1P4/1PP3p1/PQ1NPP1P/1R2KBNR b K - 3 10,3
rnbqkb1r/1ppp3p/5ppn/p3p3/1P2P2N/3P3P/P1PK1PP1/RNBQ1B1R b kq - 0 7,0
1nbqkbnr/1ppp1p2/4p3/r5pp/3PBPP1/8/PpP1P2P/RNQ1K1NR w KQk - 0 10,3
1n1q2nr/3kp1bp/rppp1pp1/pQ1P4/P3P3/R1P3P1/1P1BbP2/1N2KBNR b K - 0 13,3
rnb1k2r/p2pp1b1/2B2n1p/3q1pp1/PpP3P1/1QN2N2/1P1PPP1P/R1BK2R1 w kq - 2 13,3
1nbqkb1r/rp1pp1p1/p4p2/5n2/P1p5/2PP2PN/RP2PP1P/1N1QKB1R w Kk - 3 9,0
rnbq2nr/pppp1k2/3b2pp/4p3/4p1P1/2P2N1P/PP1P1PB1/RNBQK1R1 w Q - 1 8,3
rn1qkbn1/1pp1pppr/7p/p2p4/5P2/P3P2b/RPPPQ1PP/1NB1KB1R b Kq - 1 6,2
rnq1kbnr/pb2pp1p/1p1p4/1Pp3B1/6p1/P2P1P2/1NP1P1PP/R2QKBNR b KQkq - 0 9,0
rnb1kbnr/1p1p4/p3pp1p/2p1Q1p1/PqP1PPP1/7B/1P1P3P/RNB1K1NR w KQkq - 0 11,3
rnbqkb1r/pppp3p/3P4/4ppp1/3Q1PnP/8/PPP1P1P1/RNB1KBNR b KQkq - 1 8,3
1rbqkb1r/pppppNpp/n2n4/8/1P2P3/3B4/P1PP1PPP/RNBQK2R b KQk - 2 6,3
r1bqk2r/1p2pp1p/1n5b/p1pp1n2/P2P1Pp1/2N1B2N/1PPKP1P1/R2Q1B1R b kq - 1 12,3
bn1qkbnr/r1ppp1p1/p4p1p/1p6/P3P3/N4P2/1PPPBNPP/R1BQK2R b k - 1 11,3
rn2k1nr/1ppq1pb1/p7/3pp2p/4P1pP/2RB1PP1/PPPP4/RNBQK3 w Qkq - 0 13,3
rnbk2n1/2qp2pr/1p1b3p/p1pPppN1/5Q2/5P2/PPP1P1PP/R1BNKB1R w KQ - 0 12,3
rnq1k1nr/3pp2p/bpp3pb/p4P2/8/N2P1P2/PPP3PP/R2QKBNR b kq - 1 9,3
rnb1kbnr/1ppq1ppp/8/p2p4/3p3P/PP5R/R1PNPPP1/2BQKBN1 b kq - 3 7,3
r1b1kb1r/2q1ppp1/np1p4/p1p1P1Pp/4nN2/N1P2P2/PPBPQ2P/R1B1K2R w KQq - 1 13,3
r1b1kb1r/2pp1pp1/p3pqnn/1p1P2Pp/1P6/2P1B2N/P3PP1P/RN1QKB1R w KQkq - 0 10,3
rnb1kbnr/1p1pp1pp/4qp2/p1p3B1/8/1P1P1PP1/P1P1P2P/RN1QKBNR b KQkq - 4 6,3
rnbqkb1r/ppp1np2/3pp1N1/7p/2P5/P6P/1P1PPPP1/RNBQKB1R w KQkq - 1 7,3
rnbqkbr1/ppppp3/5p2/1N4pp/4n1P1/2PPP2Q/PP3P1P/RNB1KB1R b KQq - 2 9,3
rn1qkb1r/pp2pp1p/2pp2p1/3N1b2/6PP/4PN2/PPPP1P2/R1BQKB1R w KQkq - 1 7,3
r1bqkbn1/ppppppp1/1r6/1P5p/2PP3P/2QnKP2/P3P1P1/RN3BNR b q - 0 12,2
r1bq1bnr/p1pnpp2/3k2p1/1p1p2Np/P1P1P1P1/N7/1P1P1PBP/R1BQK2R w KQ - 0 9,3
rnbqkbr1/1pppppp1/7p/p6n/2N2PP1/1P6/P1PPP2P/R1BQKBNR w KQq - 1 7,3
rnbqk1nr/ppp1p3/B2p1p1b/6Pp/8/N3P3/PPPP2PP/R1BQK1NR w KQkq - 0 6,3
rnb1kbnr/1p4pp/2ppq3/p3pp2/5P1P/3P1N2/PPPKP1P1/RNBQ1B1R b kq - 1 8,3
r2qkb1r/pppbp2p/n2p3n/4Pp2/2PP2pP/8/PPN2PP1/R1BQKBNR b kq - 1 10,0
rnb1k2r/1p1ppp1p/7b/p1p1B1p1/1qPPnP2/6P1/PP1NP2P/R1Q1KBNR b KQkq - 0 9,3
rn1qkb1r/ppp1pppp/3pbn2/3B4/1P2P3/7N/P1PP1PPP/RNBQ1K1R b kq - 4 7,3
rnb1kb1r/1pqppp2/p4n2/2P3pQ/4P3/2N4N/PPPK1pBP/R1B2R2 b kq - 0 12,3
1nbqk1nB/3p1pb1/r1p1p1pp/p7/pP3P1P/8/2PPP1P1/RNQK1BNR b - - 0 11,3
r3kbnr/pp2p1pp/n2pb3/1Nq2p2/P2p2PP/5R2/1PPKPP2/2BQ1BNR b kq - 0 10,3
r1bqk1nr/ppppp3/2n3pb/5p1p/3P4/1PP2P2/P3P1PP/RNBQKBNR w KQkq - 3 7,0
rn2k1nr/pq1p1p1p/bp1b2p1/2pPp3/P1P4N/8/1P1NPPPP/R1BQKB1R w Kkq - 2 10,0
rn1qkbnr/1pp1p1pp/5p2/pN3b2/3p1PP1/P2PP3/1PPB3P/R2QKBNR w KQk - 1 9,3
r1b1kb1n/1p1n2pr/p3p3/q1pP1p1P/PP2P3/5P1P/2QPK3/RNB2BNR w q - 0 13,3
rn2k2r/p1pq1p1p/7n/4p1p1/2p3P1/b2P3P/RP1KPPb1/1NB2BNR b kq - 1 10,3
r2qk1nr/p1pp3p/n3p2b/1NP2pp1/6PP/Pp6/RPQPPP2/1NB1KB1b b kq - 1 11,3
r1bqkb1r/ppppn2p/n4p2/4p1p1/7P/P5N1/1PPPPPP1/R1BQKBNR w KQkq - 1 6,0
r2qkbnr/p1p1pp2/1pn1b2p/3p2p1/1P2P3/5PP1/P1PP2QP/RNB1KBNR w KQkq - 1 7,2
rn1qkb1r/p1p1pNp1/b2p4/1p3n1p/3P1BPP/5P2/PPP1P3/RN1QKB1R b KQkq - 2 8,3
rn2kbn1/p2ppppr/2p4p/qp6/P2P1PP1/1PP4N/1Bb1P2P/RN1QKB1R b KQq - 0 9,3
r1b1kb1r/pp1pqp1p/n6n/2pN2p1/P3p3/1P2P1PN/2PPKPBP/R1BQ3R b kq - 2 9,3
rnb2b1r/pp1ppkpp/3q1p2/2p5/2PP1PQ1/1P2P3/P3B1PP/RNBK2NR b - - 0 8,3
rnbqkr2/p1p2ppp/4pn2/1p1p4/4N3/P1b3P1/2PPPP1P/R1BQKBNR w KQq - 1 8,3
rnbqkbnr/1p1pp3/5p1p/p1pN4/1P5p/5N2/PBPPPPP1/R2QKB1R w KQkq - 0 7,3
rnb1kbn1/1p1pp1pr/1q3p1p/p1p5/4P3/2P3PN/PPQP1P1P/R1B1KBR1 w Qq - 0 9,0
rnbqkbr1/1p1ppppp/2p4n/8/pP3Q1P/2P1P3/PB1P1PP1/RN2KBNR b KQq - 1 7,0
rnbk1bn1/4qppr/2p5/pp1pp1B1/P2PP3/6PP/1PPQKP2/RN3BNR w - - 0 12,3
rn2kb1r/ppp1pp1p/6pn/3q1b2/3P4/PP5P/R1PP1PPN/1NBQKBR1 w kq - 3 10,2
rnbqkbnr/p1ppp2p/5p2/1p4p1/4P1P1/3P3B/PPPQKP1P/RNB3NR b kq - 1 6,0
r1b1kbr1/Qp1p1ppp/1qp1p3/8/1P1Pn1PP/PnP5/4PP2/RNBK1BNR w q - 2 10,3
rn1qkb1r/1pp1n1pp/p2pbp2/8/3K3P/N3PP1N/PPP3P1/R1B1QB1R b kq - 0 10,3
rnb1kbnr/1pp2ppp/4p3/p2p2B1/1P1P2P1/PQP3q1/4PP1P/RN2KBNR w KQkq - 3 8,3
rnbqkbn1/p1p1pp1r/6p1/1p1p3p/3P2PP/8/PPP1PP2/RNBQKBNR w KQq - 1 6,2
rn1qkbnr/4p1p1/5p1p/pppp2N1/3P4/PP2PP2/2b1K1PP/RNBQ1B1R w kq - 0 9,3
r1b1kbr1/1ppqpp1p/n3Bnp1/p1Pp4/1P4P1/8/P2PPP1P/RNBQK1NR w KQq - 1 8,3
r1bn1bnr/1pppkpp1/4p3/p5Np/6P1/1PPPK3/P3PP1P/RNBQ1B1R w - - 2 9,3
rnbqkbnr/2ppp1p1/7p/pp3p2/2P5/4P3/PPNP1PPP/RNBQKBR1 b Qkq - 0 6,2
1rbqkbnr/p6p/1pn1ppp1/PPpp3P/2P5/R1R3PB/3PPP2/1NBQK1N1 b k - 0 12,3
rnbqkbnr/p2p1pp1/Bpp1p2p/4Q3/1P3P2/4P3/P1PP2PP/RNB1K1NR b KQkq - 1 7,3
r3kbnr/p3p1pp/2p1b3/1p1p1p2/2B1P3/1PK2P2/P1P3Pq/RNB1Q1NR b kq - 1 13,3
r1b2knr/ppp4p/n2b1B1q/3ppp2/3P4/P4PP1/1PPNP2P/RQ2KBNR w KQ - 4 11,3
rnbk1bnr/p1q1p3/2p2p1p/2ppP1p1/8/P3Q1PP/1PPP1P2/RNB2KNR b - - 0 12,3
rnb1k2r/3pbp1n/4p1pp/ppp5/2P1P1P1/Q6P/PP1PNP2/RNBK1B1R b kq - 0 12,2
rn1qkb1r/p1p1ppp1/3p3n/1p3b1p/3P3P/PPP5/1B2PPP1/RN1QKBNR b KQkq - 0 6,0
1nb1k1nr/rp3ppp/2pbp3/p2p4/8/BP1PP2P/P1PQK1P1/RN3BNR w k - 3 9,3
rnb1kbnr/1p1pp2p/2q2p2/p1p3p1/3P3P/2P2NPR/PP2PP2/RNBQKB2 b Qkq - 4 7,3
rnbqkbnr/1pp1pp1p/6p1/7P/pP6/P2pP1P1/2PP1P2/RNBQKBNR w KQkq - 0 7,3
r1bqk1nr/pppp1p2/B3p2p/6p1/4PNP1/1Pb4P/P1PP1P2/RNBQK2R w KQkq - 2 9,3
1n3bnr/r1pkp3/8/pp3N1p/1P2qp2/P6P/2PPNPP1/R1BQKB1R b KQ - 2 13,3
r1bqkb1r/1pp1pn2/3p2pp/p1n2p2/7P/NPP1PBPR/PBQP1P2/2KR2N1 b kq - 1 13,0
r1bqk1nr/ppppppb1/n6p/2P3p1/Q2P4/5N2/PP2PPPP/RNB1KB1R w KQkq - 2 6,3
rn1qk2r/pbppp1bp/6pn/1p3p2/PP1N4/4P1P1/2PP1P1P/RNBQKBR1 b Qkq - 0 7,3
2bq1bn1/r2pkpp1/7r/ppp4p/N1PP4/1P2P3/n1Q2PPP/2R1KBNR b K - 1 11,3
rnb1kb1r/1p1p1ppp/p1p4n/4p3/1P5q/4NN2/P1PPPPP1/R1BQKBR1 w Qkq - 0 8,3
rnk2bnr/pp2ppp1/8/2qp3p/1p5P/P1P2PP1/RQ1PP3/1NB1KbNR b K - 7 11,3
rnbqkb1r/1ppp2p1/p2p2n1/5p2/2P1N1p1/1P1P4/P1QKPP1P/RN3B1R w - - 0 12,3
rn1q1b1r/pBpk2p1/bp1p1p2/3nP2P/3Q2p1/2B5/PPP1PP1N/RN2K2R b KQ - 4 13,3
rnbqkb1r/3p1p2/ppp1p1pp/2P5/3P2n1/1N4P1/PP1BPP1P/R1Q1KBNR b KQkq - 1 9,3
rn2kbnr/p3pppp/1ppp4/2qP2N1/4P3/7P/PPP1KP2/R1BQ1BNR b kq - 1 9,3
rnb1kb1r/1ppq1p2/4pn2/B2p2p1/2PP3p/PQ2P3/1P1K1PPP/RN3BNR b kq - 0 9,3
1rbqkbnr/1pppp1pp/p3n3/5pP1/4PP2/2N5/PPPB3P/R1Q1KBNR w KQk - 1 9,3
r2qkbnr/ppp1pp1p/3pb3/n5p1/6P1/3PPP2/PPPN3P/R1BQKBNR b KQkq - 0 6,3
r1b1qbnr/pnppp1pp/4kp2/1p6/3P2PP/8/PPPKPP2/RNBQ1BNR w - - 8 9,0
rnbqkb1r/5ppp/1pp1Q2n/p2pp3/1PB1PP1P/8/P1PP2P1/RNB1K1NR b KQk - 1 9,1
rnbqkbnr/p2p2p1/1pp4p/5p1Q/P1P1p3/R1N1P3/1P1P1PPP/2B1KBNR b Kkq - 1 8,1
rn2kbnr/1ppb1ppp/4p3/p2p4/1q6/2N3PN/P1PPPP1P/R1BQKB1R w KQkq - 0 7,0
rnb2k1r/1p4bp/p1ppq2n/P1P1p1p1/5p2/RP2P3/3P1PPP/1NBQKBNR w K - 1 13,3
r1b1k2r/3pnp1Q/1pp4p/q1n1p3/p1P3P1/NP1P3P/P3PP2/R2K1BNR b kq - 0 12,3
r1bqkb2/ppp2pp1/3pp2r/n6p/6BP/NP2PN2/PBPP1PP1/R2QK2R w KQq - 0 9,3
1rb1kbnr/ppqpppp1/8/2pP3p/Pn4P1/2P4N/1P2PP1P/RNBQKB1R b KQk - 0 7,3
r1b1kbnr/p1pp2p1/4pq2/np3p1p/P1PP1P2/6PB/1P1NP2P/R1BQK1NR b KQkq - 0 8,3
r1bqk1nr/ppppp2p/8/5pp1/3n2PP/6b1/PPPPPPB1/RNBQK2R w KQkq - 2 8,3
1rbqk2r/p1pp3p/n3pn2/1pb2pp1/1PN2PP1/2P2N1P/P1QPP1K1/R1B2BR1 b k - 2 13,3
rnbq2nr/1p2k2p/2pp1p2/p2p2p1/Pb2N2P/1P2P3/2PP1PP1/1RBQK1NR w K - 0 10,3
r1b1kb1r/pp1p1ppp/n3pn1B/2p1q3/3P2P1/1PN5/P1PKPP1P/R2Q1BNR w kq - 1 9,3
2bq1bnr/1p1pp1pp/r1Q2pk1/p7/2P5/3P1P1N/PP2P1PP/RNB1KB1R b KQ - 0 9,0
r1bq1bnr/2p2k2/ppnp1pp1/4p2P/2P1P2P/1PQ4N/P2P1P2/RNB1KB1R b KQ - 1 10,3
rnbq1knr/ppp1p1bp/6p1/3p1pB1/3P4/1PP5/P3PPPP/RN1QKBNR w KQ - 3 6,0
r1bqk1nr/pp1pp1b1/nNp5/5ppp/3P2N1/2P5/PP2PPPP/R1BQKB1R b KQkq - 1 10,3
rNbqk2r/p1p3pp/1p2p3/5p2/1bn3nP/N2PBP2/P1P1P1P1/R2QKB1R w KQkq - 0 11,1
rnb2bn1/pppp1kp1/7r/4pp1p/5N1P/4q1P1/PP1PPP1N/R1BQKB1R w KQ - 3 11,3
rnb3kr/p2pnp1p/2p3pQ/4p1q1/B7/bP2P3/P1PP1PPP/RNB1K1NR w KQ - 3 12,3
r1bqkbnr/pnp1ppp1/1p1B4/1P1p3p/8/5P2/P1PPPKPP/RNQ2BNR b kq - 3 9,0
1n1qkbnr/r1p2p1p/1p4p1/pN1pp2b/2P5/1P4PB/P2PPP1P/RNBQKR2 w Qk - 0 9,3
r1bqk1nr/ppnp1pp1/4P2p/PPp5/5bP1/5N2/2PPP3/RNBQKB1R b KQkq - 2 10,3
r2qkbnr/pp5p/1nppp1p1/4N3/3P4/1P5b/P1PQPPPP/RNB1KB1R b KQkq - 3 9,3
1nbqk2r/4rp1p/Bppppn1b/6p1/p2PP1PP/1Q6/PPP2P2/RNB1K1NR b KQk - 7 12,3
rnbqkb2/p3n1p1/1pp1pp1r/3p3p/1P1P1P1P/2R5/P1PNP1P1/1RBQKBN1 w q - 0 9,0
rnbqkbnr/p2p3p/1p2pp2/2p3p1/Q1P4P/P5P1/1P1PPP2/RNB1KBNR w KQkq - 0 6,3
rnb1k1nr/1ppqpp1p/p2p2pb/8/6P1/N2PPP1P/PPP5/R1BQKBNR w KQkq - 1 7,0
r1bqkbn1/1ppppp1r/p5p1/1P2n2p/P5P1/N6R/2PPPP1P/2BQKB1R w Kq - 0 10,3
rnbqkbr1/1pppp1pn/5p1p/p5P1/4P1Q1/2P5/PP1P1PBP/RNB1K1NR w KQq - 0 7,3
r1bq1bnr/2p1pk2/Bp3ppp/2npP3/3P2P1/NPP2P1P/P7/R1BQK1NR b - - 0 12,3
2rqkbn1/ppp1ppp1/n2p3r/7p/1P3PP1/2P4N/P2Pb2P/RNBQKB1R b KQ - 0 8,3
r1bqkbr1/ppp1p1p1/1nnp1p1p/6P1/P1PP4/NP6/R2QPP1P/2B1KBNR b Kq - 0 9,3
r1bqkb2/pppn1p2/2n1p3/3p2pr/PP3PPp/7P/R1PPP3/1NBQKBNR w Kq - 0 10,3
r1b1k1n1/pppp1ppr/2n5/2b1p2p/PP1P2q1/2N2P2/2PKP1B1/1RBQ2NR b q - 0 10,3
rnbqkbr1/p2p2p1/1p2p3/2p2P1p/2n2P1P/4P3/PP1PN3/RNBQKB1R b q - 0 11,3
rq1nkbn1/ppp1pppr/8/3p1P1p/1P1P3P/7P/P1P1PK2/RNBQ1BNR w q - 1 8,0
rnb1kb1r/p1pq1ppp/3p3n/1p1p4/P7/7P/1PPPPPP1/RNBQKBR1 w Qq - 0 8,0
rn1qkbnr/2pbp1pp/p4p2/1p1p4/4P1Q1/1PP5/P2P1PPP/RNB1KBNR w KQkq - 0 6,3
r2q1b1r/pppkpbpp/5n2/3p1pQ1/1n3BP1/1PNP3B/P1P1PP1P/R3K1NR w KQ - 3 9,3
r1bq1bnr/p2p2pp/np2k3/1Bp1pp2/1P2PP2/8/P1PP2PP/RNBQK1NR w KQ - 1 8,3
rnbq1bnr/pp3ppp/B1k1p3/2pp4/P3PPP1/8/1PPP3P/RNBQK1NR w KQ - 2 6,3
1nbk1bnr/rp1p2p1/2p2q1p/p3pp2/B5P1/N2PP3/PPP2PQP/R1B1K1NR w KQ - 0 12,3
rnbq1b1r/p1pkp1pp/3p1p2/1p6/4PN1Q/4P3/PPPP2PP/RNBK1B1R w - - 0 8,3
1rb1kb1r/p1pp1p1p/np2p1pn/8/PP3P1q/2P1PNP1/N2P3P/1RBQKB1R w Kk - 4 11,3
r1b1kbnr/1pp2p1p/p1n1p1pB/3p4/6Pq/3P1P1P/PPP1P2R/RN1QKBN1 w Qkq - 1 7,1
rn1q1bnr/pbpkp1pp/5p2/1p1p4/1P1PP3/2P2P2/P5PP/RNBQKBNR b KQ - 0 6,2
rnb1kbnr/1p1ppp1p/p5p1/2pq4/1Q6/3PB2P/PPP1PPP1/RN2KB1R w KQkq - 2 9,3
rn2kbnr/p1q4p/1pp1b1p1/3ppp1Q/P7/N1PKP2P/1PNP1PP1/R1B2B1R b kq - 2 13,3
r1b1kbnr/ppp1p2p/2n2p2/2qpP3/2P2Pp1/3B3P/PP1P2P1/RNBQK1NR w KQkq - 0 8,3
rn1qkbnr/ppp1pp2/3p2p1/1b2P1Bp/3P4/8/PPPQ1PPP/RN2KBNR w KQkq - 3 6,3
1q2kbnr/1p1nppp1/r2p3p/pPp4b/P7/7N/RBPPPPPP/1Q1NKB1R b Kk - 4 11,3
r1bqkb2/pppp1pp1/2n1pn1r/8/Q2N1P1p/2P4P/PP1PP1P1/RNB1KB1R b KQq - 3 7,0
r1bqkb1r/pppp1p2/2n1p3/4n1pp/2P1Q3/2N4P/PP1PPPP1/1RB1KBNR b Kkq - 1 8,0
rnb1k1nr/pppp1N2/3b2p1/1P2ppqp/P1P4P/8/3PPPPR/RNBQKB2 b Qkq - 0 10,3
1n1qk2r/rbpp1p1p/p5p1/1P2p3/1b1P4/PQ2n2P/RB1NPPP1/4KBNR w Kk - 2 13,3
2bqk1n1/rppnpp2/p2p1bPr/7p/3P1P2/P1PR4/1P2P1P1/RNBQKBN1 b Q - 2 10,3
2bqk2r/2ppp1b1/r4n1p/pp3ppP/Pn6/1P2P1PB/1BPPNPQ1/RN3K1R b k - 4 12,3
r1b1k1nr/p2nbpp1/1ppq4/1P1pp1P1/2B4p/N3P3/P1PP1P1P/1RBQK1NR w Kkq - 4 11,3
2bqk1n1/p1ppnpp1/1r2p1r1/1p2b2p/Q1N2P2/N1P3P1/PP1PK2P/R1B2B1R b - - 1 12,3
r1bqk1nr/ppp2p1p/n2p3b/4pPp1/1P4P1/2N1PN1P/P1PP4/R1BQKB1R b KQkq - 2 8,3
rnbq1b1r/1pppnp1p/6k1/p3p1p1/4PP2/2PP2P1/PPN1Q2P/R1B1KBNR w - - 2 11,3
rnbqkb1r/5p2/p3p3/1ppp1Ppp/1P2n1PP/2P2K2/P2PP3/RNBQ1BNR w kq - 0 10,3
rnbqkbnr/1p1ppp2/p7/1p4p1/4P1P1/B6p/P1PPBP1P/RN1Q1KNR w kq - 0 8,3
rnq1kbnr/p1p1p1p1/3p3p/5p2/P3P1bP/N7/1PPP1PP1/R1B1KBNR b KQq - 0 9,0
rnbqk1r1/pp1p3p/2p1p1pn/5p2/1P1PP2b/3B2PP/P1P2P2/RNBQK1NR w q - 0 9,3
rnbqkbnr/1p1p1p2/p1p4p/4p1p1/PP2P3/5P1P/2PP2P1/RNBQKBNR w KQkq - 0 6,2
r2qkbn1/ppp1p1p1/6r1/3p1p1p/2N1P3/N1P2b1P/PP1P1P2/1RBQKB1R w Kq - 1 12,3
rnb1k2r/2pp1p1p/pp3P1n/4p3/6P1/2PPbP1N/PP1QP3/RNB1KB1R b KQkq - 2 10,3
rn2kbnr/1pp1p1p1/p2qb2p/3P1p2/6P1/4P2N/PPNP1PBP/R1BQK2R w KQkq - 0 9,3
r1bqkbnr/pp1p1pp1/n3p3/2p4p/4PP2/P1N3P1/1PPP3P/R1BQKBNR w KQkq - 1 7,3
r1bqkbr1/pp1pp1pp/5p2/6P1/1Pp1n2P/P3PP2/2Pn2B1/RNBQ1KNR w q - 0 11,1
rn1qkb2/2p1pp2/p5pn/3pP2p/pPr4P/5R2/1BPP1PP1/RN1QKBN1 b Qq - 1 13,3
rnbqkbnr/ppp1pp1p/8/3p2p1/5QP1/3P3N/PPP1PP1P/RNB1KB1R b KQkq - 1 6,3
r1bqkb1r/p2ppp1p/np1n2p1/2p5/7P/3BP1P1/PPPP1P2/RNB1K1NR w KQkq - 0 8,3
1rbqk2r/ppp2ppp/7n/2Np4/1n5P/P1b3P1/1PPPPP2/R1BQKBR1 w Qk - 1 12,3
rnbq1bnr/pp1pkp2/8/2p1P1p1/PP5p/R1P5/3PP1PP/1NBQKBNR b K - 2 7,2
rnbk1bnr/pp1qp3/7p/1Bpp1pp1/4P1P1/2P3Q1/PP1PNP1P/RNB1K2R b KQ - 1 8,3
rnbqkbnr/1ppp1p1p/6p1/p3p3/6PP/N3P2B/PPPP1P2/R1BQK1NR w KQkq - 0 6,2
rnbqk1r1/3pbp1p/4p3/ppp3pn/PPP1PP2/3B2N1/R2P2PP/1NBQK2R b Kq - 2 10,3
rnb1kb1r/pp2pppp/2pp4/q7/1P4n1/P2P4/2P1PPPP/RNBQKBNR b KQkq - 1 6,3
rn1qkb1r/1bp1p1p1/1pPp4/3n3p/5p1N/1p1P2PP/P3PPB1/RNBQK2R b KQkq - 3 12,3
r2qkb1B/ppp1np1p/4p1p1/3p1B2/1PN1PP2/4n1P1/P1PP3P/1R1QK2R b Kq - 2 13,3
rnqk1b1r/2pppp1p/b5pn/pp6/1P4PP/4P1K1/P1PP1P1R/RNBQ1BN1 b - - 2 8,3
1r1q1bnr/p2k2pp/1p1p1p2/2p1pb1P/P7/1PPP4/2QPNPP1/RNB1KB1R w Q - 1 12,0
rn2k1nr/pq1pb2p/1p2p1p1/1Bp2p2/3NPP2/N2b4/PPPP1QPP/R1B1K2R w KQkq - 6 12,3
rn1k1bnr/ppp1p1p1/4b3/1B1p1p1p/1P1P4/B1q2PP1/P1PN3P/R2QK1NR w KQ - 0 13,2
1n1qkb1r/1pp1pp1p/6r1/p2p1bpn/PP1P4/N6P/1BP1PPPR/R2QKBN1 w Qk - 3 9,2
rnbqkb1r/p1pp1p2/1p3np1/4p2p/4P3/4N1P1/PPPP1P1P/R1BQKBNR w KQkq - 0 6,2
r2qkbnr/p3pNpp/2p5/1p1pnb2/1P4P1/2N5/P1PPPP1P/R1BQKB1R w KQkq - 1 9,3
r3k1nr/1b1nbppp/ppp5/3pp1q1/5PP1/NP5P/P1PPP1B1/R1BQK1NR b KQkq - 0 12,3
r1bqkb1r/2nppp2/1pp2n2/p1P3pp/5P1P/2N3P1/PPQPPKB1/1RB3NR w q - 0 11,3
rnbqkb2/p4ppr/1ppp3p/1P2pQ2/8/N2B4/P1PPNnPP/R1B1K2R w KQ - 0 12,3
1rbqk2r/2pp1pp1/1p2nn2/p3p1Bp/2P4P/Q7/PP2PPP1/RN1K1BNR b k - 5 13,0
r2qkb1r/p2np3/b1p4Q/1p1p1ppn/4P3/PPPB1P2/3P2PP/RNBK2NR w kq - 0 11,3
r1bq1bnr/pp1k1p1p/2Qpp3/P1pN2p1/2P5/5PP1/1P1PP2P/RNB1KB1R b KQ - 0 10,1
rn1qk1nr/2pb1Npp/p3p3/1p1p4/1b1P1B2/2N5/P1P1PPPP/R2QKB1R b KQkq - 0 7,3
rnb1k2r/pppp1p1p/1b2pq1n/6p1/3P4/1PN4N/P1PQPPPP/R1B1KBR1 w Qkq - 2 7,0
r3kbnr/p1qnp1pp/5p2/1ppp4/3P3P/4QP2/PPP1P3/RNBK1BNR b kq - 0 11,0
1nq1kbnr/3Bpp2/1r4pp/p1p5/Q2P3P/1P4P1/P1P1bP2/RNB1K1NR b Qk - 0 11,1
rnbqkb1r/p2pn1p1/2p2p1p/1P2p3/1P6/B5P1/2PPPP1P/RN1QKBNR w KQkq - 0 7,2
r1bqkbnr/1ppp2pp/p1n5/4pp2/P3P3/8/1PPPBPPP/RNBQK1NR w KQkq - 0 7,3
1nbq3r/rp1kbBpp/2pppp1Q/p7/8/P1KPP3/1PP2PPP/RNB3NR b - - 4 13,2
r1bqkbnr/p1p1p2p/np1p2p1/5N2/3P1P2/1PN5/P1PKP1PP/R1BQ1B1R b kq - 0 8,0
r1bqkbnr/1pppp1pp/2n5/8/p4Pp1/2N1P2N/PPPP3P/R1BQKB1R w KQkq - 0 7,3
1rb2bnr/1ppk2p1/p7/2Ppppqp/1n2PPB1/PP1P4/R2K2PP/1NB1Q1NR b - - 1 12,3
rnbqkb1r/3p1p1p/6p1/p1pNp3/1p1PP1nP/8/PPP2PP1/R1B1KBNR w KQkq - 0 9,3
rnbq1bnr/p1p1kppp/3p4/1p6/4p3/NPP3PP/P1QPPP2/R1B1KBNR b KQ - 1 6,2
r1bqkbn1/ppppp1pr/n7/5p1p/4P3/2P2PPP/PP1PB3/RNBQK1NR w KQq - 3 7,3
rnb1kbnr/2p2ppp/4pq2/p2p2P1/2B1P3/Pp3P1P/RPPP3R/1NBQK1N1 w kq - 0 10,3
rnbqk1nr/p1pppp2/1p2N1p1/7p/PP6/B4P2/R1PPP1PP/bN1QKB1R b Kkq - 0 8,3
rnbqkbr1/2ppppp1/p7/4P1Pp/7P/2pBnP2/PP1P1K2/RNBQ2NR b q - 1 10,3
r1b1qb1r/pp4p1/np1k1p1n/3pp2p/P2PP3/2Q4P/2P2PP1/RN2KBNR b KQ - 0 12,3
r1b1kb1r/ppnppp1n/q1p4p/4Np2/4P3/2NP2P1/PPP1KP1P/R1BQ2R1 b kq - 2 12,3
rnbqkbnr/p2pp1pp/1pp5/5p2/6P1/N3P2N/PPPP1PBP/R1BQK2R w KQkq - 3 6,3
1nbqkbnr/1ppp2pp/4p3/r4pB1/3P4/p2BPP2/PPP2KPP/RN1Q2NR w k - 2 7,3
r1b1k2r/ppqnb3/3p1npp/2p1pp1Q/1P2PP1P/2NPKN2/P1P3P1/R1B2B1R b kq - 2 13,3
rn1qkb1r/1p1bp3/5n2/2Pp1ppp/p1P2P2/P2P1K2/4P1PP/RNB1QBNR w kq - 1 10,3
r1b1kbnr/1pqpppp1/p1p5/5P2/1n5p/P2PB3/1PPKPNPP/RN1Q1B1R b kq - 0 8,3
rnb1kbnr/p1q2p1p/3pp2Q/1pP3p1/1P2P3/2N2P2/P1PB1NPP/R3KB1R w KQ - 2 12,3
r1bqk2r/2ppbppp/p1n1p2n/1p6/7P/N2P2P1/PPPKPPB1/R1BQ2NR w kq - 0 7,3
rnb1k1nr/pp1p1p1p/2p3p1/1N2p3/P4b2/1P4PB/2PPK2P/R1BQ3R b kq - 1 10,3
r1bqkbn1/pppppp2/8/4n1pr/2PP2p1/N4N1B/PP2PP1P/R1BQ1K1R b q - 2 9,3
rnbqkbnr/2ppp3/p7/1p3ppp/4P1P1/2P5/PP1PQPBP/RNB1K1NR w KQkq - 0 6,3
rnbqk2N/p3bpp1/1pp2n2/3pp3/7p/NP1P3P/PBPQPPPR/R3KB2 b Qq - 3 11,3
r1bqkb1r/p1pp1p1p/np3np1/4p3/1P1P4/2PQP3/P2N1PPP/R1B1KBNR b KQkq - 2 6,3
r3kbnr/pppbq1p1/4pp1p/3pnN2/5PP1/N1PP4/PP2P2P/R1BQKB1R b KQkq - 0 9,3
r1bqk1nr/ppp4p/4pp2/3p2p1/1b1n2P1/2N2P2/PPPBP2P/1R1QKBNR b Kkq - 3 8,3
1rbqkbnr/pppp3p/6p1/2P1p1p1/Qn3P1P/2NP2P1/PP2P3/R3KBNR w KQ - 1 10,3
r1bqkb1r/pp1np1p1/2p2p2/3p1PBp/1P1Pn3/P1N3PB/2P1P2P/R2QK1NR b KQkq - 0 10,3
rn1qkb1r/1b1ppppp/ppp5/8/2P2PnP/N7/PPQPP1P1/R1B1KBNR w KQkq - 0 7,0
r1bqkb1r/1ppp2pp/p1n4n/4pp2/1P1P3P/P4P2/R1P1P1P1/1NBQKBNR b Kkq - 0 6,3
rnbqkb1r/p3pppp/5n2/1ppp4/2B1P3/2PPQ3/PP3PPP/RNB1K1NR w KQkq - 1 7,3
1rbqkbnr/ppppp1p1/8/5p1p/Pn1P4/6PP/1PP1PP1R/RNBQKBN1 w Qk - 0 6,0
rn2kbnr/4p2p/b1p2pp1/pp1p2P1/P3QB2/2N4P/RPP1PP1R/4KBN1 b kq - 2 12,3
rnb1kbnr/ppp1pppp/8/8/6PP/4p3/PPPPK1P1/RNBQ1BNR w kq - 0 6,2
r1bk1b1r/1p2q2p/p3p2n/2pp1pP1/Pn6/1Q2PN2/1PPP2PP/RNB1KB1R w KQ - 1 13,3
r1bqkbnr/1p1npppp/3p4/p1p5/3P3P/P1N1P3/1PPQ1PP1/R1B1KBNR w KQk - 3 7,0
rnbq1rk1/1p1p2pp/p4b1n/2p1p1P1/PP2PQ2/2P4P/3P1PB1/RNB1K1NR b KQ - 2 12,3
rnq1kb1r/pbppnpp1/1p2p2p/8/3NP3/7N/PPPP1PPP/1RBQKB1R w Kkq - 6 7,2
rnb1kbnr/2pqpp1p/6p1/pp5P/3p4/PPPP4/3NPPP1/R1BQKBNR b KQkq - 1 7,3
1nbqk1nr/rpppp2p/p5pb/P7/3PP3/5PpP/1PP1K3/RNBQ1BNR b k - 0 9,0
rn1qkbnr/pbpppp2/1p6/6Pp/2P5/1P3N2/P2PPPP1/RNBQKB1R w KQkq - 1 7,0
rnbqkb1r/pppp1p1p/6n1/4p1p1/1P1P2P1/P4P1P/2P1P1B1/RNBQK1NR b KQkq - 0 7,3
rnbqkb2/1p1pNppr/3n4/p1p2P1p/1P4P1/P7/R1PPP2P/2BQKBNR w Kq - 1 10,3
rnq1kb1r/1p1bppp1/p2p1n2/4N2p/1pPP4/6P1/P3PPBP/RNBQKR2 b Qkq - 3 11,3
rnbqkbr1/2p1pp1p/7n/pp1pP1p1/5Q2/PPP5/1B1P1PPP/RN2KBNR w KQq - 0 12,3
r1bk1b1r/2pqpp1p/pp1p2pn/1n1P2P1/4PP2/1PP4N/P4KBP/RNBQ3R w - - 3 13,0
r1bqkbnr/p1p1p1p1/2n5/1QP2pNp/3p4/6P1/PP1PPP1P/RNBK1B1R b kq - 0 9,2
r1bqk1r1/p1p1ppb1/2np3n/1pP3pp/1P4P1/2N2P2/P2PP1BP/R1BQK1NR b KQq - 0 11,3
rnbqkbnr/p1ppp3/6p1/5p1p/pP6/2P4P/1B1PPPP1/RN1QKBNR w KQkq - 0 6,0
rn1qkbn1/pp2pppr/8/2pp3p/PP4b1/N2P3N/2PKPPPP/R1BQ1B1R w q - 0 7,2
rn2kbnr/p2b1p1p/1ppp1q2/6p1/5P1P/2P5/PP1PPKP1/RNB1NB1R b kq - 1 10,3
1nb1qknr/r1pppp1p/pp5b/6p1/QPPP2P1/5N2/PB2PP1P/RN2KB1R b KQ - 4 9,0
2bq1b1r/rQp1pkpp/n6n/2Pp1p2/3P4/4P3/PP3PPP/RNB1K1NR w - - 2 11,3
r1bq1b1r/1ppkpppp/5n2/p2pPN2/3P2P1/P7/1PP1P2P/1RBQKBNR w K - 1 11,3
1nb1k1nr/rp1q2pp/p1p5/2bp1p2/P4P1P/3P3R/1PP1P1B1/RNBQK1N1 b Qk - 0 11,0
r1b1kbnr/pppqp1pp/6p1/3pn3/6PP/4P3/PPPP1P2/RNB1KBNR w KQkq - 0 6,2
1nbqkb1r/r3pp1p/3p2pn/ppp3P1/8/3P1P2/PPPNP2P/R1BQKBNR b KQk - 1 8,3
1nbqkb1r/r1ppppp1/7n/p6p/1pP5/NP2PN1P/PQ1P1PP1/R1B1KB1R b KQk - 0 8,0
rnq1kbnr/2p1ppp1/1p6/pP1p3p/P1b5/5P2/1BPPP1PP/RN1QKBNR b KQkq - 2 8,3
r1b1kbr1/p2pp2p/nppq3B/5pp1/P2P2nP/N1P4R/1P2PP2/RQ2KBN1 b Qq - 3 11,3
rnb1kb1r/1p1p1pp1/pqPnp2p/8/7P/2N5/PPP1PPP1/R1B1KBNR b KQkq - 0 9,3
r2qkbnr/2pb1pp1/1pB4p/p2pp3/P7/1P2P1PN/1BPP1P1P/RN1QK2R b KQkq - 0 8,3
rnbqkb1r/1pppp1p1/p6n/5p1p/6PP/4PN2/PPPP1P2/RNBQKB1R w KQ - 1 7,3
1r1qkb2/1ppbpppr/p7/7p/4P1n1/N7/PPnPKP1P/R1B2BNR w - - 0 12,2
r2qk1nr/p1p1b1pp/b1nppp2/1B1N4/8/4P3/PPPPQPPP/1RB1K1NR b Kkq - 5 8,3
2bqk1nr/rpppppb1/n5pB/p6p/2PP1P2/8/PP2P1PP/RN1QKBNR w KQk - 1 7,2
rnb1kbr1/p3pp1p/1p3np1/2pP2NP/P4PP1/1q6/2PP4/RNBQKB1R b KQq - 0 13,3
r1bq1b1r/p1pppkp1/np5p/1Q6/2P2p1P/3Pn1PR/PP3P2/RNB1KBN1 b Q - 3 10,3
rn1qkbnr/2p1pp1p/1p6/p4bp1/5P2/2P1PQP1/PP1P3P/RNB1KBNR b KQkq - 2 7,3
rnbq1br1/2ppkpp1/1p2pn2/pN5p/2P3P1/3PBP2/PP2P2P/R2QKBNR w KQ - 0 10,3
r1b1qbnr/ppp1kppp/3p4/4p3/1n1P1P2/P1P4N/1P1QP1PP/RNBK1B1R b - - 0 7,3
1rbqk1nr/p1pn2p1/1p3p2/3Pp1N1/4P3/bP5p/1B1P1PPP/RNQ1KB1R b KQk - 1 12,3
r1bnqbnr/p1pk4/4p1pp/1p1p1p2/Q1P1PP2/3P2P1/PP2K2P/RNB2BNR b - - 0 11,3
rnbqk2r/1pppn2p/7b/p1N1pp2/PP3p2/7P/2PPPKP1/R1BQ1BNR w kq - 1 9,3
rn1q2nr/p2kp1Bp/3p4/2p2p2/8/3b1PPP/P1PPP2R/RN1QKB2 b Q - 1 13,3
rn1qkbn1/1b2p1pr/1p1p1p2/p1p4p/1P1PP2P/2P3P1/P1Q2P2/RNBK1BNR b q - 0 10,3
rnbqkbnr/1ppp1ppp/8/p7/3p2P1/N7/PPP1PP1P/R1BQKBNR w KQkq - 0 6,0
1rb1kbnr/1pp2ppp/3ppq2/p7/4P3/1P1PBP2/P1n1K1PP/RN1Q1BNR w k - 2 9,3
1nb1kbnr/rppq2p1/p3pp2/P2p3p/1P6/3P1PP1/R1P1PK1P/1NBQ1BNR b k - 0 9,0
r2qk1nr/ppp3p1/B7/1N2p2p/3nP1bP/b5P1/PPP1NP2/R1B1K2R b k - 5 13,3
rnbqkbr1/2ppp3/5n2/pp3ppp/2P2B1P/NQ1P1P1N/PPR1P1P1/4KB1R b Kq - 3 11,3
1rb1kbr1/1p1pq1pp/n1p1pp1n/8/1pPPP1P1/8/P3BP1P/RNBQK1NR w KQ - 0 12,0
rnbqkb1r/3pp1pp/5p1n/pQp5/2PP4/N4P2/PP1BP1PP/R3KBNR b KQkq - 1 8,2
r1bq2nr/1ppp1k1p/n3p3/p2P1pbP/P7/6P1/1PP1pP2/RNBQKB1R w K - 0 13,3
r1bqkbnr/ppnp2p1/2p1p2p/4Np2/PPP1P3/6P1/2BP1P1P/RNBQK2R w KQkq - 0 11,3
r1bqk2r/ppp1pnb1/6pp/3pPp1P/1P1P4/NP1K3N/P4PP1/R1BQ1B1R w kq d6 0 13,3
1rbqk1nr/ppBpppbp/8/2pn2p1/3P4/5P1N/PPP1P1PP/RN1QKB1R w KQk - 4 8,3
rnq1kbn1/1p1bpp2/6r1/p2p1p1P/2pPP2P/1P3N2/P1P2P2/R1BQKB1R w Qq - 0 13,3
1r1qkb1r/p1p1pp1p/1p1P2Bn/n5p1/7P/N6b/PPPPNPPR/R1B1K3 w Qk - 6 13,3
r1bqkbnr/ppppp2p/n5p1/8/4P1P1/3P1p2/PPP1QP1P/RNB1KBNR w KQkq - 0 6,3
rnbqk2r/ppp1bppp/7n/3pp3/3P4/PP4PN/2P1PP1P/RNBQKBR1 b Qkq - 4 8,3
r1bqkbnr/2p2ppp/2npp3/pp6/1P1N4/P4P1P/2PPP1P1/RNBQKB1R w KQkq - 0 7,3
r1b1kb1r/p1qppp1p/2p3p1/1pnn4/1BPP2P1/NP3P2/P3P2P/1R1QKBNR b Kkq - 1 10,3
1rbqkbn1/p1ppp3/5p1r/1p4pp/6P1/P2PPN2/1P3PnP/RNBK1B1R w - - 0 13,3
1r3bnr/2p1pkpp/p3b3/1p2np2/3P4/5PB1/PP1N2PP/2R1KBNR b K - 4 13,3
rBbqk1nr/7p/1pp1p3/p2p1pp1/2PP4/NP5P/P2KPPP1/R4BNR b kq - 0 10,3
2bq1b1r/r2Npk2/ppp5/n6p/5P2/P7/RPPPP1BP/1NBQK1R1 w - - 2 13,3
r1bqkb1r/ppppp1pp/5p2/3PNn2/3n4/6P1/PPP1PPB1/RNBQK2R w kq - 0 10,3
r1b1k1nr/pppq2p1/2n1p3/2bp1p1p/1P1PP3/2PQ2P1/PB3P1P/RN2KBNR w KQkq - 3 8,3
rnbqkb1r/2pp4/B1p1pp1p/6P1/4P3/7P/PPPP1KP1/RNB3NR b kq - 0 9,3
r1bq1bnr/2pk1p2/p1np4/1pQPpPpp/8/N3K2P/PPP1P1P1/R1B2BNR b - - 1 13,3
rnb1kb1r/pp1ppppn/8/2p1q3/P6Q/2N2B2/1PPP1PPP/R1BK2NR b kq - 9 10,3
rnbqkbnr/1ppppp2/6p1/6B1/pP1PP2p/5N2/P1P2PPP/RN1QKB1R b KQkq - 1 6,0
rnbqkb1r/1pp1pp1p/p5p1/5n2/2B1pP2/NP6/P1PP2PP/R1BQK1NR b KQkq - 1 7,0
rnb1kb1r/1p1p2pp/p1p1pB2/q7/8/PPPP4/1Q2P1PP/RN1nKBNR w KQkq - 2 10,3
rnb1qrk1/pppp1pp1/4p3/5n1p/2P3P1/P2PP1bP/1P1K1Q2/RNB2BNR w - - 3 12,3
rnbqkb1r/p1pppp1p/5np1/8/1P6/5P1N/RBPPP1PP/1N1QKBR1 b kq - 4 8,0
rnbq1b1r/p1pkpp1p/1p5n/3p4/2P3p1/NP2PP1P/P2PQ1P1/R1B1KBNR b KQ - 1 7,3
r2qkb1r/2p1pp2/1n1p1np1/pp1b2Np/2PPP2P/PP1Q2P1/3N1P2/R1B1KB1R w KQkq - 3 12,3
rnbqk1nr/p1pp1pp1/1p6/1B2p2p/4P3/b7/RPPPKPPP/1NBQ2NR b kq - 1 6,2
rnbqk3/ppppbp1r/4pnp1/3B3p/3P2P1/5N1P/PPP1PP2/RNBQK2R w KQq - 5 9,3
rnbq1knr/6b1/3pp2p/pP2Pp2/1P1p1B2/N6N/2P2PPP/R2K1B1R b - - 1 13,3
rnq3nr/ppp1pk1p/5p1b/3p1bp1/3PN3/4PPPB/PPP1Q2P/R1B1K1NR b KQ - 6 10,3
1nb1kbnr/rp1qp3/p1pp1ppB/7p/2PP4/5NP1/PPK1PP1P/RN2QB1R w k - 2 10,2
rnb1kb2/1pp2ppr/p2p3p/5n1q/1P1Pp1PP/B2N1P2/P1P1P3/RN1QKB1R w KQq - 0 11,3
rnbqkb1r/pp3p2/1P1ppnpp/2p5/4N3/N6P/P1PPPPP1/R1BQKBR1 b Qkq - 0 9,3
rnb1kbnr/3p1ppp/pp2p2N/8/1Pp2qP1/N7/P1PPP2P/R1BQ1BKR b kq - 0 11,3
1rbqkb1r/1pp1pppp/2np3n/p7/7P/2KP3N/PPP1PPP1/RNBQ1B1R w k - 0 6,0
r1bqkbnr/ppn1p1pR/2pp1p2/P5B1/3P4/8/1PP1PPP1/RN1QKBN1 w Qkq - 5 10,3
rnbqkb1r/p2p1ppp/8/2p1pn2/2p2P2/7N/PP1PPKPP/RNBQ1B1R w kq - 2 7,0
1rbqk3/1pppp1br/6pn/p1Q1np2/3P3p/P4P2/1PPBP1PP/RN2KBNR b KQ - 1 12,3
r1b1k1nr/1ppp1p2/p2b4/1B2n1qp/1P2P1p1/N4pPN/P1PP3P/R1BQK2R w kq - 4 13,3
rnb2bnr/pp1p1kpp/2p5/4pq2/3N1P2/P6N/1PPP2PP/R1BQKB1R b KQ - 0 8,3
rnbqk1nr/pppp1p1p/4p2b/5P2/3P2pP/P7/1PP1P1P1/RNBQKBNR w KQkq - 0 7,3
rnb1k1nr/ppppbp2/8/1B2p1pp/5q1P/P1N1P3/1PPP1PP1/R1BQK1NR w KQkq - 3 7,3
1rb1k1nr/p1ppbp2/2n1p1p1/1p5p/2N1PqPP/7B/PPPP1N2/1RBQK2R b Kk - 4 11,3
rn1qkbnr/p3ppp1/b2p3p/1pp4Q/2N1P3/3B3P/PPPP1PPR/R1B1K1N1 w Qkq - 0 8,3
rn4nr/pbpkpp1p/1p1p2pb/3N1q2/P3P3/3P1P2/1PP1B1PP/R1BQK1NR w KQ - 1 10,3
2bqkbnr/1p1ppp1p/r6p/1p3Pn1/1p2P1P1/2N5/P1PP1K1P/R1B3NR b k - 5 11,3
rnb1kbnr/1ppq1pp1/p3p2p/P2p4/8/5PPP/1PPPP3/RNBQKBNR b KQkq - 0 7,0
r1b4r/pp1k1ppp/n1p4n/2bpp3/3P1PPq/1P2P2P/P1PKB3/RNB2QNR b - - 2 11,3
r1bqkbnr/1pppp1p1/p4p2/n7/6pP/NQP5/PP1PPP2/1RB1KBNR b Kkq h3 0 7,3
rnbqk1nr/1p1pp2p/8/1pp2Pp1/P7/2PB1PP1/1P1P3P/R1BQK1bR b KQkq - 0 11,3
rnbqkb1r/p3ppp1/2pp1n2/1p6/5PPp/N1PP3B/PP2P2P/R1BQK1NR w KQkq - 0 7,0
rn1qk1nr/p1p1bp1p/1p6/4p1p1/1P1pP1P1/5P1P/P1PPB1K1/RNBQ2NR w kq - 1 10,2
rBb1k1nr/1p1p3p/1qp3pb/4pp2/p1P4P/1P6/P2PPPPR/RNQ1KBN1 b Qkq - 0 10,3
r1bqkb1r/p2ppp1p/1pn3pn/2p5/3P1P1P/1QP5/PP2P1P1/RNB1KBNR w KQkq - 2 6,3
r1bqkb1r/1ppp1ppp/n3pn2/8/1pP2P1P/P7/3PP1P1/RNBQKBNR w KQkq - 0 6,0
rnbqk2r/3p1p1p/p2n2p1/2p5/Pp6/1P1PP1P1/2P1P1KP/RN1Q1BNR b kq - 0 12,0
r1bqkbnr/2pnpp1p/8/pp1p2pP/P5P1/5N2/1PPPPP2/RNBQKB1R w KQkq - 0 7,3
1r1qk1nr/1pp1bp2/p6p/2npp1p1/P2P2b1/N1P1P3/1PQ2PBP/R1B1K1NR w KQk - 0 11,3
rnbq1b1r/1ppkp2p/p4p1n/3p2pP/2P5/PP5N/3PPPP1/RNBQKB1R w KQ g6 0 7,3
rnbqk2r/pppp2p1/7n/4pp1p/P6P/2bP1P2/1PP1P1PR/R1BQKBN1 w Qkq - 0 7,1
rnbqkbnr/1pp1ppp1/7p/3p2B1/3P3P/p7/PPP1PPP1/RN1QKBNR b KQkq - 1 7,3
r2qkbnr/ppp1p3/n2p4/5bpp/3P1p2/1P1Q1PPN/PBP1P2P/RN2KB1R b KQkq - 2 10,3
r1b1kb1r/p2p1ppp/n3p3/1Pp5/1P1q4/B4N2/P2PP1PP/R2QKBNR w KQkq - 1 13,3
rnbqkbnr/1p1p3p/p2p1pp1/2p3P1/8/5P2/PPPPP2P/R1BQKBNR b KQkq - 0 6,0
2rqkbnr/1bpppp2/p6p/np4p1/4PPQ1/1PNP2PP/PBP5/R1N1KB1R b KQ - 2 12,3
1nbqkbn1/rpp1p2r/3p1p2/p5Np/8/PPP4P/3PPPP1/RNBQKBR1 w Q - 3 8,2
rnbq1bnr/p1p1kp2/3p3p/1p2pP2/1P6/N4NPP/P1PPP3/R1BQKB1R b KQ - 1 9,2
r1bqk1nr/pppp1p2/n3p2p/3P4/PP4p1/N1b2N2/4PPPP/R1BQKB1R w KQkq - 0 10,1
rnbqkbnr/pp2p1pp/3p1p2/2p3N1/2P5/P3P3/1P1P1PPP/RNBQKB1R w KQkq - 0 6,2
rnb1qbnr/p2kpppp/8/1Pp5/2P5/3QpP1N/1P1P2PP/RNB1KB1R b KQ - 1 8,1
r1q1kbnr/pppbpppp/7Q/2np4/5N2/1P2P1PP/P1PP1P2/RNB1KB1R b Qkq - 0 10,3
r1bq3r/pp1kbppp/n2ppn2/2pN2B1/5P1P/1P1P4/P1PQP1P1/R3KBNR b KQ - 2 8,3
r1bqkb1r/pp1pp1p1/2n5/5P1p/P1p1P1n1/3PQP2/1PPK3P/RNB2BNR w kq - 0 10,3
rnb1kbnr/3p1ppp/1p6/pPp1p1q1/4P2P/5P2/P1PPN1P1/RNBQKB1R w KQkq - 1 8,0
r2qkbnr/3npbpp/pp1p4/2p2p2/1PP1PP2/8/PBQP2PP/RN1K1BNR b kq - 0 12,3
2bq1bn1/r1pnpkp1/pp2r3/3P1p1p/3K1P2/PPP5/3PB1PP/RNBQ2NR b - - 0 13,3
r1b1kb1r/pp1pp1p1/n4p1p/2pn4/8/1PP1PN2/P1NP1PPq/R1BQK2R w KQkq - 0 10,2
r2k1bnr/ppp1pppp/3p4/8/2b4P/PQ1P2PR/RP1P1P2/1NBqKBN1 w - - 1 12,1
r1bq1bnr/1ppnp3/p3kp2/3p2pp/P4PP1/1P1PPB1N/2P4P/RNBQKR2 b Q - 1 10,3
r1bqkb1r/p3p3/1ppB2pp/8/2P3n1/3Q1P1N/PP4PP/RN1K1B1R b kq - 1 13,3
1nb1kb1r/rp1q1p2/6pn/p1pppPNp/P3P1P1/1P3K1P/1BPP4/RN1Q1B1R b k - 0 13,3
rnbqkb1r/1ppppp1p/p4n2/6p1/4PPP1/3B4/PPPPK2P/RNBQ2NR w kq - 2 6,3
r1b2k1r/p2p1ppp/q1p1p2n/8/1p4PP/NP2bP2/P1PP4/R1BQK1NR w KQ - 0 13,3
r1b1kbnr/p1pp1p2/n3p1pp/1pP3q1/8/P2P4/1P1BPPPP/RNQ1KBNR b KQkq - 0 8,3
1rbqkb1r/pppppp1p/n5p1/6Q1/1P1P4/2N5/P1PnPPPP/1RB1KBNR w Kk - 0 7,3
rn1qkb1r/ppp1p3/2bp1p1n/P2P2pR/2P5/1P3NP1/3NPP2/1RBQKB2 b kq - 0 13,3
r2qkbnr/p1p1pppp/b1n5/1p1p3P/8/4PPP1/PPPPK1B1/RNBQ2NR b kq - 1 7,0
r3k1n1/p1ppbppr/1pn1p2p/7K/PP1P4/2P2P2/b3P1PP/RNB2BNR b q - 0 11,3
rn2kbnr/1p2pppp/p1p5/3P1b2/6q1/P2P4/1P1NPP1P/R1BQKB1R w KQkq - 0 9,2
rnbqk1r1/1p1p1pB1/2p2n1p/pP2p3/Pb6/3P1N2/2PQPPPP/RN2KBR1 w Qq - 0 13,3
rnb1kbn1/3p2pr/p1p1pp1p/2q5/PpN2P1P/7R/1PPPP1P1/R1BQKBN1 b q - 5 11,3
r1q1kbnr/p2bpppp/nppp4/8/2PP4/PP2B2P/4PPP1/RN1QKBNR b KQkq - 0 7,0
rnb3nr/pp1kp1bp/2p5/3p1pp1/P5P1/1Pq1PP1N/R1QP3P/1NB1KB1R w K - 0 13,3
r1bq2nr/pppk3p/4pppb/n1Pp4/P4P2/3PP3/1P1B2PP/RN1QKBNR w KQ - 0 9,0
rn2kbnr/p1qbp1pp/Qppp4/5p2/3P1P2/1N6/PPP1P1PP/1RB1KBNR w Kkq - 2 11,3
rnbq1bnr/1p1p1kpp/p1p1p3/5p2/1PP4P/P4P2/R2PP1P1/1NBQKBNR b K - 0 7,3
1bbqk1nr/1pp2ppp/1Q1p2r1/p3p3/P1P2PB1/R7/1P1P2PP/1NB1K1NR w Kk - 0 13,3
2bqkb1r/rpp1p1pp/n4p1n/p2P2N1/4P3/2QPB1P1/1P3P1P/RN2KB1R w KQk - 1 12,3
rnbq2nr/ppp3kp/4p3/3p1pp1/1b2P1Q1/3P2PP/PPPNNPR1/1RB1KB2 b - - 4 10,3
r1bqkbnr/2ppp3/1pn2pp1/B6p/6PP/3P1P1B/PPP1P3/RN1QK1NR b KQkq - 0 9,3
rnbqkbnr/6pN/2p2p2/pp2p3/2P5/BP1P4/P3PKPP/RN1Q1B1R w - - 0 11,3
2bqkbnr/1ppnp2p/2r2p2/p5p1/P2p2N1/6PB/RPPPPP1P/1NBQ1RK1 w k - 4 9,0
2r1qbnr/2pkppp1/4b2p/ppnN2N1/6PP/BP3P2/P1PPP3/1R1QKB1R w K - 3 13,3
rnq1kbnr/1pp1p3/p2p1p1p/8/PPPP1pP1/B1N4N/R3P2P/3QKB1R b K - 1 11,2
r2qkb1r/p1n1pppp/Q1p5/1p1p3n/3P1P2/4P3/PPP2NP1/RNB1Kb1R w KQkq - 0 12,3
rn1qkb1r/1p2pp1p/p1ppb1pB/3n4/1P4P1/2NPQ3/P1P1PP1P/R3KBNR w KQkq - 0 8,3
r1b1k1nr/pppp1ppp/2n4q/1Pb1p3/P1P5/3QPP1N/3P2PP/RNB1KB1R b KQkq - 0 9,3
rn2kb1r/2pqp1pp/p2p4/1p3P2/PPP2Pn1/4B3/R1Q3PP/1N2KBNR b Kk - 2 13,3
r1bqk1nr/1pppb1pp/p7/1B3p2/1n3PQ1/6PN/P1Pp1K1P/RN5R b kq - 1 10,3
rn1qkbnr/p2p1ppp/2p1p3/P7/1p6/5PPP/1PPP4/RNBQKBNR b kq - 1 7,0
rnbqkbnr/2p1ppQp/p7/2Pp4/1p6/P6P/1P1PPPP1/RNB1KBNR b KQkq - 0 7,3
rq2kbnr/pppbpp2/2np3p/6p1/PP2P3/N4PPP/2PP4/1RBQKBNR b Kkq - 1 8,3
rnb1q1nr/2ppp1kp/pp4p1/5p2/2P5/P2PP1PN/RP2P2P/1NBQKB1R w K - 4 10,0
rn2k1nr/3p1p2/b1pbp1pp/p7/P2q4/1PPPB1P1/3NPP2/R2QKBNR b KQq - 2 13,3
rn2kbr1/ppp1pppp/7n/3p4/4P1PP/P2P1Nqb/RPP2P1R/1NBQKB2 b q - 0 8,3
1nbqkbnr/3pp3/p1Q2ppp/P1P5/4P3/Rp3N2/1PP2PPP/1NB1KB1R w Kk - 0 13,3
rnbqkb1r/3ppp1p/8/ppp3p1/1P1Pn3/N3P1PB/PBP2P1P/1RQ1K1NR b Kkq - 1 11,3
rnb1k1nr/pp1pp3/5pQb/1qp5/2NP3p/2P1PN1P/PP2BPP1/R1B1K2R b KQkq - 0 10,1
r1bqk2r/2pp1p2/1pn2n2/pN2p1Bp/1b1P4/5PP1/PPP1P2P/R2QKB1R w KQkq - 1 13,1
r1bqkbnr/p1pp3p/4pp2/1p2n1p1/4PP2/P1PB4/1P1P1KPP/RNBQ2NR w kq - 0 7,3
1nbqkb1r/rpppp2p/p4p1n/5Bp1/P3P3/1P6/2PP1PPP/RNBQK1NR b KQk - 0 6,0
r1bq1bnr/1ppkp3/p7/3p1ppp/1P4P1/N1PP1P1P/P2B1P2/R2QKB1R w KQ - 0 13,3
r2qkb1r/p1p1pp2/2np1n2/1p4Pp/7P/4P2N/PPPP2P1/RNBQKB2 b Qkq - 0 8,3
rnb1k3/ppppqp1p/B3p2n/2b3r1/3PP3/1PP5/PQ1B1P1P/RN2K2R w KQq - 2 13,3
r1bq3r/p1pk1p1p/1p2pn1b/n5p1/7P/P1P4N/RP1PPPP1/1NB1KB1R b K - 4 9,0
r2qkbnr/3p1pp1/pp6/1Qp1p2p/P1P5/1P2PP2/3P2bP/RNB1KBNR b KQkq - 0 11,3
rnb1k1nr/1ppp1pp1/4pq1p/p1b3N1/PPP5/6P1/3PPP1P/RNBQKB1R b KQkq - 0 7,3
1n1q1b1r/rpp1kp1Q/p2p4/4p1pp/4P3/P6b/1PPP1PPP/RNB1KBNR w KQ - 1 9,3
r2qkb1r/pppbpppp/n4n2/8/3p4/P1N1PN2/1PPPBPPP/R1BQK2R w KQkq - 2 6,3
r2qkb1r/ppp3pp/n2ppp1n/8/1PB1P1b1/2P2Q2/P2P1PPP/RNB1K1NR b KQkq - 3 7,3
rnbqkbnr/p2p2pp/1p2pp2/2p5/5PP1/NPP2N2/P2PP2P/R1BQKB1R b KQkq - 0 7,0
rnb1kb1r/pp2qp1p/2pppn2/6p1/N7/PP4PP/2PPPP2/R1BQKBNR w KQkq - 0 7,0
1nbqkbnr/r2p1p2/ppp1p2p/6pP/1B1P4/7R/PPP1PPP1/RN1QKBN1 w Qk - 0 8,2
1nbqkb1r/r2pnp1p/6p1/ppp1p3/1P4PP/P3P3/2PPQP2/RNB1KBNR w Qk - 2 11,3
rnbqk1nr/1ppp3p/1P2p3/p5p1/1bP2p1P/P5P1/3PPP2/RNBQKBNR b KQkq - 0 7,3
rnb1kbnr/3p2p1/2p4p/pp1Np3/2P2p1q/1P2P1PN/P2P1P1P/R1BQKBR1 w Qkq - 2 9,3
rnb1kb1r/p1pq1ppp/p4n2/3pp3/4P1PP/N7/PPPP1P2/R1BQK1NR b KQkq - 0 6,3
1rq1kbn1/pbpp1p2/2n1p2r/6pp/1p2PPPP/3R4/PPPPN3/R1BQKBN1 b Q - 3 12,3
rnbqkbnr/ppp1p2p/8/3p1pp1/P7/N1P4N/RPQPPPPP/2B1KB1R b Kkq - 5 6,2
1nbqk1r1/rp1p1ppp/2pb1n2/p3p3/6P1/NPPP3P/P3PPB1/R1BQK1NR b KQ - 0 9,3
rnb1kbn1/1ppp2pr/p3pq2/5p1p/2P1P2P/5P2/PP1P1NP1/RNBQKBR1 w Qq - 3 8,2
rnbqkbnr/4pp1p/pp1p4/2p3p1/3P1P2/1P4PN/P1P1P2P/RNBQKB1R w KQkq - 0 6,3
r1b1kbnr/pp1pppp1/n1p5/5B1p/3N1q2/NP2P1P1/P1PP3P/1RBQK2R b Kkq - 1 10,3
2bqkb1r/rp1ppp2/Q4npp/2p4P/2P1P1n1/PP6/3P1PP1/RNB1KBNR b KQk - 0 10,3
r2qkbnr/p2ppppp/b1p4B/3N4/Pnp5/2RP4/1P2PPPP/3QKBNR b Kkq - 1 9,3
1rbqkbr1/ppppnppp/5n2/4p2P/4PP2/P2P4/1PPB2P1/RN1QKBNR b KQ - 0 7,3
rn2kbnr/p1qppp2/b6p/2p3p1/1pP1P1B1/6P1/PPQP1P1P/RNB1K1NR w KQkq - 0 8,0
rnbqkbnr/pp1p1p2/2p3p1/7p/2PPpP2/N4N1P/PP2P1P1/R1BQKB1R b KQkq d3 0 6,3
r1bqkbnr/1pp2pp1/p1npp2p/8/P4PP1/3P4/1PPNP2P/R1BQKBNR b KQkq - 0 6,0
r2qkb2/1p3p1r/n2ppn2/2pP2pp/p1P5/P3PP1b/1P1Q1KPP/1RB2BNR b q - 1 13,3
1r1qkbnr/pb1pppp1/npp5/1P5p/7P/N3P3/PBPPKPP1/R2Q1BNR w k - 5 8,3
rnbqkbnr/ppp1p2p/Q5p1/3p1p2/3P4/P1N5/1PP1PPPP/R1B1KBNR b KQkq - 4 6,0
1rb1k1nr/ppq1bppp/5n2/2ppp1B1/PP1PP3/2P2P1P/1Q4P1/RN2KBNR w KQk - 3 12,3
2rqkbnr/1pp1ppp1/2n4p/p7/4p1Q1/7N/PPPP1PPP/RNB1KR2 b Qk - 1 7,2
rnbk3r/p2qppb1/1p3np1/2pB3p/4pP2/1PN3PN/P1PP2QP/R1B1K1R1 b Q - 7 12,3
rnbqk3/pB1pn1p1/3bpp1r/1pp4p/1P3PP1/2N4N/P1PPPK1P/R1BQ1R2 b q - 3 9,3
rnbqkbnr/p3ppp1/2p5/1p1P3p/8/1P5N/P1QPPPPP/RNB1KB1R w KQkq - 0 6,2
rnbq1kr1/ppp1pp1p/3p1n1b/6p1/1Q1PP2P/8/PPP1BPP1/RNB1K1NR b KQ - 1 7,3
rnb1kbnr/p2p1p1p/1p3Pp1/4p3/q1p3P1/1P5N/P1PPP2P/RNBQKB1R b kq - 0 9,3
rnbqkb1r/2pppp1p/pp1N2p1/8/6nP/P4N2/1PPPPPP1/R1BQKB1R b KQkq - 1 6,1
rn2k1nr/1p1qpp1p/p2pb2b/3p2p1/7P/P3PPPN/1PPP4/1RBQKB1R b Kkq - 2 10,3
r1b1nb1r/pp1q1ppp/4k3/n1Q1p3/2B1p1P1/PP6/2PP1P1P/RNB1K1NR b KQ - 2 12,1
rnbqkbr1/pppp1p1p/4pn1Q/1P4p1/4P3/8/P1PPKPPP/RNB2BNR w q - 7 7,3
rnbqkbr1/ppppp3/8/3n2pp/1P3P2/PQP1P3/3P1P1P/RNB1KBNR w KQq - 0 8,3
r1bq1k1r/ppppnpp1/2n5/2b1p1Bp/2P5/3P1N1P/PP2PPP1/RN1QKB1R w KQ - 3 7,3
r1b1k1nr/ppppqppp/2n1p3/8/Q1P2bP1/P6P/1P1PP3/RNB1KBNR b KQkq - 1 6,3
r1bk1bn1/1q1np1pr/1ppp1p1Q/p6p/PP2P3/7N/N1PP1PPP/1RB1KB1R b K - 4 12,3
r1bq1bnr/pppkpppp/8/3p4/4P3/1PPP1P2/3K2PP/RNBQ1BNR b - - 0 8,2
rn1qkb1r/1pp2pp1/p2pp2p/3n1b1Q/4PN2/3P4/PPP2PPP/R1B1KB1R b KQkq - 3 8,3
rnb1kb1r/1ppp2p1/3qpn2/p2P1p1p/P6P/N1P2P2/1P1BP1P1/R1Q1KBNR w KQ - 9 13,2
2rqkb1r/pppnp1pp/3p3n/P4p2/7P/2Nb4/1PPPNP2/R1BQKB1R w Kk - 4 11,0
r2qkbnr/pb1ppp1p/np4p1/Q1p5/5P2/P2PP3/1PP3PP/RNB1KBNR w KQkq - 5 8,3
r1q1kbnr/1pp1p1p1/p3b2p/5p2/2P5/PP1nPP1N/5KPP/RNB2B1R w kq - 0 12,1
rnbqk1nr/1ppp4/7p/p3p3/1bP1Ppp1/N2P1N2/PP2KPPP/R1BQ1B1R b kq - 0 9,3
1rbqk2r/p1ppb1pp/1pn4n/4pp2/1PP5/NQ2P2P/P2P1PPR/R1BK1BN1 b k - 2 8,0
rnbqkb1r/2p2p1N/5np1/p2pP3/2p4P/6P1/3PP2R/RNBQKB2 b Qkq - 0 13,3
r1b1kbnr/pppp1p2/n4qp1/4p2p/1PP5/N2P3P/P2KPPPR/R1BQ1BN1 b kq - 1 7,3
r1b1kb1r/pp3pp1/n4n1p/2pp2q1/PPPP1p2/R3P1PN/7P/1NBQKB1R b Kkq - 0 11,3
rn1qkbnr/p1p2p1p/3pp1p1/1p3b2/8/4PBP1/PPPPKP1P/RNB2QNR b kq - 1 6,2
r1b1nb1r/pp3ppp/3qk2n/B1ppp1P1/QP1P1P2/P1P5/4P2P/RN2KBNR w KQ - 1 12,3
Qnbqkb1r/3ppp1p/p5p1/1pp3P1/2P2P2/3PP2B/PP5P/RNB1K1NR w KQk - 0 10,3
1nbqk1nr/rppp1pp1/3b4/p2Pp2P/P3P3/4B3/1PPK1P1P/RNQ2BNR b k - 0 11,2
rnbqkb1r/2ppp3/pp5n/5pp1/4P1Pp/1P5P/P1PP1P2/RNBQKBNR w KQkq - 0 9,3
r1bqkb1r/pp2pp2/2n2np1/1B2p3/1P2P1p1/P7/2PP1P1P/RNB1K2R w KQkq - 1 12,2
rn1qkbnr/2pbp1pp/1p1p4/pN3p2/8/2PP3P/PP2PPP1/R1BQKBNR b KQkq - 2 7,0
rn1qkb1r/4pppp/Bp6/p1pb1n2/P2p4/R1PQP1PP/1P1P1P2/1NB1K1NR w Kkq - 1 12,3
r1bq2n1/p2pbkpr/2n1p3/1pp4p/4NpPP/4PQ1R/PPPP1P2/1RB1KBN1 w - - 2 12,3
rnbqk2r/1pp2p1p/4pn2/p2p2p1/2P1B1P1/b7/P2PPP1P/RN1QK1NR b KQkq - 1 9,3
rnq1kbnr/2pp2p1/1p2pp2/p2b3p/NP6/2P2PP1/PB1PP2P/R2QKBNR w KQkq - 0 11,3
r1bq1bnr/1ppQpkp1/2n4p/pB3p2/4PN2/N7/PPPP1PPP/R1B1K2R b KQ - 1 9,3
rnbqkb1r/1pp2n1p/3ppp2/p5p1/P4PPP/8/RPPPP3/1NBQKBNR w Kkq - 2 8,2
rn1qkb2/pb3prp/1p1p2p1/1NB1PQ2/8/P6N/1PP1PPPP/R3KB1R b KQq - 0 13,3
rn1qkb2/p1p1ppp1/5n1r/1p1p3p/2P2PbP/4P3/PP1P4/RNBQKBNR w KQq - 0 7,3
r1b1kbnr/4p2p/ppp2pp1/q1Npn1Q1/4PPP1/2P4N/PP1PB2P/R1BK3R w k - 0 13,3
rn1qkbnr/1pp1pp1p/p7/5bpQ/2PpP3/1P1B3N/P2P1PPP/RNB1K2R b KQkq - 0 7,3
r1bqkb1r/3pn1pp/npp5/p2Pp3/PBP5/1P3P2/4PP1P/RNQ1KBNR b KQkq - 0 10,3
rnb1kbnr/1pppqp1p/4p1p1/p7/2QP4/5P1P/PPPNP1P1/R1B1KBNR w KQkq - 2 7,3
rnb1k1nr/p2pq2p/2p5/1B2ppp1/Pb4P1/2P1PP2/1P1P1K1P/RNBQ2NR b kq - 2 8,3
rnb1kb1r/p2p3n/1p3ppp/1Qp1p3/2P1P3/P5P1/RP1P2PP/1NBNKB1R w Kkq - 0 11,3
r1bqkbr1/p3ppp1/n1p5/1p1p4/QPPPP2p/5N2/P2B1PPP/RN2KBR1 w Qq - 0 10,3
rn1qkbnr/p1p1pppp/3pb3/8/8/P1pPP1P1/1PP2P1P/R1BQKBNR w KQkq - 1 6,0
r1b1kb1r/pp1q1ppp/n3pn2/3p4/P1p1PPQ1/1P1P4/2P3PP/RNBK1BNR b kq - 1 8,3
r3kbn1/1pnqppr1/4b2p/p2p4/PP1P1p1P/7N/2PBP1PR/1R1QKB2 b q - 1 13,3
rnb1kbnr/p2p1p1p/1pB5/2p1p3/7p/1P2PP1P/P1PPQ3/RNB1K1NR w KQkq - 0 10,3
r1bk1b1r/pp1n2pp/1q1p1p1B/2P4P/2P3n1/7R/PP2PPP1/RN2KBN1 b Q - 2 10,3
rnbqkb1r/1pppp1pp/8/3n1p2/p1P4P/1P1PP2Q/P2K1PP1/R1BN1BNR b kq - 1 10,3
r3kbnr/p2ppN1p/b1n5/qpp2pp1/Q5P1/N1PBP3/PP1P1P1P/R1B1K2R b KQkq - 5 10,3
rnb1k2r/1ppp1ppp/5q2/p1b1p3/3P1PnQ/NPP1B2P/P2KP1P1/R4BNR b kq - 3 13,3
rn1qkbnr/1pp1ppp1/3p4/1p3bNp/4P2P/8/PPPP1PP1/RNBQK2R w KQkq - 0 6,3
rnbqk1n1/2p1bppr/3p4/pp2p2p/2P1P2P/1P1P1P2/P1B2KP1/RNBQ2NR b q - 0 9,3
rnb1k1nr/1p2bppp/p1p1p3/q2P4/8/3P3P/PP2PPP1/RNBK1BNR w kq - 1 8,3
rnb1kbnr/1pp1pp1p/p2p2p1/1N3N2/8/3P1PP1/RPP1P1RP/2BQKB2 b k - 0 13,3
rnbqkb1r/1pppp1pp/5p1n/p7/2P5/N5PN/PP1PPP1P/R1BQKB1R b KQkq - 0 6,0
rn1qkb1r/p1p1pppp/bp6/2Pp2Pn/8/BP5N/P2PPP1P/RN1QKB1R w KQkq d6 0 8,0
rnbqk2r/1pppn1pp/p2b1p2/4p3/P5P1/N1PP4/RP1QPP1P/2B1KBNR w Kk - 0 10,0
rn1qkbnr/1b2p1p1/3p1p1p/pp6/2PpPP2/1P1Q2P1/P5BP/RNB1K1NR b KQkq - 1 10,3
rnbqk1n1/3pbp2/pp2B2r/P1p3p1/6Pp/4PPR1/1PPP1N1P/RNBQK3 b Qq - 0 13,3
rn2kbn1/pp2ppp1/1r6/2p5/P1P1pPP1/7N/1B1PP2P/RN1K1B1R b q f3 0 10,0
rnbk2nr/3pp2p/p5pb/q1P2p2/p1P1P1P1/5P1P/PP1B1K2/RN3BNR b - - 0 11,3
2bqkb1r/1rp1pppp/p6n/1N1p1P2/1n1P4/8/P1P1PKPP/1RBQ1BNR b k - 0 12,3
rnbqkbnr/ppp3p1/4pp2/3p4/P1P2PPp/4P2N/1P1P3P/RNBQKB1R b KQkq - 0 6,0
2bqkb1r/2p1p2p/rnn4p/3p4/pp6/NQP2PP1/PP1PP2P/1RB1KB1R b Kk - 1 12,3
r1b1kb2/1pnpppp1/5n1r/p1p4p/1Pq3P1/N1PPP2B/P3KP1P/R1BQ2NR w q - 0 11,3
r1b1qbnr/pp2pk1p/2n2p2/2pp1Pp1/2P5/NP6/P1QPPKPP/1RB2BNR b - - 2 8,3
r1b2bnr/p1ppq1pp/np2pk2/5p2/1PPP4/N6N/P2KPPPP/R1BQ1BR1 w - - 5 8,2
1n1qkb1r/r2ppppp/bp5n/1Np5/p1P1P3/1P3N1P/P2PQPP1/R1B1KB1R w KQk - 3 9,3
rnbqk2r/pp1p1ppp/2pbpn2/8/4P1P1/N1P5/PP1PNP1P/R1BQKB1R b KQkq - 2 6,3
rnbqkb1r/ppp2ppn/3p3p/4p3/8/N2P1P1N/PPPBP1PP/R2QKB1R w KQkq - 0 6,0
rnb1kbn1/2pq4/p2p1p1r/PN2p1pp/1P1P3P/R5P1/2PNPP2/2BQKB1R b Kq - 3 11,3
r2q1bnr/pbpp2kp/np6/2N1ppp1/P2NP3/2PP3P/1PQ2PP1/R1B1KB1R b KQ - 0 11,3
r2qkbnr/2p1pp2/np1p3B/p5p1/bP1P2P1/5N1P/R1P1PP2/1N1QKB1R b Kkq - 1 9,3
rnb1kb1r/1p1q2pp/p1p2p1n/4p3/2PP4/1PB1pP1N/P2N1KPP/R2Q1B1R w kq - 0 11,1
r1bqkbnr/p1ppp2p/np4p1/1P3p2/8/4P2N/P1PP1PPP/RNBQKB1R w KQk - 0 7,0
rnbqk1r1/1pp2p1p/3pp3/p5b1/6pB/1PPP1PPP/P3P3/RN1QKBNR w KQq - 3 12,3
rnbqkbnr/1p1p2pp/2p2p2/p2Np3/8/2PPP3/PP1Q1PPP/R1B1KBNR b KQkq - 1 6,0
rnbqk1nr/pp2pp2/3p3b/2p3p1/2P1P2p/2NPBN2/PP3PPP/R2QKB1R w KQkq - 0 7,3
rnb2bnr/pp3ppp/2q1kP2/2ppp3/1P6/P1N4P/2PPP1P1/R1BQKBNR w KQ - 1 8,3
rnb1kbnr/1p1ppp2/1Bpq2p1/7p/N2P1P1P/8/PPP1P1P1/R2QKBNR w KQq - 1 11,2
rnbq1b1r/pp1p1kp1/4ppn1/7p/PpPP1P2/2N4N/RB2PKPP/2Q2B1R w - - 6 13,3
r1bqk1nr/p1pp2p1/np3p2/2b1p2p/3PP3/5PPN/PPPN3P/R1BQKB1R b Qkq - 1 8,3
2bqkbn1/r1ppp1p1/6r1/ppn2p1p/3P1P2/BP4PP/P1PQPK2/RN3B1R b - - 2 12,3
r2qkb1r/2p1np1p/n7/pp1pp1p1/PP1NP1b1/N1P5/3PQPP1/R1B1KB1R b Kkq - 2 11,3
rnbq1k1r/pppp4/3bp2p/5pBn/P7/2PPPNPN/1P3P1P/R2QKBR1 w Q - 1 12,3
rn1qk2r/pb2bp1p/2p2npP/1p6/2pp2P1/PP2B3/2Q1PP1R/RN1K1BN1 b kq - 1 12,3
rnbqkbnr/pp1pp2p/8/2p2pp1/2P2P2/NP1P2P1/P3P2P/R1BQKBNR w KQkq - 3 7,0
rnbqkbnr/1ppp1p1p/p3p1p1/8/P7/1PN2PP1/2PPP2P/R1BQKBNR w KQkq - 0 6,0
rnbq2nr/1p2pk1p/p1pp3b/5pp1/P1P5/1P1P3P/1B2PPP1/RN1QKBNR w KQ - 1 10,0
r1bqkbnr/1p1pppp1/2n5/p6p/1Pp5/P4P2/1BPPPKPP/RN1Q1BNR w kq - 2 6,3
r1bqkb1r/ppp1p1pp/n2p1p2/8/3PPPn1/8/PPP1B1PP/RNBQ1KNR w kq - 1 6,3
rnb2knr/p1pp3p/1p6/7p/2P2p1q/N1b2PP1/P2PK2P/R1BQ1B1R b - - 2 13,3
rnbqkbr1/pp1pp2p/5pp1/1Np5/P3n3/5NP1/1PPPPP1P/R1BQKB1R w KQq - 0 7,0
rnbqkb1r/pppp3p/4ppp1/8/1P3Pn1/3P4/P1P1P1PP/RNBQKBNR w KQkq - 0 6,2
rnNq1kn1/p1p4r/1p6/2bp1pRP/5p2/5P2/PPPPP2P/R1BQKB2 w Q - 0 12,3
r1bk1bnr/pp2p1pp/n7/1NppN3/qP1P2pP/7B/P1P1PP2/R1BQK2R w KQ - 2 10,3
rnbqk2r/p5pp/1pp2p1n/2bp4/P1PPp2P/1P4P1/Q3PP2/RNB1KBNR b KQkq d3 0 9,3
r1bq1knr/ppbp4/n1p1pp2/3N2Pp/B3P3/6PP/PPPP4/R1BQK1NR w KQ - 5 11,3
1nbqkbnr/rppp3p/6p1/p3pp2/Q5PP/2P4N/PP1PPP2/RNB1KB1R w KQk - 0 7,3
r1b1kbnr/pp3pp1/2n1p2p/2pp4/P3P2P/3B4/1PPP1PP1/RNBQ1KR1 b kq - 1 11,0
r1bqkb1r/ppp1p1p1/2np4/5pNp/1P4n1/NR3P2/P1PPP1PP/2BQKB1R w Kkq - 2 9,0
1nbqkbn1/r1p4r/pP1Np2p/5pp1/1PB1P3/8/2PP1PPP/R1BQK1NR b KQ - 0 10,1
rnbq1bnr/1p1kp1pp/p2p4/2p5/1PPP1p2/3Q4/P2NPPPP/R1B1KBNR w KQ - 0 8,3
rn1qkb1r/pbpp1ppp/4p2n/8/1p2P3/5P1N/PPPP1QPP/RNBK1B1R b kq - 1 6,0
rn2k1nr/p1p1qpp1/1p1bp2p/1P1p4/P3PP1P/2Pb4/3P2P1/RNBQK1NR w KQkq - 0 10,2
2bqkbn1/rp1pppp1/n7/p1p4r/B6N/1P2P2p/P1PP1PPP/RNBQK2R w KQ - 4 9,3
r1bqk2r/pppp1pp1/2nbpn1p/8/5N2/P3P3/RPP2PPP/1NBQKB1R w Kkq - 3 9,3
rn1qkb1r/ppp1pppp/3p1n2/8/1P1P1P2/Pb6/2P1P1PP/RNBQKBNR w KQkq - 1 6,0
rn1qkbnr/p2ppp2/b6p/1pp3p1/5B2/2NP1N2/PPP1PPPP/R2QKB1R w KQkq - 0 6,3
r1b1kbnr/pp1p1pp1/2p1p3/q6p/1nPP4/2N1B1P1/PP1QPP1P/R3KBNR b KQkq - 2 8,0
rnbq1b1r/2pp1k1p/B6n/1p2pp2/PP2PPpP/2P5/3P2P1/RNBQK1NR w K - 0 12,3
r2qkbr1/pbp1p1pp/np3p1n/1N6/P1PpP1P1/1Q5P/1P1PKP2/R1B2BNR b q - 1 10,3
rnb2b1r/ppqkp2p/3p2Q1/2pn1p2/2P1PP2/N5PP/PP1P3R/R1B1KBN1 w Q - 1 10,3
rnb1qb1r/p1pp2pp/5n1Q/1p1k1p2/4pP1P/1P1PP3/P1P1K1P1/RNB2BNR b - - 4 10,3
2bqkb1r/1ppp1n1p/np2p1p1/rPP2p2/P6P/3P4/4PPP1/RNBQKBN1 b Qk - 0 11,3
rn1qk2r/1bpp2bp/pp3ppn/4p3/2QP1P2/1P2B2P/P1P1P1P1/RN1K1BNR w kq - 0 9,3
r1b1kb1r/p2pp1pp/2n2p1n/1Np1Q3/2P3P1/4q3/PP3PBP/R1B2KNR w kq - 0 13,3
rn1qkbnr/ppp1pbpp/8/1P3p2/2p5/N2P2PN/P3PP1P/1RBQKB1R b Kkq - 0 8,0
1r1qkbnr/ppp1p1p1/2np4/7p/1P1PpP1P/2B4P/P1P1N3/RN1QKB1R w KQk - 0 10,0
1nbqkb1r/2pppp1p/4r1p1/pp2N3/1P1P1Pn1/N7/P1PQP2P/R1BK1B1R b k - 0 10,3
rn3b1r/pppk1pp1/3Bp1np/5P2/b2qP3/1P1B3N/P1PP2PP/RN1QK2R b KQ - 2 12,3
r1bqkbnr/2p1p1p1/1p5p/p2pPpP1/2Qn4/P4P2/1PPP1K1P/RNB2BNR w - - 0 10,3
r1b1kbNr/p2ppp1p/6p1/4n3/Pp6/Bp1q1P1P/R1P1P1P1/1N1QKB1R b Kkq - 1 12,3
r1bnk1nr/pp1p1pp1/3b2qp/2p1p3/P1P5/1P2P1PP/R1BP1P2/1NBQK1NR b Kkq - 3 9,3
r1b2bnr/pn1qp1pp/4k3/1pppNp2/P2P1P2/6PP/NPP1P3/R1BQKB1R w KQ - 0 12,3
1nbqkb1r/1Qpp2pp/7n/2PNp3/r7/p6P/PP1PPPP1/R1B1KBNR w KQ - 1 12,3
rnb1k1nr/pp1p1p1p/6p1/2p1p1b1/1P2P3/2P2K2/qB1P1PPP/RN2QBNR b kq - 0 9,3
2b2bnr/r1p1k1pp/np3p2/p2pp3/P3P3/2NPKN2/1PP1BPPP/R2Q3R b - - 1 11,2
r1bqkb1r/pppppp1p/5np1/8/P1P3PP/5P2/1PQPn3/RNB1KBNR w KQkq - 1 8,3
rnbqk1nr/pp1p1p1p/4p1p1/2p5/P2P4/4BPKN/1bP1P1PP/RN1Q1B1R b kq - 1 7,3
rnb1kbnr/1p1p1ppp/2p1p3/pP1q4/P1PP2P1/8/3KPP1P/RNBQ1BNR b kq - 0 9,3
r1bqkb1r/pppp3p/3B3n/4ppp1/1P6/4PN2/P1PP1PPP/RN1QKB1R b KQkq - 1 8,2
rn2k1nr/pbqpb3/1pp1p2p/5pp1/P4P2/2NPP1P1/1PP1N2P/1RBQKB1R w Kkq - 1 12,0
r1bqkbnr/ppp2p2/2npp2p/6p1/P1P3P1/1PN1P3/3P1P1P/R1BQKBNR b KQkq - 1 6,0
rn1q1bnr/2p2kpp/2bp1p2/pp2p3/P2P2PN/1PP1P3/4KP1P/RNBQ1B1R b - - 1 13,3
r1bqkbnr/1ppp1p2/2n3p1/3Pp2p/p1P1PP2/8/PPK3PP/RNBQ1BNR b kq - 0 7,3
rnbqk1nr/pp5p/3p1p1b/2p1p1p1/2PP1P2/2N4P/PP2PKP1/R1BQ1BNR w kq - 0 7,3
Q1bk2nr/1pp3pp/2nbpp2/1P1p4/2PP4/q4P1P/P3P1P1/RNBK1BNR b - - 0 12,3
r1b1kb1r/ppppn2p/8/2N2pqP/1n2Ppp1/3P4/PPP3PR/R1BQKBN1 w Qkq - 1 10,3
r1b1k1nr/pp1pqpb1/n3p1p1/1Np4p/1PP2NP1/P3P3/3P1P1P/R1BQKB1R b KQkq - 4 12,3
r1b1qb1r/1ppkpp1p/pQnp2p1/8/P4Pn1/2P3N1/1P1PP1PP/1RB1KBNR b K - 2 13,3
r1b2kr1/p1ppqp1p/n2b2p1/1B2p1Pn/QP6/N1P2P1N/P2PP2P/R1B1K2R b KQ - 0 13,3
r1b1k1nr/1ppp1p1p/8/p1b1PqB1/P4P1P/8/nP1NP1P1/2RQKBNR b Kkq - 2 11,3
r1bqkbnr/ppp1p1p1/n4p2/3p3p/P5P1/R1P2P2/1P1PP1BP/1NBQ1KNR b kq - 1 7,0
rn1qkbr1/p3pppp/bp1p1n2/2p5/1B3PQ1/3PP3/PPP3PP/RNN1KB1R b KQq - 5 8,3
rn1q1bnr/p2k4/1p1p3p/2p1pPp1/1PP5/5P2/P2P2PP/RNB1KBNR b KQ - 0 10,0
1rbqkbnr/pppp3p/n7/4pp2/1P4p1/N2PB2N/P1P1PPPP/R2QKBR1 b Qk - 3 7,3
rnb1kb1r/pppp1n1p/4pq2/P4pp1/1P5P/2R5/N1PPPPP1/R1BQKBN1 w Qkq - 1 9,3
rnb1k1nr/2p1bppp/pp1pp3/1q2N3/Q2P3P/2P5/PP1NPPP1/R1B1KB1R w KQ - 4 10,3
r1bqkb1r/ppnppppp/5n2/2p5/PP6/8/1RPPPPPP/1NBQKBNR b Kkq - 5 6,2
1r1q1bnr/1bpkp1p1/1p3p2/p1Pp2Np/P2B3P/6P1/2NPPP2/R2QKBR1 b Q - 0 13,3
rn2kbn1/p1pbpp1r/7p/1p3q2/P3p1p1/1RP3PP/1P1P1P2/1NBQ1KNR w q - 0 12,3
1rbqkb1r/pp1p1ppp/B6n/2p1p3/7P/1P2PK2/P1PP1PP1/RNBQ2NR b k - 0 6,3
r2qk2r/n1pb1pbp/1p2p1pn/p2p4/5PPP/3PP2R/PPP1B3/RNBQK1N1 w Qkq - 0 11,0
r1bqkb1r/p2pp1pp/n6n/2p2p2/P1p3P1/RP1P4/4PP1P/1NBQKBNR w Kkq - 0 8,3
rnbq2n1/ppp2ppr/3ppk1p/4N2P/3P1b2/1P1QPP1R/P1P3P1/R1B1KBN1 b Q - 2 11,3
2b1k1nr/rpp1p2p/p5qb/5pp1/P2P2P1/NPPP1P2/R2K3P/2BQ1BNR w k - 1 13,0
rnbqk1nr/p2pp2p/1pp2p1b/2P3p1/5PP1/PP6/3PP2P/RNBQKBNR b KQkq - 0 6,3
1rbq1b1r/pp1pp1pp/5p1n/2pk2N1/1n6/N3P1P1/P1PPKP1P/R1BQ1B1R w - - 0 10,2
r1b1k1nQ/1p1p1pb1/nqp5/p3p3/1P2PPp1/6PP/P1PP4/RNB1KBNR b KQq - 0 13,3
r1bqkbnr/pn1p1pp1/1p5p/2pNp2B/PP2P3/7P/2PP1PPR/R1BQK1N1 b Qkq - 0 10,0
r1b1k1nr/3p1p1p/p1n1p1p1/2p5/q6P/2N1PKP1/1PPb1P2/1RBQ1BNR w kq - 0 13,3
1rbqkb1r/1ppppppp/7n/P7/3n2PP/8/P1PPPP1N/RNBQKB1R b KQk - 0 6,3
rn2kb1r/pp2pppp/2p5/3p1b2/P2P1qn1/RP2PN2/2PK2PP/1NBQ1B1R w kq - 0 9,0
1rbqk3/1ppp3r/3b3p/p1B2pp1/P2n4/1P3N1P/R1PNPPP1/3QKB1R b K - 0 12,3
rn2k1r1/3b1pbp/1pqp3n/p1p1B1p1/1PP1P3/N2P3N/P2Q1PPP/1R2KB1R w Kq - 3 13,3
rn1qkbnr/ppp1p3/5pp1/3p3Q/4P2P/N6b/PPPP1PP1/R1B1KBNR w KQkq - 0 7,3
rn1qkb1r/p1p1pppp/4b2n/1p6/3p1PPP/2P5/PP1PPK2/RNBQ1BNR b kq - 0 6,3
1nbqkb1r/1pp1pp1p/r7/p5p1/4n3/N1P4P/PP1PPPP1/R1B1KBNR b KQk - 1 7,3
r1bk1bnr/1p1ppppp/2n5/p5P1/2p1P2P/1q3P1B/PPPPQ3/RNB1K1NR w KQ - 5 10,3
rnb1kbnr/p1ppq2p/4pp2/1p6/N4Pp1/3PP1PB/PPP1N2P/R1BQK2R b KQkq - 1 8,3
rnbq1b1r/pppp1kpp/2n4P/8/4p3/PPP1p3/3PNPP1/RNBQKB1R w KQ - 0 9,3
rn2kb1r/1bp1pppp/pp3n2/5PP1/q2p3N/2P5/1P1PP2P/RNBQKB1R w KQkq - 0 10,3
rnbq1b1r/1ppppk1p/5n2/pB6/1P1Pp3/1N4p1/P1P1NPPP/R1BQK2R b KQ - 5 11,3
r2qkbn1/p3pp2/n1p5/3p2p1/8/1PPPPPpr/P6P/RNB1KBNR b KQq - 0 11,2
rnbqkbnr/pp3ppp/2p5/3pp3/4P3/3B1N2/PPPP1PPP/RNBQK2R w KQkq - 0 6,3
1rbqk1nr/pp1p1ppp/2p1p3/2n5/2PP3b/P2QB2N/1P2PPPP/RN1K1B1R b k - 7 10,3
rn1q2nr/2pkp1bp/2b5/pB3pp1/5P2/NP6/PRPPQ1PP/2B1K1NR b K - 1 11,3
rnbqk2r/p1ppn3/6pp/1p3p2/1bNP1P2/N3P3/PPP2KPP/R1BQ1B1R b kq - 2 8,3
r1bqkbnr/p1p5/np1p3p/5pp1/2P1pP2/PP4PP/3PP3/RNBQKBNR w KQkq - 0 9,0
r1bq1bnr/ppnpkp2/2p1pN2/6pp/1P6/N3P2P/P1PP1PP1/R1BQKB1R b KQ - 0 8,0
rnbqkbnr/pp3p1p/2pp2p1/8/P3p1P1/4P2N/RPPP1P1P/1NBQKB1R w Kkq - 0 6,0
rnb1kbr1/p2pp2N/7n/1p2qpp1/1Pp2P2/P5P1/1B1PP1BP/RN1QK2R w KQq - 1 12,3
rnbqkbnr/p1p1pp1p/8/3p2p1/5P2/P1NP3P/1PP1P1P1/R1BQKBNR w Kk - 1 10,3
r1bqkb1r/ppppp1p1/n4p2/5n1p/1P2P2P/5N1R/P1PP1PP1/RNBQKB2 b Qkq - 1 6,3
1nkq1b1r/r2bpppp/p1p4n/1N1Q4/7P/2P5/PP1PPPP1/R1BK1BNR w - - 1 11,3
r1b1kbn1/Bpqppp1r/n2p3p/p7/2P5/1P3K2/P2PP1PP/1R1Q1BNR b q - 4 13,3
r1bqkb1r/3npppp/pppp4/1N1n4/1P6/3PPNP1/P1P2P1P/R1BQKB1R w KQkq - 1 8,2
r1b2b1r/1p1k1p1p/2n2np1/1pppp3/2qP1B1P/1P1Q1PP1/P1P1P3/R3K1NR w KQ - 0 13,3
rnbqkb1r/ppppp2p/6pn/8/2PP1p2/N7/PP1QPPPP/1RB1KBNR b Kkq - 1 7,2
r1bqkbnr/pppp3p/5p2/4p1p1/1n6/P3P2P/N1PP1PP1/R1BQKBNR b KQkq - 1 6,3
r1bqkbn1/p3ppp1/n3p3/1pp1rP2/4P2p/N7/PPPP2PP/R1BQ1KNR b q - 3 9,3
r2qkb1r/pp1bppp1/n6p/2pp4/P1P1n1P1/NQ5B/1P1P1P1P/1RB1K1NR w Kkq - 2 9,3
rnbqk1nr/p1pp3p/6p1/1p3pP1/3bpQ1N/2P1P3/PP1PKP1P/RNB2B1R w kq - 0 10,3
rn1qbk2/1pp2ppr/3ppn2/p6P/5PQP/NP1PP3/P1PB4/R3KBNR b KQ - 2 12,3
rnb1k2r/1p1p1pp1/p1pbp3/8/QP1PnP1p/N1P1q2P/PB2P1PR/R3KBN1 w Qkq - 2 12,3
r1bqkbr1/pp1p1pp1/n7/2pn3p/Q2pP1P1/2P2P2/PP1K3P/RNB2BNR b q - 3 9,3
r1b1kbnr/pppq4/1N4pp/3ppp2/1n6/5P1P/PPPPP1PR/R1BQKBN1 w kq - 2 9,3
rnb2knr/p2p1p1p/1pp5/q3p1p1/1b3PPP/P1P4B/1P1PP2R/RNBQ1KN1 w - - 0 10,3
rnb1kbnr/p3pppp/8/1ppQ1q2/4P1P1/P1P4N/RP1P1P1P/1NB1KB1R w Kkq - 2 9,3
rnbq1rk1/2pp1pbp/1p3n2/p1N3p1/3P1P2/7P/PPPK1PP1/R1BQ1B1R b - - 1 10,3
rnbqk1nr/pp1pp3/6p1/2p2p2/2Bb3p/2P1P3/PP1N1PPP/R1BQK1NR b KQkq - 1 8,3
r1bqkb1r/1ppp3p/n3p2n/p1P2pp1/1P4P1/P4P1P/1B1PP3/RN1QKBNR w KQkq - 0 9,3
1rb1kbnr/p2n4/B1p2p1p/1p1pp1p1/q3P3/BP2NP1Q/P1PPN1PP/R2K3R b k - 1 13,3
1rbqk1nr/pppppp1p/4P2b/n5p1/8/3P4/PPPK1PPP/RNB1QBNR b k - 2 6,0
r1b1kb1r/pp1n1ppp/4pq2/2ppn3/5P2/N1BP4/PPP1PNPP/1R1QKBR1 b kq - 7 10,3
r1b1kb2/p2p1ppr/pqp2n2/4p2p/4P2P/2P2Q2/PP1P1PP1/RNB1K1NR w KQq - 2 10,3
r1b1kbnr/1p3p1p/1qn3p1/p1ppp3/2B2PP1/2P1P2N/PPQP3P/RNB1K2R w KQkq - 0 8,3
rnbq1knr/pp1p1pp1/2pb3p/4p3/1PPP4/N3BP2/P3P1PP/RQ2KBNR b KQ - 2 7,3
rnbqk2r/Np1pppbp/p4n2/2p3p1/P2P3P/5P2/1PPBP1P1/R1Q1KBNR b KQkq - 1 10,3
1nbq1bn1/1p1ppkr1/r1p2p2/p6p/PPP1P1p1/2N2P1N/1B1PQ1PP/1R2KB1R b K - 1 12,3
rnbqk1nr/p1ppbp2/1p5p/8/2P3p1/4P3/PP1P1PPP/RNB1KBNR b KQkq - 0 6,0
Q2q1br1/1ppkpppp/2n5/3pnP2/1P2b2N/B1PP4/P3P1PP/RN2KB1R w KQ - 1 12,3
r2k1bnr/pb1p2p1/2n2N1p/qpp1pP2/QP1P4/2P3P1/P3P2P/R1B1KBNR w KQ - 1 11,3
r1bqk2r/pp1ppp1p/n5p1/2p3bn/PP3P2/R3P3/2PPK1PP/1NBQ1BNR b kq - 2 8,3
1nbqkbnr/1pppp2p/3r2pB/5p2/1p1P3P/5N2/P1P1PPPR/RN1QKB2 w Qk - 2 8,2
rnb2bnr/pp1pp3/4k2p/1p3pp1/1P2PPP1/2N1K2N/P1PP3P/R1B2Q1R w - - 2 12,3
rnbqkb1r/1ppp2Pp/p7/4pp1R/2nP4/8/PPP1PPP1/RNBQKBN1 b Qkq - 2 8,3
r2qkb1r/2pbp1p1/ppn2p1p/P2p2B1/1P4n1/2PP1P2/R3P1PP/1N1QKBNR b Kkq - 1 10,3
r2qkbnr/pb2pp2/npp4p/3p2p1/4P3/Q1P3P1/PP1P1PBP/RNB1K1NR w KQkq - 0 8,3
rnb1kb1r/p1p2p1p/6pn/1p1pp1N1/4P3/PPP2Q1q/3P1PP1/RNB1KB1R b KQkq - 0 9,3
2rqkbnr/1ppbp1pp/p6n/3p1p2/P2P3P/4PQ1N/1PP1KPP1/RNB2B1R b k - 5 11,2
rnbqk1nr/1p4p1/3pp2p/p1p2pP1/PbP4P/8/1PQPPP2/RNB1KBNR w KQkq - 0 9,3
rnbqk1nr/2pp1ppp/1p6/p3p1B1/3b4/QPNK3N/P1P1PPPP/R4B1R w kq - 0 11,3
2rqkbnr/1pp1pp2/p1P5/6pp/P6P/1P3b2/1BPP1PP1/RN1QKBR1 w Q - 0 13,3
r1bqk2r/pp1p1p1p/n2bp3/2p2npP/3PP1P1/1P6/PBP2P2/RNQK1BNR b kq - 0 11,3
r2qkb1r/pbpppppp/np6/4n3/3P1PP1/P6R/1PP1P3/RNBQKBN1 w Qkq - 1 9,3
r1b1kbnr/pp1p3p/2n5/2pP4/2P1pP2/PPBq4/4PP1P/RN1QKB1R w KQkq - 2 12,3
3qkbr1/prp1pp1p/1p5n/1P1pn1p1/3P1PbP/8/PBP1P1P1/RNQ1KBNR w KQ - 0 11,3
rn3bnQ/pb1kpp2/1pq5/2pp2p1/3P3P/NP3P1N/P1P1P1P1/R1B1KBR1 b Q - 5 11,3
r1b1qbnr/n1pp1k2/5ppp/1N2p3/Pp2P3/6QN/2PP1PPP/R1B1KBR1 w Q - 2 12,3
r5r1/2pkbppp/2np3q/p2np1Q1/P2PP3/8/1PP2PPP/RNBK2NR b - - 0 12,3
1nbqkbn1/3ppppr/6rp/p1p5/pP2PP2/P6P/2PPB1P1/R1BQK1NR b KQ - 1 10,3
r1bqk1nr/1ppp2p1/2n1pp1p/p1b5/3P4/3K1PP1/PPP1P2P/RNBQ1BNR b kq - 1 7,2
1n2kbnr/rpp2ppp/B2pb3/p3p3/4P1Pq/1P5N/P1PP1P1P/RNBQK2R w KQk - 4 7,2
rnbqkbnr/1ppp1Npp/8/p4p2/P2pP3/8/1PP2PPP/RNBQKB1R b KQkq e3 0 7,3
rnbqkbnr/1ppp1p2/4p3/p5pp/6PP/2PP1N2/PP2PP2/RNBQKB1R w KQkq - 0 6,3
rnb1kb1r/pp1ppp1p/6p1/1qp5/3P4/2K1N2P/P1P1PPPR/1RBQ1BN1 b kq - 0 9,3
rnbqkb1r/pp2p2p/1n1p2p1/5p2/PNp2PPP/R6B/1PPPP3/2BQK1NR b K - 8 13,3
rnb3nr/1pppk1pp/3b1p2/p3p1N1/P5P1/1PN1P2q/2PP1P1P/R1BQKR2 b Q - 0 9,3
r1b2b1r/pppp1ppp/2nk3n/P3p3/2P5/R2BP2N/1PQP2PP/1NBK3R w - - 3 12,0
rnbqkb1r/pp2pn1p/2p2p2/3p2p1/1P2P3/P1B2P1P/2PP2P1/RN1QKBNR b KQkq - 0 7,3
rnbqkbnr/1p1pp3/p1p2p1p/6B1/2P5/2QP2PP/PP2PP2/RN2KBNR w KQk - 0 8,3
r1bqk1nr/1pppppb1/p1n5/6Np/7P/2P3P1/PP1PPP1R/RNBQKB2 w Qk - 1 8,0
r2qkb2/p1p1pppr/1pn1b2n/7P/2P1N2P/7B/PP1P1P2/RNBQKR2 w Qq - 1 12,2
rnbqkb1r/p2p1ppp/8/3n4/Ppp1pP2/8/R1QPP1PP/1NBK1BNR b kq - 3 9,2
rnbqkb1r/p1p1p1p1/1p3n2/3p1p1p/1P6/2PP1P1P/P3P1P1/RNBQKBNR w KQkq - 0 6,0
r1bqk1nr/1ppn1p1p/4p2b/p2p2p1/2P2PP1/P2PP3/RP5P/1NBQKBNR b Kkq - 0 7,3
1nbqkb1r/r2p1p2/p1pnp3/1P5p/6pP/PP3PPN/3PP3/RNBQKB1R w k - 0 13,3
r1bqkbn1/1pnppp2/p1p4r/6pp/3PP3/1P6/P1PQ1PPP/RNB1KBNR b KQq - 3 8,2
rnbqk1nr/1pppbp2/p6p/4p1p1/3P1P1P/2N4N/PPP1P1PR/R1BQKB2 b Qkq - 1 7,3
rnbqk2r/p2ppp1p/Q1p2np1/1p6/5b2/1PN1P1PP/P1PP4/R1B1KBNR w KQkq - 0 10,3
rn1k1b1r/p1p1pppp/3pqn2/1b3P2/2QP2P1/P6P/1P2P3/R1B1KBNR b KQ - 0 13,3
rnbq1bnr/1pp1p1pp/p2p1k2/5p2/P1P1P3/7P/1P1PQPP1/RNB1KBNR w KQ - 2 7,0
rnb1kbnr/ppp1N3/7p/3pp1p1/1q6/P3PP1N/1PPPK1PP/R1BQ1B1R w kq - 2 11,3
r2qkbn1/pbppppp1/2r5/1p6/B2n1P1p/1PP1P1QN/P2P2PP/RNB1K2R w q - 5 12,3
rnbqkbr1/p1pppp2/7p/1N4p1/Pn6/4PQP1/2PP1P1P/R1B1KBNR w KQq - 0 10,3
rn1qkbnr/1pp1pp1p/3p2p1/p5P1/P3P1b1/N1P5/1P1P1P1P/R1BQKBNR b KQkq - 0 6,2
rn1qk1nr/p1ppp1b1/bp3ppB/8/8/1PNP1PP1/P1P1P2P/R2QKBNR b KQkq - 0 7,3
r1bqk2r/pppp2b1/2n1p2p/4Npp1/4P1n1/1P3PP1/P1PPB2P/RNBQK1R1 w Qkq - 1 9,3
1nb1kb1r/1q1pnp1p/rpp5/p5B1/2PP3P/8/PP2PPPR/1R1QKBN1 b k - 0 9,0
rn1qkbnr/p1pbp3/6pp/1p1pp1N1/5P2/1P4P1/P1PPN2P/R1BQKB1R b KQkq - 0 9,3
rnb1kbnr/ppq2p1p/6p1/2ppp3/4P1PP/8/PPPP1P2/RNBQKBNR b KQkq - 2 6,3
r2qkb1r/p2n4/bpp1pppn/3p4/7P/1P1PBP2/P1P1P1P1/RN1QKB1R w KQkq - 0 11,3
r1b1kb1r/pp1ppppp/n1p4q/P7/2P4P/1PNP1N2/4PPP1/R2QKB1R b KQkq - 1 9,0
rnbqk1nr/p1p2p1p/1p1p2p1/1N2p3/1b3P2/PQP5/1P1PP1PP/R1B1KBNR w KQ - 0 9,3
rnb1kbnr/1p1pp1pp/2p2p2/p5P1/P1P2q1P/1Q2P3/1P1P1P2/RNB1KBNR b KQkq - 1 7,3
rnbqkb1r/1p2p1pp/2pp3n/5p2/p2P4/1PP2P1P/PB2P1P1/RNQ1KBNR b KQkq - 0 7,0
r1bq1b1r/p1p1ppB1/2k4n/1p1p4/1n1P2pP/8/P1P1PPP1/RN1QKBN1 w Q - 0 10,3
rnbq1bnr/1ppkp3/3p1ppp/p7/1P4PP/2P2P2/P1QPP2R/RNB1KBN1 b Q - 1 8,2
rnbqkbnr/1pppp1p1/p7/5p1p/2P1P3/NP5N/P2PKPPP/R1BQ1B1R b kq - 1 6,2
rnb2bnr/ppkppp2/4q1pp/2p5/6PP/1Q3P2/PP1PPN1R/RNB1KB2 w Q - 1 13,3
r1bqk1nr/p1pp1pp1/n3p3/1p1B3p/8/b5PP/PPPPPP2/RNBQK1NR w KQkq - 1 6,3
2bqkb1r/1p1n1ppp/r3Bn2/p1P1p3/3PPP2/B5PP/P1P5/RN1QK1NR w KQk - 3 12,3
r1bqkbnr/pppppp2/6pp/8/P3nP2/RP6/2PPPNPP/1NBQKB1R w Kkq - 0 8,0
rnbq1bnr/2pp1p1k/p3p1pp/1p2P3/8/1BNP3P/PPPNKPP1/R1BQ3R b - - 2 10,0
rn2kbnr/p1p1p1pp/bp3p2/P2p2q1/2P1R3/7P/1P1PPPP1/1NBQKBNR b Kkq - 2 8,3
rnbq2nr/pppkp1b1/6p1/5p1p/8/P1P4P/1P1PPPP1/RNBK1BNR w - - 0 7,0
rnbqkb1r/1ppp1p1p/p3p1p1/P4P2/1P6/6P1/2PnP2P/1RBQKBNR b Kkq - 0 9,3
r1bqkbn1/1p1pp1pr/n6p/p1p2p2/P1P2P2/7P/RP1PP1PR/1NBQKBN1 w q - 4 7,0
r1b1k1nr/p2p1pbp/2p3p1/qQ2p3/1P3PP1/2P1P2B/P2P3P/RNBK2NR w - - 5 13,3
rnbqkb2/pp1p1ppr/2p3n1/1N2p2p/P6P/4P3/1PPP1PP1/1RBQKBNR w Kq - 1 7,3
r1b1kbnr/p1np1pp1/1p5p/2p1p3/1P1P3q/P3P3/2PN1PP1/R1BQKBNR b KQkq - 1 8,3
rnbqkb1r/pp1ppp1p/2pn4/6p1/6P1/1P2PP2/P1PP2BP/RNBQK1NR w KQkq - 3 6,0
rnbqkbnr/1pp1p3/5ppp/p2p4/8/1P6/P1PPPPPP/RNBQKBNR w KQkq - 0 6,0
r1bk1b1r/p3qpp1/n2ppn2/2p2Q1p/P4P1P/2p3PB/1P1PP2R/R1BNK1N1 w Q - 2 13,3
r1bqkb1r/1pppp2p/p1n2ppB/8/3P2n1/2P2NPP/PP2PP2/RN1QKB1R b KQkq - 2 7,3
r1b2b1r/4pkpp/ppn2n2/qPpp1pP1/8/5P2/P1PPP1BP/RNBQK1NR w - - 4 10,3
1rb1kbnr/p4ppp/n2p4/1pp1p1q1/1P1N2P1/N1R5/P1PPPP1P/2BQKB1R b Kk - 1 8,3
rn1qkb1r/1ppbp2p/p2pB3/8/5p2/3Q1P2/PPPP1nPP/RNB2KNR w kq - 2 11,3
1nb1kbnr/rp2p2p/p2q1pp1/2pp4/P1P2PBP/1Q2P1P1/1P1P4/RNBK2NR b - - 1 13,3
r1bqkb2/p1pppprp/1pn3pn/5Q2/3PPP2/N7/PPP3PP/R1B1KBNR b KQq - 0 7,3
r1bqkb1r/p1pp1ppp/4p3/1p2n3/1P1P2PP/6P1/P1P1P3/RNBQKBNR w KQkq - 0 7,2
rnq1kb1r/p3ppp1/5n1p/1ppp2N1/1P6/P2PP3/2PB1PPP/RN1QKB1R w KQkq - 3 12,3
1rb1kbn1/1pp2p2/B1n4r/3Pp2p/PP3qp1/6P1/2PPQ2P/RNB1K1NR w KQ - 0 13,3
r2q1bnr/p1pkpp1p/3p2Q1/1p6/2PP2b1/N7/PP1P1P1P/R1B1KBNR b KQ - 0 8,3
rnbqkbnr/pppp4/5p1p/4p3/1P3Pp1/3PB2P/P1PKP1P1/RN1Q1BNR b kq - 1 6,3
rn2kbn1/1pp2p1r/3pp1QP/p2Pq1p1/8/6N1/PPP1PPbP/R1B1KBNR w KQq - 0 13,3
rnb4r/ppkp1p1p/2p3nb/4p1p1/2P1P3/1PN4P/P2PN1P1/R1BQ1BKR w - - 7 11,0
rnbqkbnr/p1p2ppp/3pp3/1p6/1P1P1P1P/Q7/P1P1P1P1/RNB1KBNR b KQkq - 0 6,0
r2qkbnr/ppp1pppp/8/3p4/2Pn2b1/1P3N2/PB1PPPPP/RN1QKBR1 b Qkq - 0 7,3
rnbqkb1r/3ppppp/2p2n2/1p1N4/p2N4/3P2P1/PPP1PP1P/R1BQKB1R b KQkq - 1 6,0
r1bqkbnr/2pp1Np1/Bp2pp2/7p/1n1P4/2P1P3/PP1Q1PPP/RNB1K2R b KQkq - 0 8,3
r1bq1bnr/3pk1pp/pPp5/4pp2/5PP1/R1N2N1B/1PPPP2P/2BQK2R b K - 0 10,3
1nb1k3/1pp3pp/5r1n/p2ppP2/3P1PPq/b1P4P/PP1K4/RNBQ1BNR w - - 1 12,3
rn1qk1nr/1pp2pp1/p2bp3/Q2p3p/P2P2P1/N4b1P/1PP1PP1R/1RB1KBN1 w kq - 2 12,3
1nbqkbnr/r1p1p1p1/pp1p1p2/7p/2B2P2/2N1P1P1/PPPPK2P/R1BQ2NR w k - 2 7,3
rn2k1nr/p1pp1pp1/b3p3/bp5p/6PP/2P1P3/PP1PP3/RNB1KBNR b KQkq - 1 10,3
1rbqkb1r/pp2p2p/n2p3n/P5p1/2pRp1PP/8/1PPPQP2/1NB1KBNR b Kk - 0 10,3
rnbqkbnr/2p3pp/3p4/pp3p2/P2Pp3/2P3P1/RP2PPBP/1NBQK1NR b Kkq - 1 7,2
r1bqkb1r/ppppppp1/8/1N5p/P1PP3P/1n3P2/1n2P1P1/R1B1KBNR w kq - 0 10,3
rnb1kbnr/p1q1pp1p/3pQ1p1/1p2N3/2p5/2P1P3/PP1P1PPP/RNB1KB1R w KQkq - 2 7,3
rnb1k2r/p3qp1p/2p2npB/1p1pp3/P1PP3P/5NP1/1P2PP1R/RN1QKB2 w Qkq - 1 9,3
r1bqk1nr/1p1p1p2/p6p/2p1n3/2PQPpp1/7P/Pb1P2PN/RNB1KBR1 b Qkq - 3 13,3
rq3r2/pbppppkp/n1P2npb/1N6/4P2N/BP1P3P/P4PP1/R2QKB1R b KQ - 0 12,3
r1bq1bnr/p1p2kpp/np2p3/3p1p2/N4P2/1P2PN2/P1PP2PP/R1BQKBR1 w Q - 0 8,3
1nb1k1r1/1pppqp1p/4p3/rB2Q1p1/2P1P1n1/2N5/Pb3PPP/1RBK2NR b - - 5 13,3
rnbqkbnr/4p2p/1p1p4/p4Pp1/8/3P1N1B/pBP1PP1P/RN1QK1R1 w Qkq - 0 10,3
r2q2nr/p1ppkp1p/b1n1p3/1pb3p1/PP1P4/5P1N/R1P1PKPP/1NBQ1B1R b - - 7 9,3
1rbqk1nr/ppppnp1p/6p1/8/7P/b7/PPP1PPP1/RNBQKBNR w Qk - 0 8,3
1nbqkbnr/1pp1pp1p/r2p4/p7/P3P1P1/2PP1p2/1P3P1P/RNBK1BNR w k - 1 9,2
rnb2rk1/pp1p1p1p/3bp1p1/8/PPp3n1/3P1PP1/1BP1P1BP/q2QK1NR w K - 0 13,3
rn2kb1r/p1pbpp1p/3q1np1/Bp1p4/4PP2/1P1P1Q2/P1P3PP/RN2KB1R w KQkq - 6 10,3
2bq1b2/rpp1nkpr/pn3p1p/1Q1Pp3/P7/3PP2P/1P1K1PP1/RNB2BNR w - - 1 12,3
2bq1bnr/r1pp1kp1/1p2pp1p/p1P1n3/4P3/1Q1P2P1/PP1B1P1P/RN2KB1R w KQ - 0 12,3
r1bqkbnr/p2pp3/2p3p1/1NP2p1p/3P4/Pn3P1P/1P2PKPR/R1BQ1BN1 b kq - 0 10,3
rn2kb1r/1p1bpppp/2pp1n2/pq5P/P1NP1P2/8/1PP1P1P1/R1B1KBNR w KQ - 4 11,3
rn1qkb1r/p3pppp/5n2/1pp2P2/1P1pb2P/3P3N/P1PKP3/RNBQ1B1R b kq - 0 12,3
1nb1k1nr/rp1p1p1p/1qp5/p3NP2/1b2P1p1/1PPP4/P2Q2PP/RNB1KB1R b KQk - 1 12,3
r1bqkbnr/3pppp1/ppn4p/8/2p4P/1PP1P3/P2PNPPR/RNBQKB2 w Qkq - 0 9,0
rn3qnr/p1ppkppp/1p1b2P1/8/1P1Pp3/3bPP2/PBP4P/RNQK1BNR w - - 1 11,3
rn2kbnr/p2p1pp1/b7/1pp3Np/3qp2P/PP3P2/1BP1P1PR/R2QKBN1 w Qkq - 0 12,3
1nbq1bn1/r1ppkpp1/p2r4/1p4Pp/1Q1P1P2/2P1p2B/PP2P2P/RNB1K1NR b - - 8 13,2
rn1q2nr/pbpp1kbp/5p2/1p2p1p1/P7/BP2P2P/2PP1PPN/RN1QKB1R b KQ - 2 9,3
r1bqk1nr/n1pp1p1p/4p1pb/pp6/3Q4/BP2P3/P1PPNPPP/RN2KB1R w KQkq - 0 8,3
rnbqk1r1/1p1p1p1p/p1p1pn1b/6P1/2P1P1PR/5N2/PP1PQP2/RNB1KB2 b Qq - 1 8,3
rnbqkb1r/p2pn1p1/1pPp1p2/7p/3Q4/4B3/PPP1PPPP/R3KBNR b KQkq - 0 10,2
r1bqkbnr/1pppp2p/p5p1/4np2/P2P3P/8/1PPNPPP1/RNBQKB1R w KQkq - 1 7,0
rnbqkb1r/4pppp/p6B/2pp4/1p1P1P2/PPN1P2N/2PQB1PP/R3K2R b KQkq - 1 12,3
r1bqkbnr/p1p1p1p1/1p1pnp1p/8/3P1P2/2N3PB/PPP1P2P/R1BQK1NR w KQkq - 3 10,0
r1bq1b1r/p1pkp2p/2np2p1/5p2/3P2nB/2NQPN1P/PPp1KPP1/2R2B1R b - - 0 12,3
rn1q1bnr/p1pbk1p1/4pp2/1p1p3p/4PP2/P1P2N1P/1P1P2P1/RNB1KBR1 b Q - 0 10,0
2rqkbr1/p1p1pppp/3p4/1p2nnP1/1P6/P3P3/2PP1P1P/RNBQK1NR w KQ - 1 11,0
r1bqkb1r/2pp1ppp/ppn1p3/1P6/7P/5NP1/n1QPPPB1/RNB1K1R1 w Qkq - 0 12,3
rnbqk1nr/p2pb2p/1p6/2p1ppp1/1PP4P/5P1R/P2PP1P1/RNBQKBN1 w Qkq - 0 7,3
r1bqkb1r/p2pnppp/1pn1p3/2p5/1PP5/5N2/P1NPPPPP/R1BQKB1R w KQkq - 4 6,0
r1bqkbn1/1p1pp1p1/5p1r/p1p1N1Np/P4P1P/8/1PPKP1PR/R1BQ1B2 w q - 0 12,3
rnbqk1nr/2pp2bp/1p2p3/p3Pp1P/P2P4/1P6/2PN1PPQ/R1B1KBNR b KQq - 0 12,0
1rb1k1nr/pp3pb1/n1p1N1pp/3p4/1P2p3/4PPP1/P1PPK2P/RNBQ1BR1 b k - 1 13,3
r1bqkbnr/p3p3/1p1p2pp/2pP1N2/2B1P2P/1P3NP1/P1P2P2/R1BQK2R b KQkq - 0 13,0
r1bq1k1r/1ppp4/B3ppp1/p1b2n1p/P3P2P/2N5/1PPP2P1/R1BQK1NR w K - 0 12,3
rnb1kbnr/1p1pppp1/1qp4p/p7/3P1B2/P2Q1N2/1PP1PPPP/RN2KB1R w KQkq - 0 6,3
rnb1k1nr/p2pbppp/8/1p2N3/2p3Pq/N1P5/PP1PPP1R/R1BQKB2 w Qkq - 1 8,3
rnb1qbnr/ppp1p2p/3k1pp1/3p4/N5P1/3P3P/PPPQPP2/1RB1KBNR w K - 2 8,2
r2qkbnr/1p5p/3B1pp1/pPppp3/QnP3b1/3P4/P3PPPP/RN2KBNR b KQkq - 2 13,3
r1q1kb1r/2pnp1pp/p3bp1n/1p1B4/4P1PP/2N1Q3/PPPP1P2/1RB1K1NR b Kkq - 0 9,3
rn1q1bnr/1p1kpp2/6p1/p1pp3p/1P1PPP2/P4NP1/b1P2K1P/RNBQ2R1 b - - 1 13,3
1nb1k2r/1pppqpp1/r2bpn1p/p7/P3N1P1/8/1PPPPP1P/1RBQKBNR w Kk - 2 8,3
r2q2nr/ppp1kpp1/n2p3p/3Bp1b1/6bP/N2P2P1/PPP1PP2/R1BQ1KNR b - - 1 9,3
rnbq2nr/pp1p1p1p/3b1kp1/2p5/4p2P/P2PP3/1PPQ1PP1/RNBK1BNR b - - 0 8,2
r1b1k1n1/pp1pb1pr/n3pp2/2pP2Pp/1P2Pq1P/2P5/P2Q1P1R/RNB1KBN1 b Qq - 0 13,3
rnb1kbnr/p1qppppp/8/1p2P3/1p6/P4N2/2PP1PPP/RNBQKB1R w KQkq - 2 6,3
1rbqkb2/p1pp1p1r/1pP2n1p/4p3/5PpP/P1N5/2PPP1PR/R1BQKBN1 b Q - 1 13,3
1n1qkbnr/rp1bp3/2pp2p1/p4p1p/4PP2/N2P2PP/PPP5/R1BQKBNR b KQk - 0 9,0
rn1qkb1r/p2p1p2/bp2pn1p/6p1/R5P1/1QP2P1P/1P1PP3/1NB1KBNR w Kkq - 1 10,3
rnb1kbnr/1p1pppp1/p7/2p2P1p/P2P2P1/4K3/1PQPP2P/R1B2BNR w kq - 0 12,3
rn2k1nr/pb1p1p2/1qp4p/4p1p1/PPpb2P1/5N1P/3PPPB1/RNQ1K2R w KQkq - 2 11,3
rn1q1bnr/1ppbk1pp/4p3/p2p1p2/1P5P/N2R4/P1PPPPP1/R1BQKBN1 b Q - 0 7,0
r1bq1bnr/pp1pp1p1/B5k1/5p1p/1p4PP/N1P1P2R/P2P1P2/1RBQK3 b - - 1 12,3
rnbqkb2/p2ppp2/1p3npr/2p1P1Np/P4P2/2N5/1PPP2PP/R1BQKB1R b KQq - 3 7,3
r1bqnb1r/pp2kp1p/2p1p2Q/3p4/Nn1P4/8/PPPBPPPP/R2K1BNR b - - 5 11,3
r1b1kbnr/p1pqp1p1/1p1p3p/5p2/PP2n3/2NPPN1P/2PB1PP1/1R1QKBR1 w kq - 1 12,3
rnb2bnr/1p1pkppp/p1p5/q3p3/3P4/P4N1P/1PPQPPP1/RNB1KB1R w KQ - 4 6,3
3qkb1r/r1pppp1p/b1n1N3/1p6/p2P1BB1/1P4P1/P1P1PK1P/RN1Q3R b k - 4 11,3
r1bqkb1r/ppppp3/n3p1p1/6p1/P3n2P/2P2P2/1P1PP1B1/RNBQK2R w KQq - 3 12,3
1nbq1b1r/r3pp2/pp1k1n1p/1Ppp1Pp1/2PPP2P/8/P2K2P1/RNBQ1BNR b - - 0 13,3
r1b1kbnr/ppp1qppp/n7/4p3/1PPp4/4PPP1/P2P3P/RNBQKBNR w KQkq - 1 6,2
rnbq1knr/2pppp1p/1p5b/p5p1/3PP3/2B2P1P/PPP3P1/RN1QKBNR b KQ - 2 6,0
r1bq1bnr/p1pp1k1p/1pnB4/5pp1/3Pp3/P2Q1P2/1PPKP1PP/RN3BNR b - - 2 8,3
r1bqkbnr/pppppp2/6p1/7p/1n1P2P1/1P5P/PBP1PP2/RNQ1KBNR b KQkq - 4 6,3
rn1qkbnr/pp2ppp1/8/2pp4/b4P1p/2NP2PP/PPP1P3/R1BQKBNR w KQkq - 1 7,3
rnb1kbnr/ppq1p3/3B2pp/2p2p2/3P4/6P1/PPPQPP1P/RN2KBNR b KQkq - 0 7,3
r1bk1b1r/p1Q1npp1/7p/np2p1q1/8/2P3PB/PPKPPP1P/RNB3NR b - - 0 10,1
1nbqkb2/3ppppr/r4n1p/ppp3B1/QP1P3P/2P2N2/P3PPPR/RN2KB2 w Q - 3 9,3
rnb1kbn1/p1ppqpp1/1p5r/4p3/4P1p1/N2P1P2/PPP1B2P/R1BQK1NR w KQq - 0 8,3
rn2kbn1/2p1p2r/ppq1bp2/3p1Ppp/P2P4/2P3PP/1P1QP3/RNBK1BNR b q - 3 12,3
rnbqkb1r/p2ppp1p/1pp2n2/6p1/P1P2PP1/7B/1P1PP2P/RNBQK1NR w KQkq - 0 6,2
1nbqkbnr/3pppp1/r1p4p/pp6/P6P/5N2/1PPPPPP1/RNBQKB1R w KQk - 2 6,0
rnbqkbnr/1p2p2p/p6B/3p1p2/1p1P2P1/7R/P1P1PP2/RN1QKBN1 b Qkq - 0 8,3
2bqk1nr/2pp2pp/prn1pp2/1p6/1b1PPPQP/2N3P1/PPPK3R/R1B2BN1 b k - 3 10,3
rnbqkb1r/1ppppp2/6p1/5B2/p3n2p/2P1PN2/PP1P1PPP/RNBQK2R w KQkq - 2 8,3
2kr1bn1/pppqppp1/2np3r/4NP1p/PP5P/R1P5/2QPPP2/1NB1KB1R b K - 0 11,3
rn1qkbnr/pbp2ppp/1p1p4/8/1P1Bp1P1/5N2/P1PPPP1P/RN1QKB1R b KQkq - 1 6,0
rnbqk3/2pp1p2/p4npr/1p2p2p/Pb1P3N/1P6/2PQPPPP/R1BNKB1R w KQq - 1 11,3
1r1qkb1r/p1p1pp1p/bp1p3n/8/PP2Q1p1/3PP3/RnP1KPPP/1N4NR b k - 0 12,3
r1bq1b1r/pp1p1kpp/n3pp1n/2p3P1/3P1P2/P7/1PPKP2P/RNBQ1BNR b - - 1 7,3
rn1qkr2/p1pbbpp1/4p3/1N1p2Np/6PP/3P4/PPP1PKP1/R1BQ1B1R b q - 0 11,3
rn2k1nr/pppq1ppp/4b3/3pp3/1b1P1P2/7B/PPPQP2P/RNBK2NR w kq - 4 7,3
r2qk1nr/pppb4/2np1ppb/4p1Pp/3PP3/5Q2/PPP1BP1P/RNBK2NR b kq - 1 11,3
1nb1q2r/1pppk2p/r5Nn/p3p1p1/3P1p2/bPP4P/P2KPPP1/RNBQ1B1R b - - 6 12,1
1rb1kbn1/p4p2/np1p1qpr/4pP1p/7P/8/PPPPPKP1/R1B1QBNR w - - 2 12,2
rn1qkbn1/1b1p1p1r/p1p1p3/1p3Pp1/2P1P2p/NP1P3N/P2Q2PP/R1B1KBR1 b Qq - 1 11,3
rnbqkb1r/ppppn3/5p1p/6p1/PP2p1P1/2N1P3/1RPP1P1P/2BQKBNR b Kkq - 1 8,2
rnb1k1nr/1p1q2pp/3p1p2/P2pp3/7P/8/2PPPPPR/R1BQKBN1 b Qkq - 0 10,0
rnb2b1r/pp2kp1p/1q5n/2ppp1p1/2P5/1P1P1P2/P2QP1PP/RN2KBNR w KQ - 1 8,3
r1b1kbr1/pp4pp/2n1p2n/2pp1p2/6P1/2NP4/PqP1PP1P/1RBQKBNR w K - 0 12,3
r1b1kb1r/qp1np1pp/2p4n/1B1p1p2/Np1PP3/B3KP1P/P1P3P1/R2Q2NR w kq - 1 12,3
rn1qk1nr/p1ppb1p1/7p/3bpp2/P7/RPBP4/1P1NPPPP/3QKBNR b Kkq - 1 11,3
r1bq1bnr/ppp2k2/2npp2p/5p2/3P1Pp1/P3B1PP/RPP1PK2/1N1Q1BNR b - - 1 9,3
2bqkbnr/2pppppp/r7/Ppn4Q/P7/4P3/2PP1PPP/RNB1KBNR w KQk - 3 6,3
rnbqkbn1/1pppp2r/p4ppp/8/P7/1PP4N/R2PPPPP/1NBQKB1R b Kq - 3 6,0
r1bqkbnr/1pppp1pp/8/pP3p2/4P3/Q1Pn1PNP/P2P2P1/RNBK1B1R b k - 5 11,3
rnb1k1nr/pp2b2p/5p2/q1ppp1p1/2PP1P2/1PN5/P3P1PP/R1BQKBNR b KQkq - 2 8,3
2bqkbnr/p1pp1p1p/nr6/1p2p1p1/P3PPPP/4K3/1PPP4/RNBQ1BNR b k - 2 7,3
rnbk1b1r/pp3ppp/1q3P2/2pp4/4p1P1/PQPP3N/1P2B2P/RNB1Kn1R w KQ - 0 13,3
rnbq1k1r/p1ppb2p/4pn2/6pQ/1p1P1P2/N1PBB2N/PP3PPP/R3K1R1 b Q - 1 13,3
rnbqk1nr/p1pp1p1p/4p1pb/8/NpP1P3/3P4/PP3PPP/R2QKBNR b KQkq - 1 6,0
r1bq2nr/1pppkppp/8/p1b1p3/1QP4P/2NPB3/PP2PPP1/R3KBNR b KQ - 2 7,3
1n1qk2r/rpp2p1p/3p1npb/p3pbQ1/1P1P2P1/4P2N/P1P2P1P/RN2KBR1 b Qk - 0 9,3
rn1qkb1r/pbp3pp/Q2pp2n/1p3p2/1P1P4/6P1/PBP1PP1P/RN2KBNR w KQkq - 0 8,3
1nbqkbnr/r1pppp2/1p4p1/p6P/3P4/N4N1P/PPP1PP2/R1BQKB1R w KQk - 1 7,2
rn1qk3/pbppppbr/B5pp/8/4PP1P/7N/PPPP1Q2/RNB1K2R w KQq - 4 11,3
rn1qk2r/pppbb2p/2n3P1/3ppp2/8/1PPP1BPR/PB1KPP2/RN1Q2N1 b kq - 7 13,2
rnb1kb1r/pp1p1pp1/2q4p/4pn2/P1p1PP2/NQP4P/1P1P2P1/R1B1KBNR b KQkq - 0 9,3
rnb1kb1r/2qpn1p1/p1p1pp2/1pP4p/4PPP1/P2B4/RP1P3P/1NBQK1NR b Kkq - 1 9,3
rnb1kb1r/1p2p2p/p1p2pp1/3pNnP1/3P2R1/2P5/PP2PP1P/RNBQKB2 b Qkq - 0 10,3
1r1qkbnr/p1p1pppp/np2b3/1N6/1PPp4/3P1P2/P3PKPP/R1B1QBNR b k - 0 9,3
1nbq1bnr/rppp2k1/6p1/p3pp1p/Q1PN1P2/3P2P1/PP2P2P/R1BK1BNR b - - 3 9,3
rnb2bnr/1pp1kp2/6p1/p3pPPp/2Pq4/2N4B/PP2P2P/R1B1K1NR w KQ - 4 11,2
rnb1k1n1/Bpp2p2/2q1p1p1/1N1p3p/P6P/R1PP4/2Q1PPP1/4KBNR b Kq - 0 13,3
rn2kbnr/pbpp1pp1/1p2p2p/8/P1PP2qP/1Q6/1P2PPP1/RNB1KBNR b KQkq - 2 7,3
rnbqkb1r/pppp2pp/4p2Q/1P2np2/8/3P4/P1P1PPPP/RNB1KBNR w KQkq - 0 6,3
rnbqkbnr/p1p2pp1/8/1p1pp2p/4PQ2/3P1P2/PPP3PP/RNB1KBNR w KQkq - 0 6,3
rBb1k1nr/p2pp2p/7b/qp3pp1/3P4/1P6/P1P1PPPP/RN1QKBNR w KQkq - 1 6,1
rn1qk1n1/2pp1p1r/b2b2pp/1p2p3/6P1/PPNPB3/2PKPP1P/1R1Q1BNR b q - 1 13,0
rnb1kbr1/p1qp1p1p/2p1pP1n/1p4p1/1P4P1/P6B/1BPPP1KP/RN1Q2NR w q - 5 12,0
r1b1k1nr/pp1np1b1/2p2pp1/1P5p/q1Pp1P2/3P3N/P1N1PKPP/R1BQ1B1R w kq - 0 12,3
rnbqkbnr/1pp1pp1p/3p2p1/p7/4P3/P2P1P2/1PPK2PP/RNBQ1BNR b kq - 0 6,0
rnbqkbnr/ppp2p2/3pp3/6pp/2P1PP2/7N/PP1PQ1PP/RNB1KB1R w KQkq - 0 6,3
rnbk1b1r/pp1p1p2/B1p2np1/4p2p/P1R1P3/5Q2/1PPP1PPP/1NB1K1NR b K - 4 9,3
r2qk1nr/ppp1bp1p/2n3p1/4p3/1P5P/3P2Pb/P1P1QP2/RNB1KBNR b KQkq - 2 9,3
r2qkbnr/pp2ppp1/2n4B/2pp1b2/2PP4/1P3P2/P3P1PP/RN1QKBNR w KQq - 1 9,3
rn2k1nr/pp2pp1p/3pb1pb/2p2P2/q1P2K2/1P1P3P/P3P1P1/RNB1QBNR w kq - 6 11,1
rnbq2nr/p2pp1Qp/2p1k1p1/5p2/1Pp2P2/5N2/P2PP1PP/RNB1KB1R w KQ - 2 11,3
rnbqkbr1/1Bppp1pp/p6n/8/P4p1P/5PP1/1PPPP3/RNBQK1NR b KQq - 0 6,3
r1bqkbn1/2ppp1p1/pp5r/n4p1P/7P/8/PPPPPP2/RNBQKBNR b KQ - 2 11,0
rnb1k2r/pp3ppp/2pp1q1n/2bN3P/1P2p1P1/8/P1PPPP2/R1BQKBNR w Qkq - 0 9,3
1n1qkbn1/1pp3Qr/3pp2p/5pp1/7r/1P1P1N1b/PBP1PPPP/RN1K1B1R w - - 0 13,3
r1bqkb1r/1pp1p1pp/p2p4/n7/3PPN2/PPPQ2PP/5n2/RNB1KB1R w KQkq - 0 11,3
rnbqkb1r/p2ppNp1/2p2n2/1p5p/5Pp1/N7/PPPPP2P/R1BQKB1R w KQ - 2 9,3
rn1qk1r1/1bppb2Q/p5p1/3np3/Np2pP2/3P3P/PPP1NKP1/R1B2B1R w q - 1 13,3
rnbqkr2/p1pp1ppp/3b3n/1p4N1/3PpP2/N2QP1P1/PPP4P/R1B1KB1R b KQq - 4 8,3
rnb1kb2/2ppqr2/1p2pnpp/p4p2/P1P3PP/Q2P1P1N/1P2PK2/RNB2B1R w q - 2 11,3
r1b1kbn1/pp2pp1r/n1q4p/3p2p1/1NpP2P1/P1P1PQ2/1P3P1P/R1B1KBNR b KQq - 1 10,3
r1bqk1nr/p1ppb1p1/n4p2/1B2p2p/3P4/1p2PP2/PPP2KPP/RNQ1B1NR b kq - 3 10,3
rnbqkbnr/1p3pp1/p2pp3/2p4p/5PP1/1PN4N/P1PPPKBP/R1BQ3R b kq - 1 7,0
rnb1kbr1/p1ppq1pp/1p2p2n/5p2/3P1P1P/PPNQP3/2P2KP1/R1B2BNR b q - 2 11,3
rn2kQn1/pbpq1p1r/6p1/1p1pp2p/2PP4/7P/PP2PPPR/RNB1KBN1 b Qq - 0 9,1
rn1qkb2/1b1p1ppr/p3pn1p/1pp5/2PP2PP/NP2PN2/P4P2/R1BQKB1R b KQq - 1 9,3
rnbqkbr1/1pp4p/3p1p1n/pN2p1p1/8/P3PP1P/1PPP2P1/RNBQKB1R w KQq - 0 8,3
rnbk1bnr/1pp5/3pp2p/p2qB1p1/3Pp1QP/N5P1/PPP2P2/R3KBNR b KQ - 4 13,3
rnbqk1nr/pp1p1ppp/2p1p3/8/1b1P4/2N5/P1PKPPPP/R1BQ1BNR w kq - 0 6,0
rnbq1k1r/p1ppppbp/1p3n2/6p1/2PP4/1P4PN/P2NPP1P/R1BQKB1R b KQ - 1 6,2
r2qkb1r/2p1pp1p/2np1p1n/p7/2p1P3/P2P3Q/1P2KPPP/R1B2BNR b k - 0 13,2
1r1qk2r/ppp1ppbb/2n4n/3p2pp/PP3PP1/2P4Q/3PP2P/RNB1KBNR w KQk - 1 12,3
r2qk2r/1bpp1ppp/2nbp2n/pp6/P5PP/1PP2N1B/3PPPR1/RNBQK3 b Qkq - 6 9,3
r1q1kbnr/p4pp1/n2p4/1p2pb2/2p1P1Bp/P4P1N/1PPPR1PP/RNBQ2K1 b kq - 1 11,3
r1bqkbnr/1ppp1p2/2n1p1p1/p3P2p/2B5/7N/PPPP1PPP/RNBQ1K1R w kq - 0 6,3
rn1qkbnr/pppb1pp1/7p/B2p3P/5P2/N2p4/PPP1P1P1/R2QKBNR b KQq - 3 9,3
rn3bnr/p2q1k1p/bp1pppp1/B1pP4/8/N4P1P/PPP1P1P1/2RQKBNR b K - 3 11,3
r1bqkbnr/p2p2p1/np5p/2p1pp2/2P1P1PP/3P4/PP1KBP2/RNBQ2NR w kq - 0 8,0
r1bq1b1r/ppppkp1p/4p1nn/6N1/4P1P1/5P2/PPPP3P/RNBQKB1R b KQ - 0 8,0
1rbqkbnr/6pp/ppp5/3p1p2/Pn1PpN2/1PN1Q3/2P1PPPP/R1B1KBR1 w Qk - 0 12,3
rnbqk2r/p1ppp2p/1p5n/5pp1/2P5/1P4PN/PbQPPP1P/RNB1KB1R b Qkq - 4 7,3
r1b1kbnr/2pp2p1/ppn5/3Nppqp/2P1PNP1/1Q1P1P1P/PP6/R1B1KB1R b KQkq - 3 13,3
rnb1kbnr/pp2q1pp/4pp1P/2pp4/5P2/P1P1P3/1P1PK1P1/RNB1QBNR b kq - 0 9,0
rnbq1bnr/1p1kpp1p/2p5/p2p2p1/7P/5NP1/PPPPPP2/RNBQKB1R w KQ - 0 6,0
r3kbnr/pb2p1pp/1p1qN3/3p4/1np2pP1/N1P4P/P2PPP2/R1BQKBR1 b Qkq - 2 11,3
r3kb1r/1bp1p1p1/2n1qp1n/pp1p1P1p/3PP1B1/2B2N2/PPP3PP/RN1QK2R b KQkq - 8 13,3
rnbq1bnr/p1pp1pp1/1p4k1/3Pp2p/1PP2B2/N2K3N/P3PPPP/R2Q1B1R w - - 0 13,3
rnb1kbnr/2pp2pp/pp6/4pp2/4P2P/q2P4/PPPB1PPR/R1Q1KBN1 b Qkq - 1 7,3
rnbq2nr/pppkbppp/4p3/3p4/8/6PN/PPPPPP1P/RNBQKBR1 w Q - 1 6,0
rnbqk1nr/2ppp2p/pp5b/5pp1/PP2P2P/6P1/2PP1P2/RNBQKBNR w KQkq - 0 6,3
r1b2rk1/2pp1p1p/ppn1pp1n/3B2q1/2P3P1/1P5P/P2PPK2/RN2Q1NR w - - 0 12,3
r1b2bnr/ppp1kp1p/n2p2p1/4p1P1/7q/P1P2P1B/1P1PP2P/RNBQ1KNR w - - 2 9,2
rnbqk1r1/p2p1p1p/5P2/1pp1p1pn/1P5P/5K2/PbPPP1P1/RNBQ1BNR w q - 0 13,3
rnbqkb1r/pp2pppp/2p5/3P4/6n1/5P1P/PPPPB1PR/RNBQK1N1 b Qkq - 0 7,3
r1bqk1r1/pp3ppp/n2b4/3pp2B/P1p1n3/1PP1P3/2QP1PPP/R1B1K1NR b KQq - 2 12,3
r1b1kbnr/pp1ppp1p/n2Q4/2P3p1/5q2/5NPP/PPP1PP2/RNB1KB1R b KQkq - 1 6,3
r1bqkb1r/pp2p2p/n1pp1ppn/8/P2P2P1/2P4N/1P1NPP1P/R1BQKB1R b KQkq - 1 7,0
1rbqkbnr/pp2pp1p/3p2p1/2p5/1n2PP2/2N3P1/PP4BP/R1BQK1NR b k - 1 9,0
rnb2bnr/pp1qkppp/2pp4/4p3/6P1/PPPP4/3KPP1P/RNB1QBNR w - - 1 8,2
r3kb1r/p2qnp2/np6/1Bppp1pp/3PP2P/NPP2b2/P2B1P2/RQ2K1NR w KQkq - 0 13,3
rnbq1b1r/R1ppkp2/1p3n2/4p2p/1P5p/2N3P1/2PPPP2/2BQKBNR w K - 2 11,3
1rbqkbnr/ppp3pp/n2pp3/5p2/P2P3P/BP6/2PKPPP1/RN1Q1BNR b k - 1 6,0
rnbqkb1r/1ppppp2/8/p5pp/N2P2n1/5P1N/PPPQP1PP/R1B1KBR1 b Qkq - 1 7,3
rnbqk1nr/pppp1ppp/8/4p3/1PP2P2/b3P3/P1QP2PP/RNB1KBNR w KQkq - 0 6,3
rnbqkb1r/pppp1pp1/7n/4pP2/3PP1Pp/2P4N/PP2B2P/RNBQK2R b KQq - 1 8,3
1rq1kbnr/pp2p1p1/2p1np2/5P1p/PPNp4/4Q3/2PP1PPP/1RB1KBNR w Kk - 2 12,3
r3kb1r/pp2pppp/2n2q2/1npp1b2/8/P1QPK3/1PP1PPPP/RNB2BNR w kq - 8 11,3
rn2kb1r/p3pppn/4q2p/1bpp4/1P2PQP1/N1P4N/PBKP1P1P/R6R b kq - 1 13,3
1n1qkbnr/rb1pp3/1pp3pp/pN3p2/1P1P2P1/4PPNP/P1PK4/R1BQ1B1R w k - 2 12,3
rnbqkbr1/ppp1p2p/8/3p1pp1/P2P1N2/2N1P1P1/1PP2P1n/R1BQKB1R w KQq - 2 8,3
r1b1kbnr/pp1pppp1/n1p5/q6p/2P2P2/2NP4/PP2P1PP/R1BQKBNR w KQk - 1 9,0
1nbqkbnr/1rp1pp2/p2p3p/1p4P1/P6P/1PNP4/1BP1P1P1/2RQKBNR w K - 2 10,3
r1bqkb2/ppppp2p/n6n/5pr1/7P/P5P1/1PPPPP2/RNBQKB1R w Qq - 0 8,0
rn1qkbnr/1pp2p2/p2pp3/B5pp/b1PP4/3Q1P2/PP2PNPP/RN2KB1R b KQkq - 3 9,0
r1bqkb1r/ppp2p1p/4pn2/3p2p1/PP6/1nN1P2P/2PPKPPR/R1BQ1BN1 w kq - 0 9,3
rnbqkb2/1p1ppp1r/5nN1/2p4p/PpP5/6PP/3PPPB1/RNBQK2R b KQq - 0 10,3
1rbqkb2/nppp1p2/p5pr/3n3p/4P2P/1P5R/P1PBPPP1/RN1QKBN1 w Q - 0 12,3
1nb1k2r/1pp1n1b1/r2p2pp/p2Ppp2/5Q2/1P2P1PN/P1P1KP2/RNB2B1R b k - 0 13,3
rn2kb1r/2pqpppp/p7/1p3P2/1P1pP1n1/P2B1N1b/2PP1KPP/RNBQ3R w kq - 3 9,1
rnb1k1r1/p1pp2pp/1p1b3B/4pp2/3P4/1N4Pq/PPP1PP2/R2QKBNR w KQq - 2 12,3
rnbqk1r1/pp1pppbp/2p4n/3B2p1/2P3P1/3P4/PP2PP1P/RNBQK1NR w KQq - 4 6,3
rnb1k2r/pppp1pp1/3q1nP1/P3p1Np/8/4PP2/1bPP3P/1NBQKB1R w Kkq - 1 11,3
1rbqkb1r/p2pppp1/1p6/n1p4n/P4P1p/3PK2N/1PPNP1PP/R1BQ1B1R w k - 0 11,0
1rb1k1nr/p1ppqp1p/2n3p1/1N6/P1Pp4/4PPPP/1P2K3/R1BQ1BNR w k - 1 11,3
rnbqk1nr/p3b2p/1p2ppp1/2pP2P1/P4P2/3PB3/1P2P2P/RN1QKBNR b KQkq - 0 8,3
r3k2r/p1p1q2p/np3p1n/4pbp1/1PPP4/b3P1NP/P4PPR/RNB1K3 b Q - 0 13,3
r1bqkb1r/pp1npp1p/3p1np1/2p1P3/Q7/P1P5/1P1P1PPP/RNB1KBNR w KQkq - 2 6,3
rnbqkb2/3p1p1r/5n2/ppp1p1pp/5P2/1PNP2P1/P1P1P2P/R1Q1KBNR b KQq - 1 9,2
r1bqkbnr/1pp1p1pp/p3n3/3p1p2/P7/2P1P1P1/RPQP1P1P/1NB1KBNR w Kkq - 0 7,3
2bqkbnr/1ppppp1p/2n5/r5p1/pP1B2P1/3P4/P1P1PP1P/RN1QKBNR w KQk - 4 7,3
rnbqk2r/1p1p1ppp/p1p1p3/3P4/5P2/bP1n4/P1PBP1PP/RNQK1BNR b kq - 0 9,3
rnbqk1nr/2pp2pp/3b4/pp2pp2/2P1P3/5QP1/PP1P1P1P/RNB1KBNR w KQkq - 0 6,3
r1b1kb1r/p1pqpp2/np1p3n/7p/2P1B1pP/4PP1N/PP1P1KP1/RNBQ3R w kq - 0 9,3
r1b1kb1r/p1ppnppp/1pn5/4p3/2P4P/q5PN/PP1PPP1R/RNBQKB2 b Qkq - 1 7,3
rnq2bnr/p2bp1p1/5k1p/1ppp4/1P1P2P1/N1P1B3/P3PP1P/RQ2KB1R b KQ - 6 12,3
r1bqk1nr/pp1ppp1p/2p3pb/8/P1Pn4/4PNP1/1P1K1P1P/RNBQ1B1R w kq - 1 8,0
rnb2knr/1pp2p2/p2q4/3pp1pP/Pb6/N3PP1N/1PPP3P/R1BQKB1R b K - 0 10,3
rnbqk1nr/p1p4p/3p1p2/1p2p1p1/PP1P1BP1/R1P2P1P/3KP2R/1N1Q1BN1 b kq - 1 11,3
rnb2b1r/p3k1pp/P5Pn/2pppp2/2p5/B6N/P1QPPP1P/RN2KB1R b KQ - 1 11,3
1nb1k1n1/rp1pq1pr/2pb1p1p/p3p3/P5P1/BP2P1N1/2PPNPBP/R2QK2R b KQ - 2 11,0
1rbqkbnr/ppp3p1/4p2p/5p2/2p2PPP/3P1P2/PP6/RNBKQBNR w k - 0 10,3
1nbqkbnr/1pppp1p1/4r2p/p4p2/8/NP1PP2P/P1P1QPP1/R1B1KBNR w KQk - 3 7,0
rnbqk1nr/2p1pp2/1p1p3p/6p1/p2P4/2NP1PP1/PPPB1NBP/2RQK1R1 b kq - 1 12,0
rnbqkb1r/1pppp3/4p3/p5pp/P5n1/1P5P/R1PPPPP1/1NBQKBR1 w kq - 0 10,0
rnbq1bnr/p1pp1k2/1p5p/4pppP/4P3/P5PN/1PPPKP1R/RNB1QB2 b - - 2 9,3
r1b2bnr/p3p1p1/np1qk2p/2pp4/2P1Pp1P/PP5R/2QPNPP1/RNB1KB2 w Q - 1 11,3
r1bqkb1r/2npp1pp/2p2n2/pp3p2/3P1P2/P1P5/1P2P1PP/1RBQKBNR b Kkq - 0 8,0
1nb1k3/rppp1p1p/p6b/4pPrq/1P3Pp1/P1P5/2QPN1P1/RNB1KBR1 b Q f3 0 13,3
rnb1kbnr/1p1pp1pp/p7/2pQ1p2/2P1P3/2NP4/P4qPP/R1BK1BNR b kq - 1 8,3
r1bqk1nr/1pppbp1p/n5p1/p3p3/P4P1P/4P1PR/1PPP4/RNBQKBN1 b Qkq - 2 6,3
r1bqk1nr/1ppp1p1p/n3p1p1/2P1b3/p4PP1/7P/PPQPP3/RNB1KBNR w KQkq - 1 10,3
r1bnkbn1/pp1pp1pr/7p/2p2p2/qPP1P3/B4Q2/P2PBPPP/RN2K1NR w KQq - 1 9,3
br1qkb1r/p1pnpp2/1p4p1/3p1n1p/1P2P3/4QN1P/P1PPBPPR/RNB1K3 w Qk - 2 11,3
rnbq2nr/2p1kpp1/p2p3p/1p2p3/2PP4/P7/1R1NPPPP/1NB1KB1R w K - 0 10,3
2bqkb1r/1ppppppp/1rn5/p7/2PPP1nP/1P3Q2/P4PP1/RNB1KBNR w KQk - 1 7,3
rnbqkbnr/3pp2p/2p2p2/pp4p1/2P1P3/1P1P1P2/P2N2PP/R1BQKBNR b KQkq - 0 6,0
r3kb1r/1pp1ppp1/p1nq3n/4P2p/P2p4/3PBP1P/1PP2KBP/RN1Q2NR b kq - 1 9,3
1r2kbnr/pppqp3/4bppp/2n2PB1/1PpP4/3BP2P/P3QKP1/RN4NR b k - 1 13,3
r1b1kbn1/1p1pp1pr/1qn2p1B/p6p/1P1Q1P1P/P1P5/R3P1P1/1N2KBNR b Kq - 0 9,3
r1bq1b1r/pppnk3/4P2p/3p2p1/N1PPn2N/3Q2PP/PP3P2/R1B1KBR1 b Q - 4 13,3
2bqkbnr/rp1pp3/n1B2pp1/p1p5/3B3p/1P2PNP1/P1PPKP1P/RN1Q3R b - - 3 12,3
rn1q1knr/2p1pp1p/p6b/1p1p3P/6p1/N2PPPKb/PPP1B1P1/R1BQ2NR w - - 1 10,3
rnbqk2r/1ppp1pb1/p4n2/4p1pp/2P1P3/P2P2PN/1PQK1P1P/RNB2B1R b kq - 1 8,2
r1bqkb1r/pppp1p1p/7n/4p1p1/1n6/B4P2/P1PPP1PP/RNQK1BNR w kq - 0 6,0
rnbq1bnr/3ppk2/p6p/3N2p1/2p1Pp1P/7Q/PPPP1PP1/R1B1KBNR b KQ - 0 10,2
r1bqkb2/p2ppppr/1p4np/2Q4n/2P5/2N1PN2/PP1PBPPP/R1BK3R w q - 1 11,3
1nb1kbnr/rp1pp1pp/4q3/5p2/p2pP3/P1P2Q1N/1P3PPP/RNB1KB1R w Qk - 4 10,3
1rbq1b1r/p1ppk1pp/1pn2p1n/2P1p3/6P1/4PQ1P/PP1P1PBR/RNB1K1N1 b - - 2 10,3
rn1qkb1r/ppp4p/5p1n/2P1pPp1/P2pP3/5KPb/1P1P3P/RNBQ1BR1 w kq - 0 12,2
r1bqkbnr/p1p2ppp/2n5/1p1pp3/8/2N3PP/PPPPPP1R/R1BQKBN1 w Qkq - 0 7,3
r1bqk1nr/ppppbpp1/n7/4p1Q1/7p/P2P3P/1PP1PPP1/RNB1KBNR w KQkq - 2 6,3
rnbqk1nr/1ppp1p2/4p1pp/p1b2B2/7P/2P3P1/PP1PPP1R/RNBQK1N1 w Qkq - 0 7,3
rnbqkb1r/p1p1p1pp/3p1n1B/5p2/1p1P4/PPP4N/4PPPP/RN1QKB1R b KQkq - 0 6,3
r1bqkbnr/p1p2p1p/4p3/np4p1/P2p3P/1P1P1NPR/2P1PP2/RNBQKB2 w Qkq - 0 8,3
r3kbnr/p3pppp/1pp1b3/3p4/Pq1n2P1/1PP5/1B1PPP1P/RN1QKBNR w KQkq - 1 9,3
rnbqkbnr/p1p1p1p1/8/3p4/1pPN1Ppp/1P6/P2PP2P/RNBQKB1R b KQkq - 1 9,0
rnb1kbnr/pp4p1/3P3p/q3Np2/8/2P5/P2PPPPP/RNBQKB1R b KQkq - 0 7,3
r2kqbnr/1bp2ppp/1pn1p3/p2p4/1P1P2P1/2P4P/PB1NPP2/R2QKBNR b Q - 0 10,3
r2qkbnr/p1ppppp1/2B5/7p/1p6/4P1PP/PPPP1P2/RNBQKbNR w KQkq - 1 7,3
rn1qkbnr/ppp3pp/5p2/3p1b2/4p3/1P3NP1/P1PPPP1P/RNBQKB1R w KQkq - 1 6,3
rnb2b1r/1pkpq1pp/2p5/p4pB1/3pPPnP/P1PB1NP1/1P1K3R/RN1Q4 b - - 2 12,3
r1b1kb1r/p2p1ppp/np2p3/2p2n2/2PP3Q/N3P2N/PP3KPP/R1B2B1R b kq - 1 9,3
rn2k1nr/1bppqpp1/1p6/p3p1Q1/6P1/bBP5/1P1PPP1P/RNB1K1NR b KQkq - 5 10,3
rn1qkbnr/p1p1ppp1/p2p4/7p/8/4PN2/PPPP1P1P/RNB1QbKR w kq - 2 7,0
1rbqkbnr/p1p1np2/6p1/1p2p2p/1PB5/2N1PPPP/P1P1Q3/R1B1K1NR b KQk - 1 12,3
r1b2bnr/pp1pqkp1/n3p2p/2p2p2/2B1P2P/5NP1/PPPPQP2/RNB1K2R b KQ - 3 8,3
r1b1kb1r/1p1ppnpp/p7/2p2p2/1P1nP2P/2N2PR1/PBPPQ1P1/R3KBN1 b Qkq - 4 13,3
rnbqkbnr/p1p1p1p1/7p/1p1p1P2/7P/Q1P2K2/PP1P1PP1/RNB2BNR b kq - 0 8,2
r1bqkbnr/2pn4/3p4/pp2ppNp/1P6/P2P1NP1/2P1PP1P/R1BQKB1R b KQkq - 0 10,3
rnbqkbnr/2p1pp1p/p5p1/Pp1p4/3Q4/2P5/1P1PPPPP/RNB1KBNR w KQkq - 2 7,3
rn2k1r1/p3p2p/1pppb2b/2P2pp1/P7/N4PP1/1P1PPK2/R1BQ1BN1 w q - 3 12,3
2bq1bnr/3n1kpp/rp4N1/P1ppp3/2P2P2/P4P2/R2PP2P/1NBQKB1R b K - 0 11,3
rnbqkbr1/p2ppp1p/2p5/1p4p1/3PP1n1/5PP1/PPPQ1N1P/RNB1KB1R b KQq - 0 7,3
r2qkbnr/1bpp3p/1p4p1/p3pP2/PnP2P2/1P6/R2PP2P/1NBQKBNR b Kkq - 0 9,3
r1bqkbnr/p2n1pp1/2p5/1p1Np2p/1P1p1P2/7P/PBPPP1P1/R2QKBNR b KQkq - 3 8,3
rnb1kb1r/pp1ppppp/8/q2N4/6n1/2p2N2/PPPPPP1P/R1BQKB1R w KQkq - 0 7,3
rnbq1bnr/1pp1pkp1/3p1p1p/p7/PP1P4/6P1/2P1PP1P/RNBQKBNR b KQ - 0 6,0
rnbqk2r/ppp2ppp/3ppn2/8/5N2/1P1Pb1P1/P1PBQP1P/RN2KB1R b KQq - 1 8,3
1nbqkbnr/1p1pppp1/1rp4B/pP6/P6P/2PP4/4PPP1/RN1QKBNR b KQk - 0 8,3
1rbqkbnr/1nNppp1p/pp4p1/8/3P4/5P1P/PPPQP1P1/1RB1KBNR b Kk - 0 8,1
r1bqkb1r/p3pppp/1p5n/3p4/2pP1B1P/P2n1PPB/1PP1P3/RN1Q1KNR w kq - 2 9,3
rnbq1br1/pp1Qnkp1/8/P1p1pp2/1P3P1p/2PP3P/4P1P1/RNB1KBNR w KQ - 0 10,3
2b1kbn1/prqp1p2/n5Pr/1pp1p1Pp/P2P3P/8/1PP1P1B1/RNBQK1NR b KQ - 2 13,3
r1bqkb1r/p1ppp1pp/1pn4n/5p1P/5P2/N1P5/PP1PP1P1/R1BQKBNR b KQkq - 0 6,0
rnbqkbnr/pppp1ppp/4p3/8/2P5/1PNP3P/P3PPP1/R1BQKBNR w KQkq - 0 6,0
r1bq1b2/pp1pkp1r/n6n/2p1p1pp/1PP2PP1/P1KPP2N/4B2P/RNBQ3R b - - 2 13,3
1nbqkb1r/1ppppp1p/r6n/6p1/pP3B1P/2NP1NP1/P1P1PP2/R2QKB1R w KQk - 0 8,3
rnbq1bnr/3kpppp/3p4/ppp5/P3P3/7N/1PPP1PPP/RNBQKB1R w KQ - 0 6,0
rnb1kbnr/2ppqp2/pp4pp/4p3/PPP5/1Q1PB2N/3NPPPP/R3KB1R b KQkq - 1 8,0
2b2bnr/rp3ppp/pnpkp3/Q2p4/P3P1P1/3P3N/1PP2P1P/RNB1KB1R w KQ - 1 12,3
r1B1qbnr/p1p1p1pp/b4pk1/1p6/P3PP2/3n1NP1/1PPP3P/RNBQ1RK1 b - - 2 10,3
rnbq1bkr/1pp1p1pp/7n/pB1p1p2/P7/2P1P2N/1P1P1PPP/RNBQK2R w KQ - 1 8,0
rnbqkbr1/3ppppp/pppn4/8/3P3N/2P1B3/PP1QPPPP/RN2KBR1 w Qq - 4 8,0
rn1qkbnr/pp2pppp/2pp4/1N3b2/5P1P/4P1P1/PPPP1R2/1RBQKBN1 b kq - 2 9,3
r1b1kb1r/ppp1npBp/4p1pn/3p4/PP4q1/4PP2/2PPK2P/RN1Q1BNR b kq - 1 13,3
rnbqk2r/p1pp1p1p/1p3n2/4p1p1/2B1P3/bQ6/PPPP1PPP/RNB1K1NR w KQkq - 4 6,3
rnb1kb1r/ppp1p1p1/3q1p1p/3p1n2/4P3/1QP2P1P/PP1P2P1/RNBK1BNR w kq - 2 7,3
r1bq1bnr/1nppk1pp/8/pp2pPN1/2PP3P/P4PP1/1P6/RNBQKB1R b KQ - 0 11,3
1nb1k2r/rp1pbppp/2p5/p1q1p3/3P1PP1/N1P5/PP2P2P/R2QKBNR b KQk - 2 9,3
r1bq1b2/1pppkpp1/p1n4n/4p1r1/P1PN2Pp/R7/1P1PPP1P/1NBQKB1R w K - 7 10,2
1nbqkbn1/r3p1pr/p6p/1ppp1pQ1/P2P3P/5N2/1PP1PPP1/RNBK1B1R b - - 1 9,3
r1b1kbnr/2np1pp1/1pQ1p2p/1Pp5/7N/P3P2q/N1PP1P1P/R1B1K2R b KQkq - 1 12,3
rn1qkbnr/2p1p3/1p6/p2p2pp/3Pb3/7P/PPP1KPPR/RNBQ1BN1 b kq - 3 11,3
rnb1kbnr/pp2Bp2/1q1p4/1p5p/6P1/P2P4/1PP1PP1P/RN2KB1R w KQkq - 1 10,3
rnb1kb1r/p3pppp/7n/qppp1Q2/PPP5/B1N2P1P/3PP1P1/R3KBNR b KQ - 1 13,3
rn1qkb1r/1bp1p1pp/1p5n/p2p4/1PP1pP1P/P7/3P2PR/RNBQKBN1 w Qkq - 1 8,3
rn1qkb1r/3ppp2/bpp2n1p/p5pP/3P1Q2/4P3/PPP2PP1/RNB1KBNR b KQkq - 1 10,3
1nbq1bnr/r1pppk2/p1P3pp/1p6/1Q3p2/P6P/1P1PPPP1/RNB1KBNR b KQ - 0 9,2
rn1qkbnr/p3p3/1p3p2/2pP1bpp/2PP1P1P/P5NQ/1P4P1/R1B1KBNR b KQkq - 2 12,3
r1bqkbnr/p2pp1p1/n1p5/1p3p2/3PQ2p/N6N/PPP1PPPP/1RB1KB1R b Kkq - 1 7,2
rnbq2nr/2p1pkbp/pp1p1p2/6p1/1PP3P1/N2P3R/P3P3/R1BQKBN1 b Q - 0 12,0
rnbq1bn1/2pkppp1/1p1P4/p5Nr/4P3/5P2/PP1P2PP/RNB1KB1R b KQ - 0 8,3
rn4nr/pppqpkbp/4b3/3p1pp1/3P4/1PBBP2P/P1P2PP1/RNQ1K1NR b KQ - 4 9,0
rn1qkb1r/1b1ppp2/1ppB1npp/p7/3PP1P1/1PN2N1P/P1P2PB1/R2QKR2 b Qkq - 0 11,3
r1b1kb1r/1pppqpp1/p1n1p2p/7n/4P1P1/2P2N1P/PP1P1P2/RNBQKB1R w KQkq - 1 8,3
rnb1kbnr/p1qp2p1/8/1pp1p2p/1PP2pP1/7P/P2PPP2/RNBQKBNR b KQkq - 0 10,3
r1bqk1nr/1ppp1pb1/7p/p3p1P1/P2P2P1/n1P2N2/RP1BPP2/1N1QKBR1 w kq - 0 12,3
rnbqkb1r/ppp1pp1p/5np1/1N1p4/6P1/P4P1N/1PPPP2P/1RBQKB1R w Kq - 1 8,3
rnbqkbn1/pp1p2pr/5p2/2p1p2p/B6P/6P1/PPPPPP1R/RNBQK1N1 b Qq - 3 7,0
r2k1bnr/nbpp2p1/p3pq1p/5p2/P3P3/2p2NPP/1PPP1P2/R1BQKB1R w - - 0 13,3
rn1qkb1r/p3pppp/8/1ppp1bB1/3P2nP/NP6/P1P1PP2/R2QKBNR b KQkq - 1 9,3
r1bq1k1r/1ppp1p2/n4n2/4p1p1/pbNPP1p1/4Q2N/PPPB1PBP/R3K2R w KQ - 0 12,3
rnbqkb1r/p2ppp1p/2p2n2/1p4p1/P4P2/RP1P2PP/2P1P1B1/1NBQK1NR b Kkq - 1 9,3
rnb1qbnr/p1Nk3p/1p1p1p2/2p3p1/1P1PpP2/2P4P/P2BP1P1/R2QKBNR w KQ - 3 11,3
rnbq1knr/ppp2ppp/3pp3/6b1/3P3P/1PN2P2/PBP1P1P1/R2QKBNR b KQ - 0 6,3
rnbqkbr1/2pppppp/1p6/p6n/7P/NP3PP1/P1PPP3/R1BQKBNR w KQq - 3 6,2
r1b1kb1r/p2pnp2/np2pqp1/2p1P2p/8/8/PPPP1PPP/RNB1KBNR w KQkq - 0 9,3
rn1qkbnr/p3pp2/bp5p/2p3p1/2p5/1P1PP2N/P1N2PPP/R1BQKB1R w KQkq - 0 8,3
rn2kbnr/p3p1pp/1qp2p2/1p1p4/6P1/BPNP1P1b/P1P1P1BP/1R1QK2R b kq - 3 10,3
rnb2bnr/p3pk1p/1qpN4/1p1p2p1/1P3P2/4P1P1/P1PP1K1P/RNBQ1B1R b - - 4 9,1
rnbqkb1r/p1pp2pp/4pp2/1p2Nn1P/3P4/8/PPP1PPP1/RNBQKB1R w KQkq - 2 6,3
2bqk1nr/rppnb2p/p3pp2/3p2p1/2PN2P1/3PB3/PP2PP1P/R2QKBNR w K - 5 12,3
r1b1kbnr/pp2p1pp/n1pq1p2/1B1p4/P2PP3/N7/1PP2PPP/R1BQK1NR b KQkq - 0 6,3
rn1qkbnr/p2b4/4QppB/2p5/1p6/4P2N/PPP2PPP/RNK2B1R b kq - 0 11,1
rnbq1bnr/p1pkp2p/5p2/1p1p2p1/PP6/N7/2PPPPPP/R1BQKBNR w KQ - 0 6,2
rnbqkbn1/1pppp3/2P2p1r/p5p1/4P2p/2N2P1N/PP1P2PP/1RBQKB1R w Kq - 0 9,3
r2qkb1r/pppbppp1/8/3p1n1p/Pn1P2P1/BP3P1B/2P1P2P/RN1QK1NR w KQkq - 0 8,3
r3kbn1/2p1q1pr/1p1p1p2/p3pb1p/1nP2PPP/NP1P1N2/P2QP2R/R1B1KB2 b Qq - 3 13,3
rnq1kbn1/4p2r/p3b1p1/1Npp1p2/3P1P2/3BP1PP/PPPB4/R3K1NR b KQq - 2 12,3
rnbqkb2/pppppp2/4r1p1/6Qp/4P3/2P3PN/PP1P1P1P/RNB1KB1R w KQq - 0 7,3
rnb1kbnr/1pp1q1pp/p3pp2/3p4/2P2P2/2N4N/PP1PP1PP/R1BQKB1R w KQkq - 1 6,2
rnbqk1nr/3pb1p1/1p2p2p/p1p2B2/4P3/P2PB1PN/1PP2P1P/RN1QK2R b KQkq - 1 10,0
r1bqkbnr/pp1n2p1/5p2/1P1pp2p/P1B1P3/8/2PP1PPP/RNBQK1NR b KQkq - 2 8,3
rn2kbn1/p1p1p1pr/3qBpPp/3p4/8/p4N2/1PPPPP1P/RNBQ1RK1 w q - 2 10,3
rnq1k1nr/2p3bp/3pppp1/pp6/PP4bP/4PP2/2PPK1PR/RNBQ1BN1 b kq - 1 10,3
rn2k1nr/p1q1ppbp/1p3Bp1/3N4/PP1p2b1/4P3/2P2PPP/R2QKBNR w KQkq - 1 12,3
rnbqkb1r/2ppp3/5p2/p5pN/p3P1n1/1P3P2/2PPK1PP/RNBQ1B1R w kq - 2 11,3
rn1qkbnr/2p2ppp/p2pp3/1p6/1P6/1bN1PP1P/P1PP2PR/R1BQKBN1 w Qkq - 3 8,3
2b1kbn1/3pp1pr/r4p2/ppp4p/2PnP3/N4Pq1/PP1P1QBP/R1BK2NR w - - 0 13,3
r1b1kb1r/p2npppp/7n/1ppp4/2P1qP1P/PQ1P4/1P2P1P1/RNB1KBNR w KQkq - 0 11,3
rn1q1bnr/ppp1pkp1/5p1p/1P1p4/P7/5Q2/2PP1PPP/RNB1KBNR w KQ - 0 9,3
rnb1kb1r/pp1pp2p/1q5n/2p1Ppp1/3P4/N7/PPPB1PPP/R2QKBNR w KQkq - 3 7,3
rnbqkbr1/pp1pp1pp/2p5/5p1n/P1P1PP2/1Q3NP1/1P1P3P/RNB1KB1R b KQq - 0 7,3
r1bqkb1r/pp1pp2p/2p5/1P3pp1/1nN3n1/6PN/P1PPPP1P/R1BQKB1R w KQkq - 0 8,3
r1bqkbr1/3ppppp/7B/p1p4n/1pn2P1P/P1PPP2R/1PQ1K1P1/RN3BN1 b q - 1 11,3
rnbqkb1r/ppp1pp2/3p3p/6p1/1P2N1P1/3P4/P1PKPP1P/R1BQ1BNR b kq - 1 6,0
rnb1kb1r/p2pp1pp/1pp2p1n/8/2P1P1q1/4KN2/PP1P1PPP/RNBQ1BR1 w kq - 2 11,0
rnbqkbnr/2p1pp2/1p4p1/p2p3p/4N1P1/1P1P4/P1P1PP1P/R1BQKBNR w KQkq - 0 6,3
rn1qkb1r/pp1bp1pp/3p1n2/2p2p2/P7/N1P4N/1PQPPPPP/R1B1KB1R w KQkq - 0 6,0
rnbq1bnr/2pppkp1/1p6/p4p1p/4P1PP/2NP1Q2/PPP2P2/R1B1KBNR b KQ - 0 6,3
rnbqkbnr/pp3p1p/P2pp3/2p3p1/8/2N4N/RPPPPPPP/2BQKB1R b Kkq - 1 6,0
rnb1k2r/p3bnpp/1qppN3/1p2Np1P/4P3/1K1P4/PPP2PP1/R1BQ1B1R b kq - 0 13,3
rnb1k1nr/pp1q1ppp/2p5/3N4/3p4/b1B1P3/PPP1BPPP/R2QK1NR w KQkq - 0 8,3
rnbqkb1r/3ppppp/1p5n/p1p4P/3P4/P7/1PP1PPPR/RNBQKBN1 w Qkq - 0 7,3
rnbk2nr/2p1bp1p/pp4p1/3pP3/P6q/2N3P1/1PPPP1R1/R1BQKBN1 b Q - 1 10,3
rnb1kbnr/6p1/1pppp2p/p4pq1/1P5P/P1PP2B1/R1Q1PPPR/1N2KBN1 w kq - 0 12,3
r1bqk1r1/2pp2p1/ppnb1n2/4ppN1/2P4p/P6P/1P1PPPP1/RNBQKBR1 w Qq - 1 12,0
rnb1k1nr/p2p1p1p/1bp3p1/1p2p1P1/4PQ2/NP6/P1PPB1PP/R1B1K1NR b KQkq - 2 10,3
rnbk1bn1/pp1ppppr/1q6/1Np4p/5P2/7N/PPPPP1PP/1RBQKB1R b K - 5 6,0
r1bqkb1r/ppp2p1p/5n2/3p4/P1np2P1/NPB2P2/4P1PR/R2QKBN1 b Qkq - 0 11,3
rnb1kb1r/pppqpppp/3p4/8/3nP1Q1/3B4/PPPP1PPP/RNB1K1NR w KQkq - 6 6,3
r1bqk1nr/1pp2pp1/2n2b2/p2pp3/4P2p/1PPP3P/P4P2/RNBQKBNR w KQkq - 0 11,0
r2qkbnr/2p1pppp/1pn5/p2p1bB1/8/P2P4/1PPKPPPP/RN1Q1BNR w kq - 0 6,0
r1b1kb1r/pp2ppp1/nq1p1n2/2p4p/PP5P/2P2PPN/3PP3/RNBQKB1R w KQkq - 1 8,0
rnb1k3/pp1p1rpp/2pbp2n/5p2/PPPq3P/R4N2/3PPPPR/1NBQKB2 w q - 1 13,3
r1bqkbnr/p2pp2p/np3p2/1Np5/4P3/7p/PPPPBPP1/1RBQ1KNR b kq - 0 8,2
rn2kbnr/ppp1pp2/7p/3pP3/1P1PN3/q5pb/PRPK1PPP/2Q2BNR w kq - 2 13,3
rnbq1bnr/ppN1pk2/5ppp/3p2B1/P2P3P/7R/1PP1PPP1/R2QKBN1 b Q - 4 8,3
r1bqkb1r/p1p2p1p/1p3np1/n2pp3/3P3Q/P2BP2N/1PP2PPP/RNB1K2R b KQkq - 0 8,3
r1bqkb2/p1p1p1pr/np1p3n/7p/1P3p2/B1N1PP1P/P1PP2PR/RQ2KBN1 w Qq - 4 9,3
r1bq1Bnr/pppp3p/n3kpp1/4p3/P3P1P1/1P2K3/2PPNP1P/RN1Q1B1R b - - 0 9,0
rn1q1bnr/pbp1p1pp/3p4/Pp2kp2/1P5N/2NP4/2P1PPPP/R1BQKB1R w KQ - 1 8,3
r1bqk1nr/ppp2p1p/3bp3/2np2p1/3P4/2K2P2/PPP1P1PP/RNBQ1BNR b kq - 0 9,3
rnb1kbnr/1RPqp3/p5pp/3p4/3P1pP1/N4P1P/P1P1P2R/2BQKBN1 w q - 0 13,3
1rbqkb1r/p1pppp1p/2n4n/6p1/2pP2P1/P7/1P2PP1P/RNBQKBNR w KQk - 0 7,2
r1bq2nr/2pp1k1p/ppn5/1N2Bpb1/P4Pp1/7N/2PPPKPP/2RQ1B1R b - - 0 13,3
rnb1kbnr/pppp2pp/5p2/8/3PpP2/P3P2N/P1P2KPP/RNBQ1B1R w kq - 0 7,0
r1b1k2r/ppqp1p1p/n2b2p1/4p3/PPp1n1PK/N4P1B/2PPP2P/R1BQ2NR b kq - 5 10,3
r3kb1r/2p1ppp1/p6n/1pnp3p/1P3qP1/P1NPP3/RBP1K1PP/4QBNR b kq - 1 11,3
r1bqk1nr/p1pp2bp/np2pp2/1P4p1/8/5P2/P1PPPKPP/RNB1QBNR w kq - 0 7,0
r2qkb1r/p1pbppp1/1p1p1n1p/B7/1n3P2/NP1PQ3/P1P1P1PP/R3KBNR b kq - 12 12,3
r3kbnr/ppp1nppp/3p4/4p3/P1PP3P/N6Q/1PN2PPR/R1B1KB2 w Qkq - 1 13,0
r1b1k1nr/pp1pp2p/1qn2ppb/1Np5/7P/3P3R/PPPQPPP1/R1B1KBN1 w Qkq - 2 7,3
rn1qkb1r/1p1b1p1p/2p3pn/p2p4/4pP1P/4P1PR/PPPP2K1/RNBQ1BN1 w kq - 2 9,3
r1b1k1nr/pppn1p1p/7p/2qpp1B1/6PP/NPP1P3/P5P1/R3KBNR b KQkq - 0 11,3
rn2kbnr/p3pp1p/7q/1p1p2pP/1Pp3b1/2NPP3/P1PQBPP1/R1B1K1NR w KQkq - 1 10,3
rn1q1r1b/pbp1ppkp/1p3n2/3p2p1/1P1P3P/2P1BQ2/P3PPP1/RN2KBNR w KQ - 0 13,3
rnb4r/pppp1p1p/q5pk/2b1p3/3PPn1P/2P5/PP1N1PPR/R1B1KBN1 b Q - 2 13,3
r1bqk1nr/ppp3pp/2nb3B/3ppp2/4P2P/3P1NP1/PPP2P2/RN1QKB1R w KQkq - 2 7,3
rnbqkbn1/p1p1pp2/6pr/1p5p/PP1p1PPP/2PP4/2Q1P3/RNB1KBNR w KQq - 4 12,3
rn2kbnr/p1q1pp1p/1pp5/P2p2p1/8/2P1P2b/1PQP2P1/RNB1KBNR w KQkq - 0 10,3
rnb1k1nr/pp1p2p1/2p4p/P1bqppP1/2Q5/3P1P1P/1PP1P3/RNB1KBNR b KQkq - 0 12,3
rnb1k1nr/ppp1bpp1/4p3/3p4/5P1p/P1PPPqP1/1P1N3P/R1BQKBR1 b Qkq - 0 11,3
r1b1kb1r/pp2p2p/n2p1ppn/1qp5/5P2/P1PP3N/4PKPP/RNBQ1B1R b kq - 1 9,3
1rb2qnr/p1p1p1kp/n2p1ppb/1B6/3PN1PP/4P3/PPPK1P2/R2Q2NR b - - 0 11,3
1rbq1knr/ppp1bpp1/n3p2p/3p2P1/2P5/BP5P/P2PPP2/RN1QKBNR w KQ - 0 8,3
r1bqkb1r/p1p2p1p/2Npp2n/1B4p1/1n6/P1N1P3/2PP1PPP/R1BQK2R w KQkq - 0 9,3
r1bqkb1r/1p1p3p/p1n1pppn/2pN4/2P4P/P1Q5/RP1PPPP1/2BK1BNR b kq - 2 10,0
rn2kbnr/p1qp1ppp/b1p1p3/1p6/1P3P1P/3P1N2/P1PKP1P1/RNBQ1B1R b kq - 3 6,3
r1bq2nr/p1pp1kp1/np1bpp2/6Pp/3BP3/1P5N/P1PP1P1P/RN1QKB1R w KQ - 1 11,3
rnbqkBnr/pp1p1p2/2p1p1pp/8/1b4PP/1P2PP2/P1PP4/RN1QKBNR w KQkq - 3 9,3
rnbq1kn1/p1ppr3/2pb2p1/4pp1Q/3PPP2/P6P/1PPK2P1/RNB3NR w - - 1 13,3
2b1kbn1/p1qpp1p1/nr3p2/p1p4r/4N3/RP1PN1Pp/2PKPP1P/2BQ1B1R b - - 2 13,3
rnbqk1nr/1p1pppb1/2p3pp/B7/2PPP3/7N/PP3PPP/RN1QKB1R b KQkq - 0 6,3
1nbqk1nr/rp1pppb1/2p3p1/p4B1p/1PP5/N3P3/P2P1PPP/R1BQK1NR w KQk - 2 8,3
rn2kb1r/p2p1p1p/b1p1p3/8/1p1PP2q/P1P5/1P1N1n1P/R1BQKBNR w kq - 4 13,3
r1bq2nr/p1pk3p/7b/1p2pp2/6p1/PP3PPP/2PPP1K1/RNBQ2NR b - - 1 12,3
r1bqk1nr/ppp2Npp/n7/3p3P/1P2pb2/N1P5/P2PPPP1/R1BQKB1R b KQkq - 0 8,3
rnbqk2r/p1p3bp/7n/1p1pppp1/3P1PP1/PPN5/2P1PN1P/R1BQKB1R b KQkq - 0 9,3
